{"type":"Feature","properties":{},"geometry":{"type":"MultiLineString","coordinates":[[[180,-16.15],[179.85,-16.21],[179.64,-16.22],[179.36,-16.38],[178.96,-16.48],[178.87,-16.54],[178.81,-16.63],[178.69,-16.67],[178.58,-16.62],[178.5,-16.79],[178.6,-16.8],[178.71,-16.98],[178.8,-16.95],[178.88,-16.89],[179.01,-16.9],[179.06,-16.81],[179.2,-16.71],[179.32,-16.72],[179.35,-16.77],[179.42,-16.81],[179.71,-16.74],[179.93,-16.74],[179.89,-16.67],[179.93,-16.52],[179.84,-16.54],[179.57,-16.75],[179.56,-16.64],[179.62,-16.53],[179.75,-16.45],[179.85,-16.3],[180.0,-16.17]],[[129.57,-31.63],[128.95,-31.7],[128.07,-32.07],[127.32,-32.26],[126.78,-32.31],[126.14,-32.26],[125.92,-32.3],[125.57,-32.51],[125.27,-32.61],[124.76,-32.88],[124.37,-32.96],[124.24,-33.02],[124.13,-33.13],[123.87,-33.6],[123.65,-33.84],[123.51,-33.92],[123.37,-33.91],[123.21,-33.99],[123.07,-33.9],[122.78,-33.89],[122.15,-33.99],[122.06,-33.87],[121.41,-33.83],[120.81,-33.87],[120.42,-33.96],[120.21,-33.94],[119.85,-33.97],[119.64,-34.1],[119.45,-34.37],[119.25,-34.46],[118.9,-34.48],[118.14,-34.99],[117.86,-35.05],[117.58,-35.1],[116.52,-34.99],[115.99,-34.8],[115.73,-34.53],[115.57,-34.43],[115.28,-34.3],[115.13,-34.34],[115.01,-34.26],[114.97,-34.05],[114.99,-33.52],[115.18,-33.64],[115.36,-33.64],[115.52,-33.53],[115.68,-33.19],[115.62,-32.67],[115.65,-32.6],[115.71,-32.57],[115.73,-32.4],[115.74,-31.89],[115.7,-31.69],[115.45,-31.3],[115.29,-30.96],[115.18,-30.81],[115.08,-30.56],[114.97,-30.04],[114.94,-29.72],[114.96,-29.43],[114.86,-29.14],[114.63,-28.87],[114.54,-28.54],[114.17,-28.08],[114.1,-27.54],[114.03,-27.35],[113.71,-26.85],[113.33,-26.42],[113.18,-26.18],[113.32,-26.24],[113.36,-26.08],[113.55,-26.44],[113.58,-26.56],[113.73,-26.6],[113.84,-26.5],[113.85,-26.33],[113.59,-26.1],[113.51,-25.9],[113.4,-25.71],[113.4,-25.65],[113.45,-25.6],[113.54,-25.63],[113.71,-25.83],[113.68,-26.05],[113.72,-26.13],[113.77,-26.16],[113.85,-26.01],[113.99,-26.32],[114.09,-26.39],[114.22,-26.29],[114.21,-25.85],[113.99,-25.54],[113.67,-24.98],[113.57,-24.69],[113.42,-24.44],[113.42,-24.13],[113.49,-23.87],[113.76,-23.42],[113.8,-22.91],[113.68,-22.64],[113.96,-21.94],[114.12,-21.83],[114.14,-21.91],[114.09,-22.18],[114.16,-22.32],[114.14,-22.48],[114.3,-22.43],[114.38,-22.34],[114.6,-21.94],[114.71,-21.82],[115.46,-21.49],[116.01,-21.03],[116.71,-20.65],[117.14,-20.64],[117.29,-20.71],[117.41,-20.72],[117.68,-20.64],[118.2,-20.38],[118.75,-20.26],[119.1,-20.0],[119.59,-20.04],[119.77,-19.96],[120.2,-19.91],[120.43,-19.84],[121.0,-19.6],[121.34,-19.32],[121.49,-19.11],[121.83,-18.48],[122.01,-18.39],[122.35,-18.11],[122.36,-18.04],[122.24,-17.97],[122.15,-17.55],[122.16,-17.31],[122.26,-17.14],[122.43,-16.97],[122.52,-16.94],[122.72,-16.79],[122.92,-16.43],[122.97,-16.44],[123.14,-16.86],[123.27,-17.04],[123.38,-17.29],[123.56,-17.52],[123.61,-17.22],[123.59,-17.03],[123.66,-17.02],[123.8,-17.13],[123.83,-17.12],[123.83,-17.0],[123.87,-16.92],[123.86,-16.86],[123.78,-16.87],[123.49,-16.49],[123.58,-16.47],[123.63,-16.42],[123.65,-16.34],[123.61,-16.22],[123.65,-16.18],[123.73,-16.19],[123.86,-16.38],[123.92,-16.36],[123.96,-16.29],[124.04,-16.26],[124.13,-16.28],[124.3,-16.39],[124.77,-16.4],[124.67,-16.34],[124.45,-16.34],[124.4,-16.3],[124.39,-16.2],[124.42,-16.13],[124.43,-16.1],[124.58,-16.11],[124.65,-15.87],[124.65,-15.81],[124.61,-15.82],[124.5,-15.97],[124.38,-15.76],[124.44,-15.49],[124.56,-15.5],[124.69,-15.36],[124.69,-15.27],[124.97,-15.4],[125.02,-15.47],[125.06,-15.44],[125.07,-15.31],[124.91,-15.31],[124.84,-15.16],[125.02,-15.07],[125.04,-15.0],[125.36,-15.12],[125.38,-15.02],[125.24,-14.94],[125.18,-14.71],[125.27,-14.65],[125.28,-14.58],[125.44,-14.56],[125.58,-14.48],[125.6,-14.28],[125.63,-14.26],[125.7,-14.29],[125.66,-14.53],[125.74,-14.44],[125.82,-14.47],[125.85,-14.6],[125.89,-14.62],[125.95,-14.52],[126.02,-14.49],[126.02,-14.37],[126.11,-14.11],[126.05,-13.98],[126.12,-13.96],[126.18,-14.0],[126.26,-14.16],[126.32,-14.06],[126.4,-14.02],[126.57,-14.16],[126.68,-14.09],[126.78,-13.96],[126.78,-13.79],[126.9,-13.74],[127.46,-14.03],[127.67,-14.2],[127.89,-14.49],[128.2,-14.75],[128.08,-15.09],[128.07,-15.33],[128.11,-15.31],[128.16,-15.23],[128.25,-15.3],[128.18,-15.04],[128.4,-14.87],[128.41,-14.83],[128.58,-14.77],[129.06,-14.88],[129.17,-14.99],[129.18,-15.12],[129.22,-15.16],[129.23,-14.91],[129.27,-14.87],[129.46,-14.93],[129.63,-15.14],[129.65,-15.09],[129.61,-14.93],[129.64,-14.85],[129.85,-14.83],[129.75,-14.79],[129.6,-14.65],[129.7,-14.56],[129.61,-14.56],[129.38,-14.39],[129.46,-14.21],[129.71,-13.98],[129.84,-13.57],[129.94,-13.5],[130.14,-13.45],[130.26,-13.3],[130.13,-13.15],[130.17,-12.96],[130.32,-12.88],[130.4,-12.69],[130.62,-12.65],[130.62,-12.43],[130.67,-12.41],[130.74,-12.43],[130.87,-12.56],[130.9,-12.52],[130.87,-12.37],[131.02,-12.34],[131.02,-12.21],[131.22,-12.18],[131.29,-12.07],[131.34,-12.21],[131.44,-12.28],[131.73,-12.28],[131.89,-12.23],[132.06,-12.28],[132.25,-12.19],[132.37,-12.24],[132.41,-12.3],[132.44,-12.18],[132.51,-12.13],[132.58,-12.11],[132.71,-12.12],[132.63,-12.04],[132.63,-11.84],[132.67,-11.65],[132.48,-11.49],[132.28,-11.47],[132.13,-11.5],[132.07,-11.47],[131.94,-11.35],[131.82,-11.3],[131.81,-11.27],[131.96,-11.18],[132.16,-11.31],[132.2,-11.3],[132.26,-11.2],[132.33,-11.22],[132.56,-11.37],[132.68,-11.51],[132.86,-11.39],[132.96,-11.41],[133.02,-11.45],[133.19,-11.71],[133.36,-11.73],[133.53,-11.82],[133.9,-11.83],[134.24,-12.01],[134.42,-12.05],[134.54,-12.06],[134.73,-11.98],[134.85,-12.1],[135.03,-12.19],[135.22,-12.22],[135.35,-12.13],[135.55,-12.06],[135.89,-11.82],[135.92,-11.83],[135.83,-11.95],[135.9,-11.97],[135.89,-11.99],[135.7,-12.15],[135.7,-12.21],[135.74,-12.24],[135.94,-12.15],[136.01,-12.19],[136.03,-12.33],[136.08,-12.42],[136.26,-12.43],[136.33,-12.31],[136.29,-12.2],[136.25,-12.17],[136.27,-12.13],[136.44,-11.95],[136.54,-11.96],[136.61,-12.13],[136.72,-12.23],[136.9,-12.24],[136.95,-12.35],[136.54,-12.78],[136.52,-12.83],[136.59,-13.0],[136.46,-13.23],[136.41,-13.24],[136.29,-13.14],[135.93,-13.3],[135.93,-13.62],[135.99,-13.81],[135.95,-13.93],[135.88,-14.15],[135.74,-14.29],[135.41,-14.76],[135.45,-14.92],[135.53,-15.0],[136.21,-15.4],[136.29,-15.57],[136.58,-15.71],[136.64,-15.68],[136.7,-15.69],[136.7,-15.83],[136.78,-15.89],[137.0,-15.88],[137.3,-16.07],[137.7,-16.23],[137.91,-16.48],[138.07,-16.62],[138.25,-16.72],[138.51,-16.79],[138.63,-16.78],[138.82,-16.86],[139.01,-16.9],[139.11,-17.01],[139.15,-17.17],[139.25,-17.33],[139.44,-17.38],[139.69,-17.54],[139.89,-17.61],[140.04,-17.7],[140.21,-17.7],[140.51,-17.62],[140.83,-17.41],[140.97,-17.01],[141.22,-16.65],[141.41,-16.07],[141.39,-15.9],[141.45,-15.61],[141.63,-15.06],[141.52,-14.47],[141.59,-14.15],[141.48,-13.93],[141.47,-13.8],[141.65,-13.26],[141.61,-12.94],[141.78,-12.78],[141.92,-12.8],[141.93,-12.74],[141.85,-12.58],[141.68,-12.49],[141.69,-12.35],[141.87,-11.98],[141.96,-12.05],[141.95,-11.9],[142.14,-11.27],[142.17,-10.95],[142.33,-10.88],[142.46,-10.71],[142.54,-10.71],[142.61,-10.75],[142.55,-10.87],[142.72,-11.01],[142.84,-11.31],[142.87,-11.82],[142.99,-11.92],[143.18,-11.95],[143.1,-12.17],[143.11,-12.3],[143.25,-12.4],[143.29,-12.5],[143.4,-12.64],[143.4,-12.74],[143.46,-12.86],[143.53,-13.3],[143.59,-13.44],[143.55,-13.74],[143.76,-14.35],[143.96,-14.46],[144.11,-14.39],[144.21,-14.3],[144.47,-14.23],[144.59,-14.35],[144.65,-14.49],[145.29,-14.94],[145.25,-15.1],[145.29,-15.33],[145.27,-15.48],[145.38,-15.88],[145.46,-16.06],[145.43,-16.41],[145.55,-16.63],[145.75,-16.88],[145.91,-16.91],[145.9,-17.07],[146.05,-17.38],[146.13,-17.64],[146.02,-18.18],[146.03,-18.27],[146.22,-18.51],[146.33,-18.55],[146.3,-18.84],[146.38,-18.98],[146.48,-19.08],[146.69,-19.19],[147.0,-19.26],[147.14,-19.39],[147.28,-19.41],[147.42,-19.38],[147.51,-19.47],[147.59,-19.62],[147.74,-19.77],[147.85,-19.79],[147.92,-19.87],[148.08,-19.9],[148.37,-20.09],[148.6,-20.15],[148.76,-20.29],[148.88,-20.48],[148.73,-20.47],[148.68,-20.58],[148.79,-20.74],[149.06,-20.96],[149.2,-21.13],[149.33,-21.48],[149.45,-21.58],[149.46,-21.77],[149.52,-22.02],[149.6,-22.26],[149.7,-22.44],[149.82,-22.39],[149.97,-22.55],[150.01,-22.52],[149.94,-22.31],[149.98,-22.18],[150.02,-22.17],[150.08,-22.16],[150.23,-22.37],[150.54,-22.56],[150.58,-22.56],[150.57,-22.38],[150.62,-22.37],[150.76,-22.58],[150.78,-23.18],[150.84,-23.46],[151.15,-23.78],[151.5,-24.01],[151.69,-24.04],[151.83,-24.12],[152.13,-24.6],[152.46,-24.8],[152.5,-24.96],[152.65,-25.2],[152.79,-25.27],[152.91,-25.43],[152.92,-25.69],[153.03,-25.87],[153.16,-25.96],[153.08,-26.3],[153.16,-26.98],[153.12,-27.19],[153.39,-27.77],[153.45,-28.05],[153.58,-28.24],[153.57,-28.53],[153.62,-28.67],[153.6,-28.85],[153.46,-29.05],[153.35,-29.29],[153.35,-29.5],[153.27,-29.89],[153.03,-30.56],[153.05,-30.91],[152.94,-31.43],[152.79,-31.79],[152.56,-32.05],[152.55,-32.24],[152.47,-32.44],[152.25,-32.61],[152.22,-32.68],[152.14,-32.68],[152.19,-32.72],[152.16,-32.76],[151.95,-32.82],[151.81,-32.9],[151.48,-33.35],[151.43,-33.52],[151.29,-33.58],[151.32,-33.7],[151.28,-33.93],[151.24,-33.99],[151.2,-33.96],[151.12,-34.01],[151.23,-34.03],[150.96,-34.3],[150.87,-34.5],[150.78,-34.89],[150.8,-35.01],[150.7,-35.04],[150.68,-35.08],[150.72,-35.13],[150.69,-35.18],[150.57,-35.21],[150.37,-35.58],[150.2,-35.83],[150.06,-36.55],[149.96,-36.85],[149.95,-37.08],[149.99,-37.26],[149.93,-37.53],[149.81,-37.55],[149.48,-37.77],[149.3,-37.8],[148.94,-37.79],[148.26,-37.83],[147.88,-37.93],[147.63,-38.06],[147.4,-38.22],[146.86,-38.66],[146.44,-38.71],[146.29,-38.7],[146.22,-38.73],[146.22,-38.78],[146.34,-38.89],[146.43,-38.82],[146.47,-38.84],[146.48,-39.07],[146.4,-39.15],[146.34,-39.12],[146.25,-38.96],[146.16,-38.87],[146.07,-38.83],[145.94,-38.9],[145.79,-38.67],[145.61,-38.66],[145.4,-38.54],[145.46,-38.42],[145.54,-38.39],[145.48,-38.24],[145.29,-38.24],[145.19,-38.38],[144.96,-38.5],[144.72,-38.34],[144.91,-38.34],[145.07,-38.2],[145.12,-38.09],[144.89,-37.9],[144.4,-38.14],[144.59,-38.16],[144.67,-38.21],[144.1,-38.46],[143.81,-38.7],[143.54,-38.82],[143.23,-38.74],[143.08,-38.65],[142.84,-38.58],[142.46,-38.39],[142.19,-38.4],[141.92,-38.28],[141.72,-38.27],[141.59,-38.39],[141.42,-38.36],[141.21,-38.17],[141.01,-38.08],[140.63,-38.03],[140.39,-37.9],[140.21,-37.64],[139.78,-37.25],[139.74,-37.06],[139.86,-36.66],[139.73,-36.37],[139.47,-36.01],[139.04,-35.69],[138.97,-35.58],[139.07,-35.6],[139.11,-35.54],[139.18,-35.52],[139.23,-35.6],[139.29,-35.61],[139.29,-35.49],[139.33,-35.43],[139.28,-35.38],[139.19,-35.35],[138.92,-35.49],[138.88,-35.54],[138.77,-35.54],[138.52,-35.64],[138.18,-35.61],[138.25,-35.49],[138.4,-35.33],[138.51,-35.02],[138.49,-34.76],[138.09,-34.17],[137.92,-34.46],[137.87,-34.73],[137.69,-35.14],[137.46,-35.13],[137.14,-35.24],[136.88,-35.24],[137.01,-34.92],[137.39,-34.91],[137.49,-34.6],[137.46,-34.38],[137.49,-34.16],[137.65,-33.86],[137.93,-33.58],[137.85,-33.2],[137.99,-33.09],[137.91,-32.77],[137.78,-32.58],[137.79,-32.82],[137.68,-32.98],[137.44,-33.19],[137.35,-33.43],[137.24,-33.63],[137.13,-33.7],[136.94,-33.75],[136.64,-33.9],[136.43,-34.03],[136.12,-34.43],[135.89,-34.66],[136.0,-34.94],[135.97,-34.98],[135.79,-34.86],[135.65,-34.94],[135.48,-34.76],[135.32,-34.64],[135.23,-34.58],[135.12,-34.59],[135.13,-34.54],[135.22,-34.49],[135.38,-34.6],[135.45,-34.58],[135.22,-33.96],[134.89,-33.63],[134.85,-33.44],[134.72,-33.26],[134.61,-33.19],[134.3,-33.17],[134.17,-32.98],[134.1,-32.75],[134.23,-32.73],[134.23,-32.55],[133.93,-32.41],[133.79,-32.27],[133.55,-32.18],[133.21,-32.18],[132.76,-31.96],[132.65,-31.95],[132.32,-32.02],[132.21,-32.01],[131.72,-31.7],[131.39,-31.55],[131.14,-31.5],[130.78,-31.6],[130.13,-31.58],[129.57,-31.63]],[[178.57,-17.75],[178.59,-17.65],[178.28,-17.42],[178.25,-17.33],[178.19,-17.31],[177.62,-17.46],[177.4,-17.63],[177.42,-17.74],[177.36,-17.82],[177.26,-17.86],[177.25,-17.91],[177.32,-18.08],[177.46,-18.15],[177.85,-18.25],[178.16,-18.25],[178.33,-18.14],[178.46,-18.14],[178.67,-18.08],[178.57,-17.75]],[[166.94,-22.09],[166.69,-21.95],[166.3,-21.64],[165.66,-21.27],[165.45,-21.08],[165.38,-20.94],[165.19,-20.77],[164.98,-20.68],[164.44,-20.28],[164.32,-20.31],[164.06,-20.14],[164.04,-20.23],[164.16,-20.35],[164.17,-20.48],[164.37,-20.74],[164.93,-21.29],[165.24,-21.53],[165.74,-21.78],[165.82,-21.85],[166.1,-21.96],[166.18,-22.09],[166.42,-22.2],[166.47,-22.26],[166.57,-22.27],[166.77,-22.38],[166.97,-22.32],[167.0,-22.26],[166.94,-22.09]],[[127.69,-0.08],[127.71,0.29],[127.56,0.49],[127.54,0.61],[127.61,0.85],[127.52,0.92],[127.43,1.14],[127.42,1.25],[127.54,1.47],[127.53,1.57],[127.63,1.84],[127.9,2.14],[128.04,2.2],[128.03,2.12],[127.91,1.95],[127.89,1.83],[128.01,1.7],[128.01,1.33],[127.89,1.16],[127.65,1.01],[127.63,0.94],[127.73,0.85],[127.88,0.83],[127.97,1.04],[128.16,1.16],[128.16,1.32],[128.22,1.4],[128.42,1.52],[128.69,1.57],[128.72,1.37],[128.7,1.11],[128.3,0.88],[128.26,0.8],[128.26,0.73],[128.4,0.64],[128.61,0.55],[128.66,0.51],[128.69,0.36],[128.82,0.31],[128.9,0.22],[128.45,0.39],[127.98,0.47],[127.92,0.44],[127.89,0.3],[127.91,0.21],[127.89,0.05],[127.98,-0.25],[128.09,-0.49],[128.25,-0.73],[128.43,-0.89],[128.28,-0.87],[128.23,-0.79],[128.05,-0.71],[127.89,-0.42],[127.69,-0.24],[127.69,-0.08]],[[70.32,-49.06],[70.21,-49.13],[70.06,-49.14],[69.77,-49.25],[69.54,-49.26],[69.41,-49.18],[69.44,-49.12],[69.64,-49.12],[69.59,-49.07],[69.59,-48.97],[69.53,-48.97],[69.31,-49.11],[69.05,-49.08],[69.03,-49.02],[69.14,-48.86],[69.12,-48.77],[69.07,-48.75],[69.08,-48.68],[69.0,-48.66],[68.83,-48.85],[68.84,-48.93],[68.77,-49.07],[68.82,-49.14],[68.88,-49.16],[68.81,-49.19],[68.8,-49.23],[68.84,-49.29],[68.82,-49.35],[68.87,-49.44],[68.78,-49.65],[68.81,-49.7],[68.99,-49.7],[69.09,-49.65],[69.15,-49.53],[69.61,-49.65],[69.75,-49.6],[69.92,-49.69],[70.12,-49.7],[70.31,-49.58],[70.25,-49.53],[70.07,-49.52],[70.06,-49.59],[69.99,-49.58],[69.86,-49.54],[69.75,-49.45],[69.86,-49.42],[69.92,-49.35],[69.99,-49.34],[70.17,-49.34],[70.3,-49.42],[70.39,-49.43],[70.41,-49.41],[70.39,-49.37],[70.49,-49.33],[70.56,-49.2],[70.48,-49.08],[70.32,-49.06]],[[63.12,80.97],[64.1,81.0],[64.31,81.18],[64.8,81.2],[65.31,81.1],[65.38,81.06],[65.37,80.97],[65.44,80.93],[65.0,80.82],[64.55,80.76],[63.19,80.7],[62.52,80.82],[63.12,80.97]],[[57.39,80.14],[57.28,80.19],[57.19,80.4],[57.01,80.47],[57.08,80.49],[58.48,80.46],[58.97,80.42],[59.26,80.34],[58.4,80.32],[58.28,80.3],[58.26,80.2],[57.8,80.1],[57.39,80.14]],[[-25.47,70.78],[-25.39,70.83],[-25.43,70.92],[-25.73,71.04],[-26.62,70.88],[-27.24,70.87],[-27.62,70.91],[-27.71,70.9],[-27.74,70.79],[-27.71,70.71],[-27.81,70.64],[-27.94,70.62],[-28.04,70.49],[-27.9,70.45],[-26.6,70.55],[-26.34,70.51],[-26.27,70.45],[-26.22,70.45],[-25.91,70.57],[-25.4,70.65],[-25.35,70.71],[-25.47,70.78]],[[160.68,-9.69],[160.63,-9.59],[160.35,-9.42],[159.97,-9.43],[159.75,-9.27],[159.69,-9.27],[159.61,-9.35],[159.62,-9.53],[159.68,-9.64],[159.85,-9.79],[160.32,-9.82],[160.65,-9.93],[160.82,-9.86],[160.79,-9.77],[160.68,-9.69]],[[119.3,10.75],[119.29,10.57],[119.22,10.48],[119.02,10.35],[118.11,9.35],[118.02,9.27],[117.88,9.24],[117.35,8.71],[117.26,8.54],[117.22,8.37],[117.52,8.54],[117.57,8.64],[117.78,8.73],[117.99,8.88],[118.13,9.1],[118.43,9.26],[118.57,9.42],[118.77,9.77],[118.75,9.86],[118.78,9.92],[119.19,10.06],[119.28,10.25],[119.37,10.33],[119.6,10.41],[119.69,10.5],[119.53,10.95],[119.56,11.05],[119.53,11.1],[119.55,11.31],[119.5,11.35],[119.31,10.97],[119.26,10.85],[119.3,10.75]],[[123.1,11.54],[122.89,11.44],[122.93,11.53],[122.84,11.6],[122.73,11.61],[122.61,11.56],[122.5,11.62],[122.29,11.77],[122.03,11.9],[121.96,11.9],[121.92,11.85],[121.89,11.79],[122.07,11.72],[122.1,11.64],[122.05,11.1],[121.96,10.87],[121.95,10.76],[121.98,10.64],[121.93,10.49],[121.95,10.44],[122.2,10.62],[122.52,10.69],[122.67,10.8],[122.77,10.82],[122.8,10.99],[123.02,11.12],[123.12,11.29],[123.16,11.54],[123.1,11.54]],[[123.51,10.92],[123.26,10.99],[122.98,10.89],[122.96,10.7],[122.82,10.5],[122.87,10.28],[122.86,10.09],[122.71,9.99],[122.47,9.96],[122.4,9.82],[122.41,9.69],[122.56,9.48],[122.87,9.32],[122.95,9.11],[122.99,9.06],[123.19,9.09],[123.32,9.27],[123.31,9.36],[123.15,9.61],[123.16,9.86],[123.3,10.12],[123.34,10.33],[123.49,10.58],[123.57,10.78],[123.51,10.92]],[[125.2,10.46],[125.16,10.64],[125.01,10.79],[125.04,11.14],[124.93,11.37],[124.82,11.4],[124.72,11.32],[124.64,11.31],[124.33,11.54],[124.31,11.49],[124.37,11.37],[124.45,10.92],[124.5,10.9],[124.66,10.96],[124.79,10.78],[124.8,10.68],[124.74,10.44],[124.79,10.33],[124.78,10.17],[125.03,10.03],[124.99,10.37],[125.14,10.19],[125.15,10.27],[125.25,10.26],[125.27,10.31],[125.2,10.46]],[[125.63,11.23],[125.57,11.24],[125.61,11.32],[125.51,11.54],[125.5,11.71],[125.46,11.77],[125.46,11.95],[125.51,12.05],[125.5,12.14],[125.54,12.19],[125.48,12.25],[125.32,12.32],[125.31,12.45],[125.24,12.53],[125.15,12.57],[124.57,12.53],[124.29,12.57],[124.33,12.4],[124.45,12.15],[124.53,12.08],[124.68,12.02],[124.88,11.78],[125.0,11.76],[124.98,11.64],[124.92,11.56],[125.09,11.29],[125.16,11.27],[125.23,11.15],[125.43,11.11],[125.63,11.13],[125.74,11.05],[125.7,11.16],[125.63,11.23]],[[121.48,12.84],[121.49,13.02],[121.54,13.09],[121.52,13.13],[121.2,13.43],[121.12,13.38],[120.92,13.5],[120.76,13.47],[120.47,13.52],[120.4,13.52],[120.35,13.47],[120.34,13.41],[120.46,13.39],[120.51,13.26],[120.68,13.13],[120.76,12.97],[120.8,12.75],[120.9,12.65],[120.92,12.51],[121.08,12.34],[121.12,12.25],[121.24,12.22],[121.32,12.3],[121.39,12.3],[121.41,12.42],[121.54,12.64],[121.48,12.84]],[[155.82,-6.38],[155.64,-6.22],[155.47,-6.15],[155.37,-5.97],[155.2,-5.83],[155.09,-5.62],[155.0,-5.54],[154.87,-5.52],[154.73,-5.44],[154.71,-5.75],[154.76,-5.93],[155.01,-6.21],[155.2,-6.31],[155.23,-6.41],[155.21,-6.53],[155.34,-6.72],[155.62,-6.86],[155.72,-6.86],[155.89,-6.76],[155.91,-6.8],[155.96,-6.69],[155.93,-6.57],[155.82,-6.38]],[[153.02,-4.11],[152.18,-3.41],[152.03,-3.25],[151.81,-3.17],[151.48,-2.94],[151.23,-2.87],[151.17,-2.79],[150.83,-2.57],[150.83,-2.71],[150.75,-2.74],[150.85,-2.78],[150.97,-2.78],[151.07,-2.83],[151.58,-3.15],[151.88,-3.4],[151.97,-3.45],[152.19,-3.51],[152.28,-3.58],[152.6,-3.99],[152.67,-4.13],[152.7,-4.28],[152.68,-4.5],[152.74,-4.64],[152.89,-4.83],[153.02,-4.67],[153.04,-4.48],[153.13,-4.35],[153.12,-4.25],[153.02,-4.11]],[[138.77,-7.39],[138.54,-7.38],[138.3,-7.44],[138.08,-7.57],[137.83,-7.93],[137.65,-8.39],[137.69,-8.41],[137.87,-8.38],[138.3,-8.41],[138.54,-8.27],[138.79,-8.06],[138.99,-7.7],[138.96,-7.59],[138.77,-7.39]],[[130.77,-3.42],[130.67,-3.39],[130.57,-3.13],[130.38,-2.99],[129.98,-2.98],[129.6,-2.81],[129.48,-2.79],[129.17,-2.93],[129.12,-2.94],[129.06,-2.84],[128.99,-2.83],[128.2,-2.87],[127.88,-3.22],[127.93,-3.34],[127.92,-3.51],[128.03,-3.34],[128.08,-3.18],[128.13,-3.16],[128.28,-3.24],[128.42,-3.42],[128.52,-3.45],[128.64,-3.43],[128.75,-3.3],[128.86,-3.23],[128.96,-3.24],[128.97,-3.33],[129.47,-3.45],[129.52,-3.43],[129.51,-3.33],[129.84,-3.33],[129.95,-3.39],[130.02,-3.47],[130.81,-3.86],[130.86,-3.57],[130.77,-3.42]],[[127.16,-3.34],[127.03,-3.17],[126.81,-3.07],[126.56,-3.07],[126.31,-3.1],[126.22,-3.15],[126.09,-3.11],[126.03,-3.17],[126.06,-3.42],[126.18,-3.58],[126.69,-3.82],[126.94,-3.76],[127.09,-3.67],[127.23,-3.63],[127.23,-3.39],[127.16,-3.34]],[[122.98,-8.15],[122.85,-8.09],[122.79,-8.13],[122.76,-8.19],[122.92,-8.22],[122.85,-8.3],[122.56,-8.43],[122.43,-8.6],[122.32,-8.63],[122.26,-8.62],[121.97,-8.46],[121.61,-8.53],[121.55,-8.58],[121.44,-8.58],[121.01,-8.37],[120.75,-8.32],[120.61,-8.24],[120.35,-8.26],[120.23,-8.29],[119.96,-8.44],[119.87,-8.42],[119.81,-8.7],[119.91,-8.86],[120.12,-8.78],[120.32,-8.82],[120.55,-8.8],[121.04,-8.94],[121.19,-8.9],[121.33,-8.92],[121.41,-8.81],[121.58,-8.82],[121.65,-8.9],[121.84,-8.86],[122.09,-8.74],[122.47,-8.73],[122.82,-8.6],[122.85,-8.56],[122.81,-8.48],[123.01,-8.33],[122.98,-8.15]],[[120.7,-9.9],[120.5,-9.67],[120.44,-9.65],[120.29,-9.65],[120.22,-9.51],[120.06,-9.42],[119.94,-9.3],[119.8,-9.38],[119.61,-9.35],[119.19,-9.38],[119.03,-9.44],[118.96,-9.52],[119.09,-9.71],[119.36,-9.77],[119.6,-9.77],[119.93,-9.97],[120.14,-10.2],[120.44,-10.29],[120.7,-10.21],[120.8,-10.11],[120.83,-10.04],[120.78,-9.96],[120.7,-9.9]],[[119.04,-8.46],[118.99,-8.34],[118.93,-8.3],[118.75,-8.33],[118.71,-8.41],[118.67,-8.32],[118.55,-8.27],[118.29,-8.36],[118.12,-8.12],[117.92,-8.09],[117.76,-8.15],[117.74,-8.2],[117.77,-8.28],[117.98,-8.46],[118.1,-8.48],[118.17,-8.53],[118.23,-8.59],[118.21,-8.65],[118.1,-8.65],[117.97,-8.73],[117.81,-8.71],[117.64,-8.54],[117.62,-8.46],[117.57,-8.43],[117.36,-8.43],[117.16,-8.37],[116.95,-8.5],[116.84,-8.53],[116.78,-8.66],[116.81,-8.81],[116.77,-8.96],[116.79,-9.01],[117.06,-9.1],[117.21,-9.03],[117.39,-9.03],[117.73,-8.92],[117.86,-8.93],[118.07,-8.85],[118.19,-8.84],[118.38,-8.67],[118.43,-8.86],[118.73,-8.81],[118.83,-8.83],[118.75,-8.74],[118.9,-8.7],[119.01,-8.75],[119.08,-8.73],[119.13,-8.67],[119.04,-8.56],[119.04,-8.46]],[[116.4,-8.2],[116.22,-8.3],[116.06,-8.44],[116.08,-8.74],[116.03,-8.77],[115.87,-8.74],[115.87,-8.83],[116.38,-8.93],[116.59,-8.89],[116.51,-8.82],[116.73,-8.39],[116.69,-8.3],[116.4,-8.2]],[[115.55,-8.21],[115.15,-8.07],[114.94,-8.19],[114.5,-8.12],[114.48,-8.12],[114.47,-8.17],[114.5,-8.26],[114.61,-8.38],[114.84,-8.43],[115.06,-8.57],[115.14,-8.7],[115.14,-8.77],[115.09,-8.83],[115.14,-8.85],[115.22,-8.82],[115.33,-8.62],[115.56,-8.51],[115.7,-8.41],[115.55,-8.21]],[[106.37,-2.46],[106.21,-2.19],[106.16,-1.87],[106.03,-1.59],[105.91,-1.5],[105.72,-1.53],[105.75,-1.66],[105.7,-1.73],[105.59,-1.53],[105.46,-1.57],[105.37,-1.66],[105.37,-1.81],[105.14,-1.97],[105.13,-2.04],[105.29,-2.11],[105.55,-2.08],[105.79,-2.18],[105.81,-2.31],[105.94,-2.49],[105.91,-2.64],[106.0,-2.82],[106.25,-2.89],[106.55,-3.06],[106.67,-3.07],[106.61,-2.9],[106.71,-2.66],[106.82,-2.57],[106.37,-2.46]],[[22.96,58.61],[22.82,58.62],[22.69,58.6],[22.55,58.63],[22.33,58.58],[22.27,58.51],[22.17,58.52],[22.08,58.48],[22.0,58.51],[21.86,58.5],[21.98,58.39],[21.92,58.32],[21.85,58.3],[21.88,58.26],[22.19,58.15],[21.99,58.0],[22.0,57.93],[22.15,57.97],[22.23,58.05],[22.27,58.16],[22.37,58.22],[22.73,58.23],[23.13,58.44],[23.32,58.45],[22.96,58.61]],[[24.24,77.9],[23.68,77.88],[23.12,77.99],[23.15,78.09],[23.45,78.15],[23.12,78.24],[22.3,78.23],[22.21,78.41],[22.04,78.58],[21.45,78.6],[20.36,78.51],[20.23,78.48],[20.37,78.41],[20.56,78.42],[20.53,78.33],[20.79,78.25],[20.84,78.17],[21.04,78.06],[21.65,77.92],[21.33,77.77],[21.25,77.71],[21.2,77.62],[20.87,77.57],[20.93,77.46],[21.05,77.44],[22.06,77.5],[22.4,77.57],[22.69,77.55],[22.73,77.54],[22.68,77.5],[22.44,77.43],[22.49,77.36],[22.43,77.32],[22.55,77.27],[22.8,77.28],[23.1,77.39],[23.38,77.38],[23.74,77.46],[24.13,77.66],[24.9,77.76],[24.24,77.9]],[[62.1,80.87],[61.6,80.89],[60.28,80.8],[60.23,80.84],[60.09,80.85],[59.72,80.84],[59.59,80.82],[59.39,80.71],[59.29,80.57],[59.3,80.52],[59.35,80.51],[59.65,80.43],[60.28,80.49],[61.05,80.42],[61.29,80.5],[61.6,80.53],[61.68,80.59],[62.08,80.62],[62.23,80.79],[62.1,80.87]],[[47.01,80.56],[47.14,80.61],[47.3,80.61],[47.41,80.67],[47.71,80.77],[48.04,80.67],[48.68,80.63],[48.69,80.72],[48.45,80.81],[47.44,80.85],[47.02,80.81],[46.8,80.76],[45.12,80.65],[44.9,80.61],[45.64,80.54],[45.97,80.57],[46.14,80.45],[46.51,80.48],[46.68,80.56],[47.01,80.56]],[[51.45,80.74],[50.8,80.91],[50.12,80.92],[49.24,80.82],[49.15,80.71],[49.19,80.66],[49.19,80.56],[49.09,80.52],[48.63,80.51],[48.4,80.57],[47.9,80.53],[46.64,80.3],[46.99,80.18],[47.34,80.19],[47.44,80.23],[47.64,80.25],[47.89,80.24],[47.98,80.21],[47.63,80.11],[47.74,80.08],[48.17,80.13],[48.39,80.1],[48.47,80.11],[48.58,80.2],[48.98,80.16],[49.01,80.21],[48.96,80.27],[48.68,80.3],[48.81,80.35],[49.59,80.38],[49.79,80.43],[49.75,80.47],[49.85,80.5],[50.96,80.54],[51.15,80.6],[51.7,80.69],[51.59,80.74],[51.45,80.74]],[[49.23,69.51],[48.84,69.49],[48.41,69.35],[48.32,69.27],[48.28,69.04],[48.32,68.94],[48.44,68.8],[48.67,68.73],[49.18,68.78],[49.63,68.86],[49.84,68.97],[49.92,69.05],[50.09,69.13],[50.16,69.04],[50.28,69.09],[50.27,69.19],[50.17,69.26],[49.23,69.51]],[[60.39,69.96],[59.64,70.2],[59.05,70.46],[58.79,70.43],[58.68,70.36],[58.52,70.32],[58.47,70.27],[58.68,70.05],[58.95,69.89],[59.14,69.92],[59.5,69.87],[59.58,69.79],[59.58,69.74],[59.72,69.71],[60.03,69.72],[60.22,69.69],[60.44,69.73],[60.48,69.89],[60.39,69.96]],[[71.44,73.34],[71.23,73.45],[70.94,73.51],[70.15,73.44],[70.0,73.36],[70.02,73.22],[69.92,73.08],[70.04,73.04],[70.38,73.05],[70.89,73.12],[71.63,73.17],[71.63,73.22],[71.59,73.28],[71.44,73.34]],[[92.59,80.0],[92.17,80.05],[91.43,80.05],[91.07,79.98],[91.13,79.9],[91.38,79.84],[92.15,79.68],[92.44,79.68],[93.16,79.74],[93.6,79.82],[93.8,79.9],[92.59,80.0]],[[112.08,74.55],[112.01,74.53],[111.95,74.39],[111.88,74.36],[111.5,74.35],[111.64,74.27],[112.2,74.15],[112.78,74.1],[112.98,74.2],[113.26,74.27],[113.39,74.4],[113.29,74.44],[112.95,74.48],[112.08,74.55]],[[141.04,74.24],[140.85,74.27],[140.41,74.27],[140.19,74.24],[140.1,74.18],[140.18,74.0],[140.41,73.92],[140.51,73.92],[141.01,74.0],[141.1,74.17],[141.04,74.24]],[[26.17,35.22],[26.03,35.22],[25.79,35.12],[25.75,35.14],[25.76,35.33],[25.73,35.35],[25.48,35.31],[25.1,35.35],[25.0,35.41],[24.72,35.42],[24.31,35.36],[24.27,35.39],[24.26,35.47],[24.18,35.46],[24.11,35.5],[24.2,35.54],[24.17,35.6],[24.09,35.59],[24.01,35.53],[23.85,35.54],[23.79,35.56],[23.74,35.66],[23.72,35.55],[23.67,35.51],[23.61,35.57],[23.57,35.53],[23.55,35.42],[23.56,35.3],[23.64,35.24],[23.88,35.25],[24.46,35.16],[24.71,35.09],[24.75,34.95],[24.8,34.93],[25.83,35.03],[26.17,35.02],[26.24,35.04],[26.32,35.32],[26.17,35.22]],[[24.46,38.15],[24.36,38.16],[24.28,38.22],[24.19,38.46],[24.2,38.54],[24.1,38.67],[23.88,38.69],[23.52,38.81],[23.47,38.85],[23.42,38.96],[23.31,39.03],[23.15,39.0],[22.87,38.87],[22.94,38.84],[23.03,38.87],[23.25,38.8],[23.62,38.55],[23.65,38.44],[23.76,38.4],[24.04,38.39],[24.19,38.2],[24.21,38.12],[24.36,38.02],[24.5,37.97],[24.58,38.02],[24.59,38.12],[24.46,38.15]],[[34.27,35.57],[34.06,35.47],[33.61,35.35],[33.31,35.34],[32.94,35.39],[32.88,35.18],[32.77,35.16],[32.65,35.18],[32.39,35.05],[32.3,35.08],[32.32,34.95],[32.45,34.73],[32.69,34.65],[32.87,34.66],[32.94,34.58],[33.01,34.57],[33.06,34.67],[33.41,34.75],[33.7,34.97],[34.05,34.99],[33.91,35.2],[33.94,35.29],[34.56,35.66],[34.27,35.57]],[[18.84,57.9],[18.81,57.83],[18.72,57.86],[18.54,57.83],[18.14,57.56],[18.15,57.34],[18.11,57.27],[18.21,57.13],[18.29,57.08],[18.15,56.92],[18.34,56.98],[18.39,57.09],[18.48,57.16],[18.7,57.24],[18.78,57.36],[18.91,57.4],[18.79,57.48],[18.81,57.71],[18.95,57.74],[18.99,57.81],[19.08,57.84],[18.9,57.92],[18.84,57.9]],[[12.07,54.98],[12.09,55.19],[12.32,55.24],[12.41,55.29],[12.39,55.39],[12.28,55.41],[12.22,55.47],[12.24,55.54],[12.32,55.59],[12.51,55.64],[12.57,55.68],[12.52,55.92],[12.61,56.03],[12.58,56.06],[12.32,56.12],[12.22,56.12],[12.04,56.05],[11.87,55.97],[11.93,55.9],[11.92,55.83],[11.82,55.7],[11.69,55.73],[11.7,55.91],[11.63,55.96],[11.47,55.94],[11.46,55.88],[11.32,55.75],[10.98,55.72],[11.01,55.64],[11.12,55.6],[11.13,55.53],[11.19,55.47],[11.17,55.33],[11.29,55.2],[11.65,55.19],[11.74,54.92],[11.86,54.77],[12.05,54.82],[12.07,54.98]],[[10.79,55.13],[10.81,55.2],[10.79,55.27],[10.82,55.32],[10.65,55.61],[10.51,55.56],[10.29,55.61],[9.86,55.52],[9.86,55.36],[9.99,55.16],[10.44,55.05],[10.62,55.05],[10.79,55.13]],[[3.24,39.76],[3.15,39.79],[3.2,39.89],[3.16,39.92],[3.2,39.96],[3.16,39.97],[2.78,39.85],[2.37,39.61],[2.37,39.57],[2.5,39.48],[2.63,39.56],[2.7,39.54],[2.75,39.51],[2.8,39.39],[3.07,39.3],[3.24,39.39],[3.46,39.7],[3.45,39.76],[3.4,39.78],[3.24,39.76]],[[-120.72,-73.75],[-123.01,-73.67],[-123.25,-73.74],[-123.35,-73.84],[-122.99,-73.84],[-122.62,-73.97],[-122.88,-74.1],[-122.88,-74.14],[-122.76,-74.22],[-122.96,-74.24],[-122.94,-74.3],[-122.86,-74.34],[-122.29,-74.4],[-121.0,-74.33],[-121.05,-74.26],[-120.99,-74.16],[-120.27,-73.99],[-120.38,-73.86],[-120.56,-73.76],[-120.72,-73.75]],[[-127.23,-73.59],[-127.21,-73.72],[-127.01,-73.73],[-126.84,-73.66],[-126.58,-73.67],[-126.5,-73.7],[-126.47,-73.81],[-126.24,-73.89],[-125.89,-73.95],[-125.68,-74.04],[-125.42,-74.07],[-125.09,-74.18],[-123.94,-74.26],[-123.84,-74.23],[-123.8,-74.08],[-123.93,-74.01],[-124.13,-73.97],[-124.15,-73.94],[-124.04,-73.88],[-124.13,-73.83],[-124.54,-73.74],[-124.69,-73.75],[-124.99,-73.83],[-125.33,-73.8],[-125.67,-73.82],[-125.8,-73.8],[-125.86,-73.78],[-125.83,-73.72],[-125.28,-73.69],[-125.26,-73.67],[-125.56,-73.54],[-125.63,-73.45],[-126.07,-73.31],[-126.6,-73.28],[-127.27,-73.3],[-127.39,-73.38],[-127.43,-73.45],[-127.41,-73.52],[-127.23,-73.59]],[[-66.79,-79.61],[-66.98,-79.57],[-67.69,-79.53],[-67.81,-79.55],[-67.77,-79.59],[-67.08,-79.76],[-66.99,-79.79],[-66.96,-79.87],[-66.9,-79.91],[-66.41,-79.97],[-66.37,-80.05],[-66.32,-80.08],[-65.99,-80.05],[-65.5,-79.95],[-65.58,-79.77],[-65.87,-79.74],[-66.01,-79.62],[-66.79,-79.61]],[[-57.29,-64.37],[-57.41,-64.3],[-57.33,-64.24],[-57.22,-64.22],[-57.27,-64.17],[-57.25,-64.1],[-57.52,-64.01],[-57.48,-63.96],[-57.59,-63.97],[-57.77,-64.06],[-57.85,-64.05],[-57.83,-63.95],[-57.78,-63.91],[-57.83,-63.8],[-57.93,-63.81],[-58.27,-63.92],[-58.44,-64.11],[-58.4,-64.13],[-58.15,-64.1],[-58.16,-64.16],[-58.14,-64.21],[-58.02,-64.24],[-58.3,-64.31],[-58.21,-64.37],[-57.97,-64.32],[-57.92,-64.33],[-57.95,-64.39],[-57.91,-64.41],[-57.87,-64.4],[-57.82,-64.3],[-57.7,-64.29],[-57.67,-64.31],[-57.68,-64.36],[-57.29,-64.37]],[[-63.13,-64.57],[-63.28,-64.57],[-63.18,-64.47],[-63.27,-64.38],[-63.23,-64.32],[-63.33,-64.27],[-63.49,-64.26],[-63.68,-64.34],[-63.67,-64.42],[-63.92,-64.46],[-63.87,-64.51],[-64.17,-64.58],[-64.27,-64.7],[-63.8,-64.79],[-63.74,-64.83],[-63.56,-64.73],[-63.28,-64.72],[-63.03,-64.61],[-62.84,-64.57],[-62.93,-64.52],[-63.13,-64.57]],[[-74.21,-70.92],[-73.69,-70.79],[-73.55,-70.72],[-73.71,-70.64],[-74.04,-70.55],[-74.11,-70.58],[-74.11,-70.66],[-74.4,-70.58],[-74.46,-70.59],[-74.47,-70.73],[-74.59,-70.79],[-74.79,-70.63],[-74.95,-70.59],[-75.01,-70.61],[-75.06,-70.71],[-75.13,-70.75],[-76.25,-70.86],[-76.5,-70.94],[-76.51,-70.99],[-76.36,-71.12],[-76.18,-71.13],[-74.81,-71.01],[-74.21,-70.92]],[[-74.85,-70.18],[-74.67,-70.13],[-74.58,-70.0],[-74.44,-69.95],[-74.55,-69.86],[-74.81,-69.75],[-74.99,-69.73],[-75.26,-69.75],[-75.34,-69.84],[-75.68,-69.88],[-75.76,-69.92],[-75.81,-69.98],[-75.8,-70.04],[-75.73,-70.1],[-74.85,-70.18]],[[-99.73,-72.03],[-99.83,-72.05],[-100.08,-71.84],[-100.22,-71.83],[-102.13,-71.99],[-102.29,-72.03],[-102.31,-72.08],[-102.26,-72.14],[-102.02,-72.18],[-101.6,-72.18],[-100.2,-72.27],[-99.15,-72.47],[-98.64,-72.49],[-98.41,-72.55],[-97.83,-72.56],[-97.25,-72.52],[-97.03,-72.57],[-96.69,-72.55],[-96.05,-72.58],[-96.01,-72.52],[-96.08,-72.45],[-95.58,-72.41],[-95.53,-72.25],[-95.61,-72.17],[-95.61,-72.07],[-95.69,-72.06],[-95.91,-72.12],[-96.72,-72.26],[-96.98,-72.22],[-96.71,-72.13],[-96.3,-72.05],[-96.12,-71.9],[-96.38,-71.84],[-96.87,-71.85],[-97.09,-71.94],[-97.2,-72.09],[-97.35,-72.19],[-97.46,-72.19],[-97.58,-72.1],[-97.47,-72.0],[-97.58,-71.88],[-97.82,-71.92],[-97.92,-72.12],[-98.17,-72.12],[-98.18,-72.02],[-98.09,-71.91],[-98.19,-71.82],[-98.62,-71.76],[-98.96,-71.85],[-99.08,-71.93],[-99.25,-71.97],[-99.56,-71.94],[-99.73,-72.03]],[[-75.38,-72.82],[-75.73,-72.88],[-75.6,-72.95],[-75.24,-73.01],[-75.28,-73.05],[-75.42,-73.05],[-75.51,-73.11],[-75.77,-73.05],[-76.02,-73.09],[-76.1,-73.15],[-76.09,-73.2],[-76.0,-73.29],[-75.9,-73.33],[-74.57,-73.61],[-74.45,-73.57],[-74.37,-73.46],[-74.47,-73.43],[-74.67,-73.28],[-74.5,-73.23],[-74.22,-73.0],[-74.28,-72.95],[-74.47,-72.89],[-75.38,-72.82]],[[-68.9,-67.74],[-68.58,-67.73],[-68.44,-67.66],[-68.38,-67.56],[-68.33,-67.53],[-68.18,-67.56],[-67.99,-67.47],[-67.97,-67.45],[-68.01,-67.42],[-68.24,-67.37],[-67.69,-67.15],[-67.97,-67.03],[-67.93,-66.84],[-67.68,-66.71],[-67.71,-66.63],[-67.83,-66.62],[-68.34,-66.8],[-68.82,-67.23],[-69.08,-67.4],[-69.13,-67.45],[-69.12,-67.58],[-68.9,-67.74]],[[-180,71.54],[-179.11,71.6],[-178.44,71.54],[-177.58,71.28],[-177.5,71.22],[-177.52,71.17],[-177.82,71.07],[-179.16,70.94],[-179.51,70.92],[-180.0,70.99]],[[-57.79,-51.64],[-57.96,-51.58],[-57.92,-51.53],[-57.81,-51.52],[-57.98,-51.38],[-58.26,-51.42],[-58.29,-51.46],[-58.23,-51.58],[-58.27,-51.57],[-58.51,-51.48],[-58.52,-51.42],[-58.41,-51.42],[-58.38,-51.37],[-58.43,-51.32],[-58.7,-51.33],[-58.92,-51.27],[-58.89,-51.36],[-59.1,-51.49],[-59.1,-51.59],[-59.06,-51.69],[-59.26,-51.74],[-59.57,-51.93],[-59.54,-51.97],[-59.65,-52.08],[-59.65,-52.13],[-59.4,-52.31],[-59.34,-52.2],[-59.16,-52.2],[-59.07,-52.17],[-59.2,-52.02],[-58.65,-52.1],[-58.64,-52.02],[-58.68,-51.94],[-58.34,-51.86],[-58.15,-51.77],[-57.84,-51.71],[-57.79,-51.64]],[[-35.9,-54.55],[-36.07,-54.55],[-36.17,-54.38],[-36.24,-54.36],[-36.33,-54.25],[-36.45,-54.31],[-36.54,-54.25],[-36.65,-54.26],[-36.61,-54.19],[-36.7,-54.11],[-36.93,-54.08],[-37.01,-54.11],[-37.1,-54.07],[-37.23,-54.06],[-37.38,-53.98],[-38.02,-54.01],[-37.62,-54.04],[-37.69,-54.08],[-37.69,-54.13],[-37.63,-54.17],[-37.5,-54.16],[-37.01,-54.34],[-36.89,-54.34],[-36.73,-54.47],[-36.51,-54.51],[-36.25,-54.78],[-36.09,-54.87],[-35.8,-54.76],[-35.91,-54.71],[-35.9,-54.55]],[[-74.11,-43.36],[-73.92,-43.37],[-73.77,-43.35],[-73.74,-43.29],[-73.75,-43.16],[-73.54,-43.07],[-73.44,-42.94],[-73.57,-42.76],[-73.67,-42.7],[-73.79,-42.59],[-73.47,-42.47],[-73.52,-42.39],[-73.53,-42.31],[-73.44,-42.28],[-73.42,-42.19],[-73.45,-42.17],[-73.53,-41.9],[-73.73,-41.88],[-74.04,-41.8],[-74.06,-41.82],[-74.02,-41.89],[-74.07,-42.11],[-74.16,-42.22],[-74.2,-42.48],[-74.16,-42.59],[-74.21,-42.88],[-74.39,-43.23],[-74.11,-43.36]],[[-59.57,-51.68],[-59.29,-51.48],[-59.27,-51.43],[-59.39,-51.36],[-59.47,-51.41],[-59.79,-51.45],[-59.92,-51.39],[-60.14,-51.48],[-60.29,-51.46],[-60.52,-51.35],[-60.57,-51.36],[-60.51,-51.49],[-60.3,-51.58],[-60.25,-51.64],[-60.58,-51.71],[-60.5,-51.76],[-60.28,-51.72],[-60.24,-51.73],[-60.24,-51.77],[-60.59,-51.95],[-60.76,-51.95],[-60.96,-52.06],[-60.69,-52.19],[-60.51,-52.19],[-60.35,-52.14],[-60.25,-51.99],[-59.92,-51.97],[-59.57,-51.68]],[[-75.03,-49.84],[-74.96,-49.53],[-74.74,-49.42],[-74.72,-49.44],[-74.8,-49.52],[-74.81,-49.61],[-74.88,-49.69],[-74.82,-49.81],[-74.81,-49.93],[-74.76,-50.01],[-74.59,-50.01],[-74.5,-49.86],[-74.46,-49.69],[-74.52,-49.66],[-74.52,-49.62],[-74.47,-49.29],[-74.53,-48.81],[-74.57,-48.75],[-74.79,-48.71],[-74.9,-48.73],[-74.98,-48.82],[-74.95,-48.96],[-75.18,-49.08],[-75.21,-49.15],[-75.09,-49.19],[-75.09,-49.27],[-75.22,-49.29],[-75.33,-49.27],[-75.47,-49.36],[-75.31,-49.49],[-75.34,-49.63],[-75.52,-49.62],[-75.57,-49.7],[-75.55,-49.79],[-75.45,-49.77],[-75.3,-49.85],[-75.03,-49.84]],[[-73.4,-44.77],[-73.35,-44.83],[-73.23,-44.86],[-72.99,-44.78],[-72.76,-44.55],[-72.78,-44.51],[-73.03,-44.38],[-73.21,-44.33],[-73.26,-44.35],[-73.28,-44.49],[-73.45,-44.64],[-73.4,-44.77]],[[-63.88,49.66],[-63.68,49.53],[-63.57,49.4],[-63.04,49.22],[-62.22,49.08],[-61.8,49.09],[-61.7,49.14],[-61.82,49.28],[-62.04,49.39],[-63.09,49.77],[-64.13,49.94],[-64.37,49.93],[-64.49,49.89],[-64.44,49.83],[-63.88,49.66]],[[-59.84,45.94],[-59.83,45.97],[-59.93,46.02],[-59.85,46.11],[-59.87,46.16],[-60.09,46.21],[-60.23,46.2],[-60.24,46.27],[-60.3,46.31],[-60.5,46.2],[-60.59,46.12],[-60.57,46.06],[-60.73,45.96],[-60.7,45.93],[-60.46,45.97],[-60.7,45.77],[-61.06,45.7],[-61.09,45.75],[-60.97,45.84],[-61.04,45.88],[-60.87,45.95],[-60.87,45.98],[-61.11,45.94],[-60.58,46.17],[-60.49,46.27],[-60.48,46.41],[-60.33,46.77],[-60.43,46.92],[-60.41,47.0],[-60.49,47.01],[-60.62,46.98],[-60.87,46.8],[-61.24,46.3],[-61.41,46.17],[-61.48,46.06],[-61.5,45.94],[-61.45,45.72],[-61.32,45.6],[-61.24,45.57],[-60.87,45.61],[-60.67,45.59],[-60.39,45.65],[-60.02,45.88],[-59.84,45.94]],[[-169.0,63.35],[-169.55,63.37],[-169.62,63.43],[-170.02,63.49],[-170.12,63.62],[-170.43,63.7],[-170.67,63.67],[-170.87,63.59],[-171.03,63.59],[-171.45,63.62],[-171.65,63.73],[-171.75,63.7],[-171.82,63.53],[-171.79,63.42],[-171.52,63.33],[-170.95,63.45],[-170.53,63.38],[-170.27,63.28],[-170.19,63.2],[-169.82,63.12],[-169.68,62.96],[-169.57,63.0],[-169.56,63.06],[-169.36,63.17],[-168.85,63.17],[-168.76,63.21],[-168.72,63.31],[-169.0,63.35]],[[-165.63,60.03],[-165.71,60.07],[-165.69,60.22],[-165.73,60.31],[-165.84,60.35],[-166.04,60.33],[-166.18,60.4],[-166.36,60.36],[-166.48,60.38],[-166.73,60.32],[-166.78,60.3],[-166.84,60.22],[-167.25,60.23],[-167.44,60.21],[-167.14,60.01],[-166.63,59.86],[-166.26,59.81],[-166.15,59.76],[-166.11,59.78],[-166.13,59.82],[-166.1,59.85],[-165.95,59.89],[-165.59,59.91],[-165.63,60.03]],[[-163.27,54.77],[-163.38,54.82],[-163.48,54.98],[-163.55,55.04],[-163.81,55.05],[-164.27,54.9],[-164.48,54.91],[-164.71,54.69],[-164.89,54.61],[-164.9,54.54],[-164.82,54.42],[-164.59,54.4],[-164.4,54.45],[-164.23,54.57],[-164.07,54.62],[-163.58,54.63],[-163.36,54.74],[-163.08,54.67],[-163.14,54.72],[-163.27,54.77]],[[-76.35,18.15],[-76.7,18.26],[-76.91,18.39],[-77.87,18.52],[-77.98,18.47],[-78.22,18.45],[-78.33,18.35],[-78.34,18.29],[-78.29,18.22],[-78.04,18.17],[-77.96,18.05],[-77.88,18.02],[-77.77,17.88],[-77.36,17.83],[-77.2,17.71],[-77.12,17.88],[-77.07,17.9],[-77.04,17.85],[-76.94,17.85],[-76.85,17.97],[-76.75,17.96],[-76.77,17.94],[-76.52,17.87],[-76.21,17.91],[-76.35,18.15]],[[-65.63,18.38],[-66.07,18.47],[-66.09,18.47],[-66.07,18.43],[-66.1,18.43],[-66.19,18.48],[-67.06,18.52],[-67.16,18.5],[-67.17,18.44],[-67.26,18.36],[-67.17,18.22],[-67.2,17.99],[-67.14,17.97],[-66.9,17.95],[-66.77,17.99],[-66.51,17.99],[-66.41,17.95],[-66.25,17.95],[-65.97,17.97],[-65.83,18.06],[-65.72,18.19],[-65.62,18.24],[-65.63,18.38]],[[-152.41,57.65],[-152.48,57.7],[-152.49,57.73],[-152.42,57.78],[-152.43,57.83],[-152.62,57.85],[-152.89,57.77],[-152.9,57.82],[-152.85,57.9],[-153.16,57.97],[-153.23,57.96],[-153.17,57.91],[-153.22,57.8],[-153.39,57.8],[-153.49,57.73],[-153.52,57.73],[-153.7,57.87],[-153.81,57.88],[-153.9,57.82],[-153.88,57.76],[-153.69,57.66],[-153.69,57.64],[-153.84,57.64],[-153.8,57.44],[-153.69,57.31],[-153.81,57.36],[-153.95,57.53],[-154.01,57.56],[-154.0,57.59],[-154.03,57.63],[-154.12,57.65],[-154.28,57.64],[-154.54,57.56],[-154.67,57.45],[-154.71,57.37],[-154.57,57.21],[-154.5,57.04],[-154.34,56.92],[-154.26,56.91],[-154.18,57.01],[-154.24,57.09],[-154.38,57.1],[-154.24,57.14],[-154.04,57.12],[-154.1,57.02],[-154.0,57.05],[-153.79,56.99],[-154.07,56.82],[-154.05,56.79],[-153.97,56.77],[-153.76,56.86],[-153.64,56.96],[-153.65,57.03],[-153.73,57.05],[-153.59,57.08],[-153.27,57.23],[-153.05,57.24],[-152.88,57.32],[-152.68,57.35],[-152.78,57.45],[-153.0,57.47],[-152.94,57.5],[-152.41,57.45],[-152.34,57.48],[-152.22,57.6],[-152.41,57.65]],[[-152.17,58.18],[-152.07,58.18],[-151.98,58.24],[-151.97,58.31],[-152.08,58.31],[-152.13,58.37],[-152.2,58.36],[-152.32,58.41],[-152.38,58.35],[-152.54,58.43],[-152.67,58.45],[-152.84,58.42],[-152.77,58.35],[-152.77,58.28],[-152.98,58.3],[-153.38,58.09],[-152.93,57.99],[-152.68,58.06],[-152.6,58.16],[-152.57,58.17],[-152.54,58.1],[-152.31,58.13],[-152.33,58.21],[-152.27,58.25],[-152.17,58.18]],[[-131.0,55.73],[-131.27,55.96],[-131.62,55.83],[-131.65,55.59],[-131.85,55.42],[-131.81,55.22],[-131.76,55.17],[-131.64,55.3],[-131.52,55.34],[-131.45,55.41],[-131.42,55.37],[-131.45,55.32],[-131.42,55.28],[-131.32,55.27],[-131.26,55.22],[-131.19,55.21],[-131.08,55.27],[-130.98,55.49],[-130.97,55.67],[-131.0,55.73]],[[-132.47,54.94],[-132.34,54.91],[-132.19,54.73],[-132.02,54.73],[-131.98,54.8],[-132.0,55.03],[-131.98,55.21],[-132.01,55.23],[-132.21,55.22],[-132.16,55.32],[-132.22,55.38],[-132.42,55.48],[-132.63,55.47],[-132.51,55.59],[-132.17,55.48],[-132.43,55.69],[-132.6,55.9],[-132.76,56.0],[-133.1,56.09],[-133.08,56.19],[-133.2,56.32],[-133.57,56.34],[-133.6,56.32],[-133.59,56.22],[-133.53,56.15],[-133.76,56.0],[-133.74,55.96],[-133.68,55.94],[-133.37,56.04],[-133.29,56.02],[-133.24,55.92],[-133.41,55.8],[-133.58,55.84],[-133.68,55.79],[-133.55,55.69],[-133.37,55.69],[-133.3,55.61],[-133.03,55.59],[-133.08,55.5],[-132.96,55.4],[-133.1,55.36],[-133.12,55.33],[-132.91,55.19],[-132.78,55.05],[-132.7,55.03],[-132.68,55.07],[-132.7,55.13],[-132.62,55.14],[-132.59,55.0],[-132.55,54.95],[-132.47,54.94]],[[-133.98,57.01],[-133.82,56.92],[-133.68,56.8],[-133.65,56.52],[-133.6,56.46],[-133.21,56.46],[-133.16,56.5],[-133.16,56.61],[-133.33,56.83],[-133.24,56.8],[-133.03,56.62],[-132.96,56.68],[-132.95,56.88],[-133.07,56.97],[-133.26,57.0],[-133.3,56.97],[-133.71,57.06],[-133.87,57.07],[-133.96,57.04],[-133.98,57.01]],[[-134.88,57.24],[-135.07,57.42],[-135.35,57.53],[-135.45,57.53],[-135.62,57.35],[-135.79,57.32],[-135.82,57.28],[-135.77,57.1],[-135.81,57.01],[-135.66,57.03],[-135.5,57.24],[-135.45,57.25],[-135.38,57.19],[-135.34,57.08],[-135.2,57.03],[-135.32,56.93],[-135.33,56.82],[-135.28,56.8],[-135.16,56.82],[-135.16,56.73],[-135.02,56.66],[-134.88,56.68],[-134.97,56.6],[-134.98,56.52],[-134.81,56.28],[-134.68,56.22],[-134.63,56.3],[-134.66,56.52],[-134.61,56.6],[-134.62,56.72],[-134.88,57.24]],[[-134.1,57.3],[-133.91,57.35],[-133.97,57.45],[-133.92,57.49],[-133.94,57.58],[-134.27,57.88],[-134.31,58.03],[-134.25,58.05],[-134.18,58.01],[-133.93,57.67],[-133.83,57.62],[-133.97,57.87],[-134.24,58.14],[-134.68,58.16],[-134.84,58.32],[-134.92,58.35],[-134.91,58.26],[-134.78,58.08],[-134.66,57.64],[-134.49,57.48],[-134.58,57.23],[-134.62,57.2],[-134.59,57.09],[-134.52,57.04],[-134.44,57.06],[-134.26,57.15],[-134.1,57.3]],[[-135.69,57.42],[-135.62,57.48],[-135.61,57.65],[-135.56,57.67],[-134.93,57.48],[-134.87,57.59],[-134.98,57.72],[-135.25,57.73],[-135.34,57.77],[-135.23,57.82],[-135.1,57.79],[-134.97,57.82],[-134.93,57.95],[-134.95,58.02],[-135.16,58.1],[-135.35,58.12],[-135.61,57.99],[-135.69,58.04],[-135.62,58.06],[-135.59,58.15],[-135.79,58.27],[-135.95,58.21],[-136.09,58.2],[-136.14,58.15],[-136.14,58.1],[-136.32,58.22],[-136.37,58.14],[-136.51,58.1],[-136.57,57.97],[-136.46,57.87],[-136.08,57.67],[-135.91,57.45],[-135.69,57.42]],[[-128.77,52.6],[-128.73,52.36],[-128.68,52.29],[-128.51,52.52],[-128.55,52.94],[-128.63,53.11],[-128.86,53.23],[-129.03,53.28],[-129.11,53.09],[-129.18,53.02],[-129.18,52.96],[-129.09,52.89],[-129.08,52.82],[-129.02,52.76],[-128.9,52.67],[-128.83,52.68],[-128.75,52.76],[-128.77,52.6]],[[-132.35,53.19],[-132.01,53.27],[-131.96,53.31],[-131.89,53.71],[-131.7,53.99],[-131.67,54.14],[-131.94,54.04],[-132.13,54.03],[-132.11,53.86],[-132.19,53.68],[-132.53,53.65],[-132.56,53.69],[-132.21,53.81],[-132.16,53.88],[-132.17,53.96],[-132.26,54.08],[-132.34,54.11],[-132.56,54.07],[-132.66,54.13],[-133.05,54.16],[-133.1,54.01],[-133.08,53.84],[-132.91,53.63],[-132.9,53.56],[-132.85,53.51],[-132.67,53.46],[-132.43,53.34],[-132.69,53.37],[-132.75,53.31],[-132.52,53.19],[-132.35,53.19]],[[-131.12,52.22],[-131.14,52.29],[-131.32,52.3],[-131.26,52.42],[-131.43,52.42],[-131.59,52.58],[-131.57,52.62],[-131.46,52.7],[-131.73,52.76],[-131.97,52.88],[-131.88,52.91],[-131.8,52.89],[-131.63,52.92],[-131.62,53.02],[-131.65,53.1],[-131.75,53.2],[-131.89,53.23],[-132.15,53.16],[-132.55,53.14],[-132.47,53.07],[-132.14,53.0],[-132.14,52.96],[-132.26,52.93],[-132.17,52.78],[-131.56,52.4],[-131.42,52.24],[-131.22,52.15],[-131.12,52.22]],[[-62.16,46.49],[-63.13,46.42],[-63.37,46.51],[-63.68,46.56],[-63.78,46.45],[-63.91,46.51],[-63.86,46.57],[-63.88,46.61],[-64.09,46.78],[-63.98,46.91],[-63.99,47.06],[-64.22,46.9],[-64.4,46.69],[-64.39,46.64],[-64.14,46.6],[-64.11,46.56],[-64.11,46.43],[-63.76,46.4],[-63.8,46.37],[-63.73,46.29],[-63.57,46.21],[-63.21,46.16],[-63.15,46.19],[-63.27,46.2],[-62.98,46.32],[-63.05,46.27],[-63.06,46.22],[-63.02,46.19],[-62.95,46.2],[-62.89,46.12],[-63.02,46.07],[-62.9,46.07],[-62.88,46.0],[-62.74,45.97],[-62.48,46.0],[-62.54,46.03],[-62.55,46.17],[-62.53,46.2],[-62.02,46.42],[-62.16,46.49]],[[-72.1,41.02],[-72.18,41.05],[-72.52,40.91],[-72.58,40.92],[-72.27,41.15],[-72.63,40.99],[-73.57,40.92],[-73.64,40.88],[-73.65,40.84],[-73.7,40.87],[-73.88,40.79],[-74.03,40.64],[-74.01,40.58],[-73.82,40.66],[-73.8,40.62],[-73.9,40.57],[-73.19,40.65],[-72.34,40.89],[-71.9,41.06],[-72.1,41.02]],[[152.2,-4.29],[152.12,-4.21],[151.97,-4.32],[151.82,-4.22],[151.59,-4.2],[151.54,-4.3],[151.66,-4.64],[151.67,-4.88],[151.57,-4.94],[151.33,-4.96],[151.14,-5.11],[150.95,-5.42],[150.73,-5.51],[150.63,-5.52],[150.52,-5.46],[150.4,-5.47],[150.3,-5.54],[150.18,-5.52],[150.11,-5.43],[150.07,-5.31],[150.08,-5.19],[150.17,-5.07],[150.09,-5.01],[150.05,-5.03],[150.01,-5.14],[149.96,-5.45],[149.83,-5.52],[149.63,-5.52],[149.36,-5.58],[149.0,-5.48],[148.56,-5.51],[148.43,-5.47],[148.34,-5.54],[148.34,-5.67],[148.4,-5.77],[148.72,-5.87],[149.1,-6.12],[149.38,-6.08],[149.48,-6.12],[149.65,-6.29],[150.47,-6.26],[150.81,-6.07],[151.04,-6.02],[151.23,-5.92],[151.42,-5.75],[151.52,-5.55],[151.87,-5.56],[152.08,-5.46],[152.14,-5.36],[151.99,-5.15],[151.98,-5.07],[152.01,-5.0],[152.26,-4.95],[152.4,-4.73],[152.36,-4.49],[152.41,-4.34],[152.2,-4.29]],[[124.2,-9.26],[123.88,-9.45],[123.71,-9.61],[123.67,-9.71],[123.59,-9.97],[123.6,-10.02],[123.72,-10.08],[123.6,-10.27],[123.75,-10.35],[123.86,-10.34],[124.18,-10.18],[124.43,-10.15],[124.96,-9.67],[125.0,-9.57],[125.41,-9.28],[125.84,-9.13],[125.95,-9.12],[126.16,-9.0],[126.49,-8.91],[126.67,-8.78],[126.92,-8.72],[127.3,-8.42],[127.21,-8.37],[126.97,-8.32],[126.62,-8.46],[125.8,-8.49],[125.38,-8.58],[125.18,-8.65],[125.03,-8.86],[124.65,-9.12],[124.2,-9.26]],[[147.79,-43.22],[147.65,-43.02],[147.69,-42.98],[147.77,-43.0],[147.8,-42.93],[147.57,-42.85],[147.54,-42.88],[147.54,-43.0],[147.45,-43.03],[147.41,-42.89],[147.3,-42.79],[147.35,-42.93],[147.32,-43.01],[147.26,-43.07],[147.25,-43.22],[147.17,-43.26],[147.0,-43.16],[146.99,-43.22],[147.08,-43.28],[146.87,-43.61],[146.7,-43.6],[146.55,-43.51],[146.19,-43.51],[146.04,-43.55],[145.98,-43.41],[145.99,-43.38],[146.23,-43.36],[146.21,-43.32],[145.98,-43.28],[145.87,-43.29],[145.8,-43.24],[145.61,-43.0],[145.49,-42.93],[145.27,-42.54],[145.2,-42.23],[145.37,-42.34],[145.47,-42.49],[145.53,-42.39],[145.36,-42.23],[145.33,-42.15],[145.29,-42.19],[145.23,-42.2],[145.26,-42.11],[145.24,-42.02],[145.06,-41.83],[144.78,-41.42],[144.65,-40.98],[144.72,-40.67],[145.04,-40.79],[145.28,-40.77],[145.35,-40.83],[145.53,-40.86],[145.82,-41.02],[146.32,-41.16],[146.57,-41.14],[146.72,-41.08],[146.85,-41.17],[146.86,-41.06],[146.99,-40.99],[147.32,-40.96],[147.45,-41.0],[147.62,-40.84],[147.87,-40.87],[147.97,-40.78],[148.22,-40.85],[148.29,-40.95],[148.31,-41.35],[148.29,-41.82],[148.34,-42.22],[148.33,-42.26],[148.29,-42.25],[148.28,-42.14],[148.18,-42.06],[148.24,-42.02],[148.21,-41.97],[148.17,-42.01],[148.16,-42.09],[148.07,-42.17],[148.02,-42.26],[148.01,-42.44],[147.92,-42.57],[147.91,-42.66],[147.98,-43.16],[147.79,-43.22]],[[97.87,80.76],[97.7,80.83],[97.41,80.84],[96.75,80.96],[96.56,81.03],[96.47,81.1],[95.8,81.28],[95.16,81.27],[95.06,81.19],[94.84,81.14],[93.07,80.99],[92.94,80.93],[92.71,80.87],[92.59,80.78],[93.26,80.79],[92.58,80.53],[91.9,80.48],[91.52,80.36],[91.64,80.27],[92.09,80.22],[92.2,80.18],[93.65,80.01],[93.87,80.01],[94.57,80.13],[97.18,80.24],[97.42,80.32],[97.29,80.34],[97.12,80.5],[97.03,80.54],[97.11,80.61],[97.22,80.65],[97.86,80.7],[97.87,80.76]],[[99.52,79.13],[99.32,79.23],[99.04,79.29],[99.54,79.28],[99.68,79.32],[99.78,79.63],[99.92,79.74],[100.06,79.78],[99.95,79.85],[99.29,80.02],[98.6,80.05],[98.47,80.01],[98.5,79.95],[98.35,79.88],[98.06,79.9],[97.65,79.76],[97.59,79.77],[97.63,79.85],[97.76,79.9],[97.81,79.96],[97.91,80.0],[98.02,80.02],[97.9,80.1],[97.59,80.17],[96.42,80.1],[95.5,80.11],[95.28,80.03],[94.99,80.1],[94.72,80.01],[94.35,79.94],[94.26,79.83],[93.85,79.7],[93.4,79.63],[93.07,79.5],[93.27,79.46],[93.76,79.45],[94.22,79.4],[94.31,79.31],[94.48,79.22],[94.62,79.19],[94.65,79.13],[94.79,79.09],[95.13,79.05],[95.53,79.1],[95.7,79.01],[95.8,79.0],[96.35,79.02],[96.81,78.98],[96.93,78.93],[97.56,78.83],[98.41,78.79],[99.44,78.83],[99.93,78.96],[99.81,79.1],[99.52,79.13]],[[105.15,78.82],[104.88,78.85],[104.63,78.84],[104.45,78.88],[104.48,78.92],[104.45,78.96],[104.09,79.01],[103.93,79.12],[103.8,79.15],[102.95,79.06],[102.59,78.87],[102.41,78.84],[102.88,79.25],[103.1,79.3],[102.79,79.39],[102.4,79.43],[102.28,79.43],[102.18,79.37],[102.18,79.31],[102.25,79.26],[102.01,79.26],[101.82,79.37],[101.64,79.36],[101.59,79.35],[101.54,79.25],[101.2,79.2],[101.05,79.12],[101.07,79.1],[101.03,79.02],[100.9,78.98],[100.86,78.9],[100.9,78.81],[100.96,78.79],[100.62,78.8],[100.42,78.75],[100.28,78.68],[100.26,78.57],[100.12,78.47],[100.02,78.34],[99.68,78.23],[99.55,78.18],[99.44,78.08],[99.29,78.04],[99.5,77.98],[99.85,77.96],[100.54,78.05],[101.2,78.19],[102.62,78.22],[102.8,78.19],[103.0,78.26],[103.72,78.26],[104.3,78.34],[104.74,78.34],[105.31,78.5],[105.34,78.59],[105.31,78.67],[105.15,78.82]],[[143.69,75.86],[143.19,75.81],[142.93,75.83],[142.46,75.9],[141.74,76.11],[141.49,76.14],[140.99,75.96],[140.93,75.87],[140.94,75.7],[140.82,75.63],[140.66,75.63],[140.5,75.69],[140.39,75.8],[140.05,75.83],[139.74,75.95],[139.11,76.11],[138.92,76.2],[138.81,76.2],[138.21,76.11],[137.98,76.03],[137.63,75.99],[137.5,75.91],[137.71,75.76],[137.36,75.78],[137.27,75.75],[137.22,75.55],[137.29,75.35],[136.98,75.37],[136.95,75.33],[137.01,75.24],[137.22,75.12],[137.68,75.01],[138.09,74.8],[139.1,74.66],[139.33,74.69],[139.43,74.75],[139.55,74.9],[139.68,74.96],[140.27,74.85],[141.99,74.99],[142.29,74.85],[142.47,74.82],[142.78,74.87],[143.13,74.97],[142.93,75.06],[142.62,75.13],[142.26,75.35],[142.15,75.46],[142.09,75.66],[142.55,75.72],[142.94,75.71],[143.0,75.66],[142.99,75.63],[142.73,75.54],[142.7,75.45],[142.73,75.34],[142.82,75.27],[143.17,75.12],[144.02,75.04],[144.41,75.1],[144.88,75.27],[144.73,75.37],[144.8,75.42],[145.02,75.49],[145.36,75.53],[145.26,75.59],[143.69,75.86]],[[143.34,73.57],[142.64,73.8],[142.18,73.9],[141.93,73.91],[141.08,73.87],[140.88,73.78],[140.59,73.56],[140.38,73.48],[139.69,73.43],[139.79,73.36],[139.93,73.36],[140.66,73.45],[141.6,73.31],[143.19,73.22],[143.49,73.25],[143.46,73.46],[143.34,73.57]],[[150.69,75.16],[150.53,75.1],[150.1,75.22],[149.08,75.26],[148.89,75.23],[148.59,75.24],[148.47,75.27],[148.52,75.34],[148.51,75.39],[148.43,75.41],[147.5,75.44],[147.06,75.36],[146.8,75.37],[146.75,75.43],[146.75,75.51],[146.54,75.58],[146.44,75.56],[146.34,75.48],[146.19,75.3],[146.15,75.2],[146.7,75.11],[147.14,75.0],[147.63,74.96],[148.09,74.83],[149.05,74.77],[149.84,74.8],[150.58,74.92],[150.65,74.94],[150.82,75.16],[150.69,75.16]],[[175.78,-36.8],[175.88,-36.96],[175.99,-37.44],[176.11,-37.54],[176.13,-37.59],[176.05,-37.56],[176.04,-37.6],[176.77,-37.89],[177.16,-37.99],[177.34,-37.99],[177.56,-37.9],[177.73,-37.71],[178.01,-37.55],[178.27,-37.57],[178.54,-37.69],[178.39,-37.96],[178.32,-38.44],[178.27,-38.55],[178.08,-38.69],[177.98,-38.72],[177.91,-39.02],[177.97,-39.14],[177.91,-39.24],[177.79,-39.11],[177.52,-39.07],[177.3,-39.12],[177.08,-39.22],[176.95,-39.37],[176.94,-39.56],[176.97,-39.61],[177.11,-39.67],[176.84,-40.16],[176.69,-40.29],[176.61,-40.44],[176.39,-40.67],[175.98,-41.21],[175.69,-41.41],[175.31,-41.61],[175.22,-41.57],[175.17,-41.42],[175.05,-41.39],[174.88,-41.42],[174.88,-41.28],[174.9,-41.24],[174.87,-41.22],[174.82,-41.26],[174.84,-41.29],[174.76,-41.33],[174.67,-41.33],[174.64,-41.29],[175.02,-40.85],[175.16,-40.62],[175.25,-40.29],[175.16,-40.11],[175.01,-39.95],[174.81,-39.86],[174.57,-39.81],[174.35,-39.64],[173.93,-39.51],[173.81,-39.43],[173.76,-39.32],[173.78,-39.21],[173.84,-39.14],[174.07,-39.03],[174.4,-38.96],[174.57,-38.84],[174.6,-38.79],[174.72,-38.23],[174.84,-38.02],[174.8,-37.9],[174.93,-37.8],[174.73,-37.45],[174.77,-37.34],[174.71,-37.33],[174.59,-37.1],[174.61,-37.07],[174.66,-37.09],[174.73,-37.22],[174.75,-37.15],[174.8,-37.11],[174.93,-37.08],[174.78,-36.94],[174.6,-36.99],[174.48,-36.94],[174.38,-36.73],[174.19,-36.49],[174.25,-36.48],[174.4,-36.6],[174.45,-36.51],[174.45,-36.45],[174.35,-36.38],[174.39,-36.24],[174.27,-36.16],[174.28,-36.24],[174.25,-36.25],[174.04,-36.12],[173.91,-35.91],[173.92,-36.02],[174.17,-36.33],[174.15,-36.38],[174.1,-36.39],[174.05,-36.36],[173.95,-36.18],[173.41,-35.54],[173.63,-35.32],[173.58,-35.31],[173.5,-35.36],[173.38,-35.5],[173.31,-35.44],[173.27,-35.34],[173.23,-35.33],[173.12,-35.21],[173.19,-35.12],[173.19,-35.02],[172.71,-34.46],[173.04,-34.43],[172.96,-34.54],[173.28,-34.98],[173.45,-34.84],[173.44,-34.93],[173.47,-34.95],[173.69,-35.01],[173.79,-35.07],[173.84,-35.03],[174.1,-35.14],[174.14,-35.3],[174.2,-35.31],[174.32,-35.25],[174.54,-35.58],[174.51,-35.67],[174.58,-35.79],[174.39,-35.77],[174.4,-35.8],[174.8,-36.31],[174.75,-36.49],[174.82,-36.61],[174.78,-36.65],[174.72,-36.84],[174.89,-36.91],[174.95,-36.85],[175.3,-36.99],[175.35,-37.16],[175.39,-37.21],[175.46,-37.22],[175.54,-37.2],[175.57,-37.16],[175.49,-36.87],[175.49,-36.69],[175.39,-36.56],[175.4,-36.5],[175.46,-36.48],[175.68,-36.75],[175.77,-36.74],[175.78,-36.8]],[[172.89,-43.12],[173.22,-42.98],[173.35,-42.84],[173.55,-42.52],[173.84,-42.27],[173.89,-42.21],[173.89,-42.13],[173.97,-42.08],[174.24,-41.81],[174.28,-41.74],[174.22,-41.68],[174.08,-41.67],[174.16,-41.56],[174.09,-41.51],[174.07,-41.43],[174.1,-41.37],[174.24,-41.31],[174.37,-41.19],[174.37,-41.1],[174.14,-41.25],[174.04,-41.24],[174.2,-41.16],[174.3,-41.02],[174.22,-41.02],[174.21,-40.99],[174.0,-40.99],[174.02,-41.07],[173.96,-41.1],[173.9,-41.24],[173.8,-41.27],[173.86,-41.19],[173.86,-41.12],[173.92,-41.07],[173.89,-41.01],[173.95,-40.98],[174.0,-40.92],[173.95,-40.92],[173.74,-40.99],[173.23,-41.28],[173.12,-41.28],[173.07,-41.19],[173.04,-40.95],[172.99,-40.85],[172.77,-40.77],[172.7,-40.67],[172.73,-40.54],[172.94,-40.52],[172.83,-40.49],[172.64,-40.52],[172.27,-40.76],[172.14,-40.95],[172.09,-41.2],[172.01,-41.44],[171.95,-41.54],[171.73,-41.72],[171.54,-41.76],[171.49,-41.79],[171.25,-42.4],[171.31,-42.46],[171.19,-42.5],[171.03,-42.7],[171.04,-42.86],[171.01,-42.89],[171.01,-42.76],[170.97,-42.72],[170.74,-42.93],[170.74,-43.03],[170.67,-42.96],[170.52,-43.01],[170.61,-43.09],[170.46,-43.04],[170.3,-43.11],[170.37,-43.13],[170.4,-43.18],[170.3,-43.14],[170.24,-43.16],[170.02,-43.35],[169.86,-43.43],[169.91,-43.45],[169.84,-43.46],[169.83,-43.54],[169.52,-43.62],[169.17,-43.78],[169.14,-43.82],[169.18,-43.91],[169.07,-43.86],[168.81,-43.99],[168.65,-43.97],[168.37,-44.08],[167.86,-44.5],[167.91,-44.66],[167.79,-44.6],[167.58,-44.74],[167.48,-44.77],[167.46,-44.84],[167.48,-44.87],[167.47,-44.96],[167.41,-44.83],[167.17,-45.0],[167.26,-45.08],[167.19,-45.09],[167.13,-45.05],[167.03,-45.12],[167.03,-45.22],[167.23,-45.29],[167.12,-45.32],[167.16,-45.41],[166.87,-45.31],[166.88,-45.37],[166.92,-45.41],[166.78,-45.41],[166.73,-45.54],[166.99,-45.53],[166.83,-45.6],[166.8,-45.65],[166.81,-45.7],[167.0,-45.71],[166.84,-45.77],[166.51,-45.81],[166.48,-45.9],[166.49,-45.96],[166.61,-45.96],[166.72,-45.89],[166.73,-45.96],[166.65,-46.04],[166.73,-46.05],[166.92,-45.96],[166.71,-46.13],[166.73,-46.2],[166.83,-46.23],[167.37,-46.24],[167.54,-46.15],[167.68,-46.19],[167.84,-46.37],[168.19,-46.36],[168.32,-46.45],[168.34,-46.49],[168.33,-46.55],[168.38,-46.61],[168.57,-46.61],[168.77,-46.57],[169.1,-46.63],[169.34,-46.62],[169.69,-46.55],[169.92,-46.33],[170.19,-46.16],[170.34,-45.99],[170.42,-45.94],[170.78,-45.87],[170.79,-45.79],[170.7,-45.68],[170.89,-45.37],[170.94,-45.22],[171.11,-45.04],[171.13,-44.98],[171.0,-44.91],[171.15,-44.91],[171.23,-44.52],[171.31,-44.3],[171.24,-44.26],[171.36,-44.25],[171.44,-44.14],[171.66,-44.12],[172.18,-43.9],[172.04,-43.7],[172.3,-43.87],[172.35,-43.86],[172.4,-43.78],[172.48,-43.73],[172.58,-43.77],[172.48,-43.83],[172.5,-43.84],[172.75,-43.81],[172.82,-43.87],[172.92,-43.89],[173.07,-43.87],[173.12,-43.8],[173.07,-43.68],[172.81,-43.62],[172.74,-43.47],[172.69,-43.44],[172.53,-43.46],[172.7,-43.4],[172.73,-43.35],[172.62,-43.27],[172.72,-43.26],[172.89,-43.12]],[[126.59,7.55],[126.54,7.72],[126.44,7.83],[126.46,8.2],[126.38,8.33],[126.37,8.48],[126.14,8.6],[126.32,8.84],[126.3,8.95],[126.19,9.12],[126.19,9.28],[126.09,9.26],[126.01,9.32],[125.88,9.51],[125.52,9.76],[125.47,9.76],[125.41,9.67],[125.53,9.14],[125.5,9.01],[125.38,8.99],[125.21,9.03],[125.14,8.87],[124.87,8.97],[124.79,8.87],[124.73,8.56],[124.62,8.52],[124.45,8.61],[124.4,8.6],[124.33,8.51],[124.2,8.23],[123.8,8.05],[123.75,8.06],[123.88,8.19],[123.85,8.43],[123.78,8.55],[123.68,8.62],[123.43,8.7],[123.34,8.57],[123.15,8.52],[123.05,8.43],[123.0,8.36],[123.0,8.22],[122.91,8.16],[122.67,8.13],[122.39,8.05],[122.24,7.95],[122.13,7.81],[122.05,7.36],[121.92,7.2],[121.9,7.08],[121.96,6.97],[122.03,6.93],[122.1,6.91],[122.14,6.95],[122.47,7.64],[122.62,7.76],[122.71,7.77],[122.79,7.72],[122.84,7.53],[122.99,7.55],[123.1,7.7],[123.18,7.53],[123.39,7.41],[123.49,7.81],[123.55,7.83],[123.67,7.82],[123.76,7.74],[123.97,7.66],[124.21,7.4],[124.19,7.27],[124.05,7.11],[123.99,6.99],[124.08,6.4],[124.21,6.23],[124.64,6.0],[124.93,5.88],[125.04,5.87],[125.17,6.05],[125.23,6.07],[125.27,6.03],[125.24,5.76],[125.29,5.63],[125.35,5.6],[125.46,5.66],[125.67,5.98],[125.67,6.22],[125.59,6.47],[125.38,6.69],[125.4,6.8],[125.54,7.02],[125.64,7.11],[125.69,7.26],[125.82,7.33],[126.04,6.84],[126.11,6.49],[126.19,6.31],[126.24,6.73],[126.19,6.85],[126.22,6.89],[126.29,6.88],[126.44,7.01],[126.55,7.18],[126.58,7.25],[126.59,7.55]],[[122.29,18.23],[122.18,18.06],[122.15,17.66],[122.24,17.43],[122.39,17.31],[122.41,17.18],[122.52,17.12],[122.5,17.06],[122.43,16.82],[122.23,16.44],[122.14,16.18],[121.97,16.16],[121.79,16.08],[121.6,15.93],[121.56,15.83],[121.61,15.67],[121.41,15.38],[121.4,15.27],[121.7,14.74],[121.63,14.68],[121.63,14.58],[121.77,14.17],[121.91,14.02],[122.08,13.95],[122.21,13.93],[122.23,13.98],[122.29,14.0],[122.2,14.15],[122.49,14.32],[122.63,14.32],[122.86,14.25],[122.93,14.19],[123.07,13.96],[123.06,13.79],[123.1,13.75],[123.23,13.75],[123.3,13.84],[123.31,13.94],[123.26,13.98],[123.32,14.06],[123.43,13.97],[123.73,13.88],[123.86,13.8],[123.81,13.72],[123.61,13.7],[123.55,13.65],[123.61,13.53],[123.82,13.27],[123.79,13.11],[123.87,13.12],[124.07,13.03],[124.14,13.04],[124.14,12.79],[124.06,12.57],[123.96,12.59],[123.88,12.69],[123.95,12.92],[123.92,12.94],[123.74,12.9],[123.63,12.91],[123.4,13.03],[123.31,13.04],[123.3,13.22],[123.16,13.44],[122.86,13.62],[122.78,13.74],[122.6,13.91],[122.49,13.93],[122.47,13.89],[122.51,13.66],[122.6,13.56],[122.67,13.4],[122.68,13.25],[122.6,13.19],[122.52,13.26],[122.5,13.36],[122.38,13.52],[122.07,13.79],[121.78,13.94],[121.69,13.93],[121.5,13.84],[121.45,13.79],[121.45,13.71],[121.34,13.65],[121.2,13.64],[121.1,13.68],[121.01,13.76],[120.93,13.76],[120.84,13.88],[120.73,13.9],[120.64,13.8],[120.62,14.19],[120.69,14.29],[120.92,14.49],[120.95,14.56],[120.94,14.65],[120.89,14.72],[120.71,14.78],[120.58,14.88],[120.55,14.77],[120.59,14.48],[120.56,14.44],[120.44,14.45],[120.4,14.49],[120.37,14.61],[120.28,14.68],[120.25,14.79],[120.14,14.8],[120.08,14.85],[120.04,15.11],[119.93,15.43],[119.89,15.84],[119.77,16.01],[119.77,16.26],[119.83,16.33],[120.03,16.18],[120.16,16.05],[120.34,16.07],[120.39,16.16],[120.31,16.53],[120.32,16.76],[120.41,16.96],[120.42,17.09],[120.42,17.44],[120.36,17.64],[120.58,18.37],[120.6,18.51],[120.81,18.6],[120.92,18.59],[121.1,18.62],[121.25,18.56],[121.59,18.38],[121.95,18.29],[122.04,18.33],[122.15,18.49],[122.22,18.5],[122.3,18.4],[122.29,18.23]],[[140.66,-8.85],[140.49,-8.62],[140.1,-8.3],[139.98,-8.17],[140.12,-7.92],[139.93,-8.1],[139.65,-8.13],[139.39,-8.19],[139.32,-8.17],[139.28,-8.11],[139.25,-7.98],[139.19,-8.09],[138.93,-8.26],[138.89,-8.24],[138.86,-8.15],[139.09,-7.59],[139.05,-7.53],[138.94,-7.47],[138.89,-7.37],[138.75,-7.25],[138.86,-7.2],[139.06,-7.23],[139.18,-7.19],[139.05,-7.2],[138.85,-7.14],[138.72,-7.07],[138.6,-6.94],[138.6,-6.91],[138.86,-6.86],[138.73,-6.73],[138.7,-6.63],[138.44,-6.34],[138.3,-5.95],[138.31,-5.89],[138.37,-5.84],[138.2,-5.81],[138.24,-5.72],[138.34,-5.68],[138.09,-5.71],[138.06,-5.47],[137.89,-5.35],[137.84,-5.35],[137.76,-5.26],[137.31,-5.01],[137.28,-4.95],[137.2,-4.99],[137.09,-4.92],[136.86,-4.89],[136.62,-4.82],[135.98,-4.53],[135.45,-4.44],[135.2,-4.45],[134.75,-4.2],[134.68,-4.08],[134.71,-3.95],[134.89,-3.94],[134.76,-3.92],[134.55,-3.98],[134.39,-3.91],[134.27,-3.95],[134.15,-3.8],[133.97,-3.82],[133.9,-3.72],[133.72,-3.58],[133.68,-3.48],[133.7,-3.25],[133.84,-3.05],[133.77,-3.04],[133.7,-3.09],[133.66,-3.19],[133.65,-3.36],[133.6,-3.42],[133.52,-3.41],[133.54,-3.52],[133.51,-3.62],[133.42,-3.73],[133.4,-3.9],[133.25,-4.06],[132.97,-4.09],[132.91,-4.06],[132.84,-3.95],[132.75,-3.7],[132.87,-3.55],[132.83,-3.41],[132.75,-3.29],[132.35,-2.98],[132.05,-2.91],[131.97,-2.79],[132.23,-2.68],[132.58,-2.73],[132.72,-2.79],[132.9,-2.66],[133.03,-2.49],[133.19,-2.44],[133.61,-2.55],[133.7,-2.62],[133.75,-2.45],[133.9,-2.39],[133.9,-2.3],[133.79,-2.29],[133.9,-2.18],[133.92,-2.1],[133.71,-2.19],[133.49,-2.23],[133.22,-2.21],[132.96,-2.27],[132.5,-2.22],[132.31,-2.24],[132.02,-1.99],[131.94,-1.71],[131.93,-1.56],[131.73,-1.54],[131.29,-1.39],[131.12,-1.46],[131.0,-1.42],[131.05,-1.28],[131.19,-1.17],[131.25,-1.01],[131.26,-0.86],[131.8,-0.7],[132.13,-0.45],[132.39,-0.36],[132.51,-0.35],[132.86,-0.42],[133.47,-0.73],[133.85,-0.73],[134.02,-0.77],[134.11,-0.85],[134.07,-1.0],[134.26,-1.36],[134.22,-1.53],[134.11,-1.72],[134.16,-2.2],[134.19,-2.31],[134.46,-2.83],[134.49,-2.71],[134.48,-2.58],[134.57,-2.51],[134.63,-2.54],[134.7,-2.93],[134.77,-2.94],[134.84,-2.91],[134.89,-3.21],[135.04,-3.33],[135.25,-3.37],[135.49,-3.35],[135.86,-3.0],[136.01,-2.73],[136.24,-2.58],[136.39,-2.27],[136.84,-2.2],[137.07,-2.11],[137.17,-2.03],[137.12,-1.84],[137.62,-1.57],[137.81,-1.48],[137.91,-1.48],[138.11,-1.62],[138.65,-1.79],[138.81,-1.92],[139.15,-2.04],[139.79,-2.35],[140.15,-2.35],[140.25,-2.41],[140.62,-2.45],[140.72,-2.51],[140.75,-2.61],[141.19,-2.63],[141.84,-2.93],[141.99,-2.96],[142.21,-3.08],[142.55,-3.2],[142.91,-3.32],[143.51,-3.43],[144.07,-3.81],[144.48,-3.83],[144.63,-3.99],[144.84,-4.1],[145.09,-4.35],[145.33,-4.39],[145.77,-4.82],[145.79,-5.18],[145.75,-5.4],[145.85,-5.47],[146.4,-5.62],[147.03,-5.92],[147.38,-5.95],[147.57,-6.06],[147.8,-6.32],[147.85,-6.55],[147.85,-6.66],[147.81,-6.7],[147.71,-6.72],[147.12,-6.72],[146.95,-6.83],[146.96,-6.93],[147.1,-7.17],[147.19,-7.38],[147.72,-7.88],[148.13,-8.1],[148.25,-8.55],[148.45,-8.69],[148.58,-9.05],[148.68,-9.09],[148.79,-9.09],[149.1,-9.02],[149.2,-9.03],[149.25,-9.07],[149.26,-9.18],[149.2,-9.41],[149.26,-9.5],[149.48,-9.59],[149.87,-9.63],[150.01,-9.69],[149.98,-9.74],[149.76,-9.81],[149.76,-9.87],[149.87,-10.01],[150.36,-10.19],[150.54,-10.21],[150.67,-10.26],[150.85,-10.24],[150.64,-10.34],[150.45,-10.31],[150.41,-10.34],[150.49,-10.43],[150.65,-10.52],[150.48,-10.64],[150.32,-10.65],[150.02,-10.58],[149.95,-10.48],[149.75,-10.35],[148.94,-10.26],[148.65,-10.16],[148.43,-10.19],[148.27,-10.13],[148.15,-10.11],[148.05,-10.13],[147.77,-10.07],[147.55,-9.91],[147.41,-9.67],[147.02,-9.39],[146.93,-9.25],[146.96,-9.06],[146.86,-9.09],[146.7,-9.03],[146.63,-8.95],[146.46,-8.64],[146.3,-8.46],[146.25,-8.34],[146.08,-8.11],[145.73,-7.95],[145.47,-7.93],[145.29,-7.86],[144.97,-7.8],[144.89,-7.73],[144.86,-7.63],[144.77,-7.64],[144.51,-7.57],[144.45,-7.6],[144.43,-7.68],[144.35,-7.67],[144.23,-7.76],[144.14,-7.76],[143.9,-7.67],[143.65,-7.46],[143.74,-7.55],[143.94,-7.94],[143.84,-7.94],[143.89,-8.02],[143.83,-8.03],[143.52,-8.0],[143.61,-8.2],[143.09,-8.31],[142.91,-8.31],[142.71,-8.27],[142.52,-8.32],[142.45,-8.32],[142.35,-8.17],[142.21,-8.2],[142.33,-8.2],[142.39,-8.31],[142.47,-8.37],[142.58,-8.34],[142.8,-8.35],[143.11,-8.47],[143.38,-8.76],[143.37,-8.96],[142.65,-9.33],[142.23,-9.17],[141.62,-9.21],[141.41,-9.15],[141.13,-9.22],[140.92,-9.09],[140.66,-8.85]],[[119.77,-0.48],[119.72,-0.09],[119.74,-0.05],[119.84,-0.02],[119.87,0.04],[119.81,0.24],[119.91,0.45],[120.04,0.57],[120.06,0.69],[120.23,0.86],[120.29,0.98],[120.32,0.98],[120.42,0.85],[120.52,0.82],[120.6,0.85],[120.75,1.04],[120.87,1.25],[120.97,1.31],[121.08,1.33],[121.21,1.26],[121.4,1.24],[121.51,1.1],[121.59,1.07],[121.87,1.09],[122.11,1.03],[122.44,1.02],[122.84,0.85],[122.89,0.85],[122.96,0.92],[123.07,0.94],[123.85,0.84],[123.93,0.85],[124.27,1.02],[124.41,1.19],[124.53,1.23],[124.6,1.39],[124.79,1.47],[124.99,1.7],[125.11,1.69],[125.16,1.64],[125.23,1.5],[125.12,1.38],[124.97,1.08],[124.7,0.83],[124.51,0.56],[124.43,0.47],[124.22,0.38],[123.75,0.31],[123.53,0.3],[123.27,0.33],[123.08,0.49],[123.0,0.49],[122.28,0.48],[121.84,0.44],[121.52,0.5],[121.01,0.44],[120.58,0.53],[120.46,0.51],[120.35,0.45],[120.19,0.27],[120.08,0.04],[120.01,-0.2],[120.06,-0.56],[120.24,-0.87],[120.52,-1.04],[120.67,-1.37],[121.03,-1.41],[121.15,-1.34],[121.28,-1.12],[121.43,-0.94],[121.58,-0.83],[121.74,-0.93],[121.97,-0.93],[122.28,-0.76],[122.89,-0.76],[122.83,-0.66],[123.17,-0.57],[123.38,-0.65],[123.43,-0.78],[123.38,-1.0],[123.3,-1.03],[123.23,-1.0],[123.15,-0.91],[123.05,-0.87],[122.9,-0.9],[122.81,-0.97],[122.51,-1.35],[122.25,-1.56],[121.86,-1.69],[121.72,-1.86],[121.65,-1.9],[121.57,-1.91],[121.39,-1.83],[121.36,-1.88],[121.35,-1.95],[121.5,-2.05],[121.58,-2.15],[121.77,-2.24],[122.08,-2.75],[122.29,-2.91],[122.31,-3.05],[122.4,-3.2],[122.32,-3.28],[122.25,-3.62],[122.43,-3.74],[122.58,-3.88],[122.61,-3.98],[122.69,-4.08],[122.75,-4.1],[122.8,-4.05],[122.85,-4.06],[122.9,-4.23],[122.87,-4.39],[122.72,-4.34],[122.72,-4.41],[122.47,-4.42],[122.11,-4.54],[122.05,-4.62],[122.07,-4.79],[122.04,-4.83],[121.92,-4.85],[121.59,-4.76],[121.51,-4.68],[121.49,-4.58],[121.54,-4.28],[121.62,-4.09],[121.54,-4.01],[121.31,-3.92],[120.89,-3.52],[120.91,-3.4],[121.05,-3.17],[121.05,-2.75],[120.99,-2.67],[120.88,-2.65],[120.65,-2.67],[120.26,-2.95],[120.25,-3.05],[120.39,-3.35],[120.44,-3.71],[120.38,-3.85],[120.36,-4.09],[120.42,-4.62],[120.28,-5.15],[120.39,-5.39],[120.43,-5.59],[120.31,-5.54],[119.95,-5.58],[119.72,-5.69],[119.56,-5.61],[119.38,-5.42],[119.36,-5.31],[119.52,-4.88],[119.52,-4.74],[119.59,-4.52],[119.62,-4.03],[119.48,-3.73],[119.49,-3.55],[119.47,-3.51],[119.36,-3.46],[118.99,-3.54],[118.87,-3.4],[118.81,-3.16],[118.86,-2.93],[118.78,-2.72],[119.09,-2.48],[119.17,-2.14],[119.32,-1.93],[119.35,-1.83],[119.31,-1.66],[119.31,-1.41],[119.51,-0.91],[119.71,-0.68],[119.84,-0.86],[119.77,-0.48]],[[110.61,-8.15],[111.51,-8.31],[112.12,-8.32],[112.68,-8.41],[113.02,-8.31],[113.25,-8.29],[113.94,-8.57],[114.16,-8.63],[114.28,-8.61],[114.46,-8.74],[114.58,-8.77],[114.6,-8.73],[114.6,-8.68],[114.45,-8.56],[114.39,-8.41],[114.44,-7.9],[114.38,-7.77],[114.07,-7.63],[113.5,-7.72],[113.25,-7.72],[113.01,-7.66],[112.79,-7.55],[112.79,-7.3],[112.65,-7.22],[112.54,-6.93],[112.09,-6.89],[111.99,-6.81],[111.74,-6.77],[111.54,-6.65],[111.34,-6.7],[111.18,-6.69],[110.97,-6.44],[110.83,-6.42],[110.74,-6.47],[110.58,-6.81],[110.52,-6.9],[110.43,-6.95],[110.2,-6.9],[109.82,-6.9],[109.5,-6.81],[109.4,-6.86],[109.29,-6.87],[108.68,-6.79],[108.6,-6.73],[108.52,-6.47],[108.33,-6.29],[108.25,-6.27],[108.14,-6.3],[107.67,-6.22],[107.47,-6.12],[107.33,-5.98],[107.16,-5.96],[107.05,-5.9],[107.01,-6.01],[106.93,-6.07],[106.83,-6.1],[106.68,-6.04],[106.17,-5.96],[106.08,-5.91],[105.94,-6.02],[105.87,-6.12],[105.79,-6.46],[105.71,-6.5],[105.66,-6.47],[105.58,-6.67],[105.48,-6.78],[105.39,-6.75],[105.37,-6.66],[105.24,-6.78],[105.26,-6.84],[105.3,-6.84],[105.94,-6.86],[106.52,-7.05],[106.42,-7.24],[106.41,-7.31],[106.46,-7.37],[106.54,-7.39],[107.28,-7.47],[107.55,-7.54],[107.8,-7.69],[108.22,-7.78],[108.45,-7.8],[108.57,-7.71],[108.74,-7.67],[109.28,-7.7],[110.04,-7.89],[110.61,-8.15]],[[100.82,2.14],[100.83,2.24],[100.88,2.28],[100.94,2.29],[101.05,2.26],[101.3,2.01],[101.41,1.76],[101.48,1.69],[101.78,1.62],[102.02,1.44],[102.16,1.26],[102.24,0.99],[102.39,0.84],[102.57,0.75],[102.85,0.72],[103.03,0.58],[103.07,0.49],[103.01,0.42],[102.55,0.22],[102.9,0.28],[103.34,0.51],[103.48,0.48],[103.58,0.39],[103.74,0.17],[103.79,0.05],[103.43,-0.19],[103.41,-0.24],[103.44,-0.27],[103.41,-0.36],[103.5,-0.42],[103.51,-0.47],[103.43,-0.53],[103.44,-0.58],[103.53,-0.75],[103.72,-0.89],[104.2,-1.05],[104.36,-1.04],[104.52,-1.7],[104.52,-1.82],[104.57,-1.92],[104.85,-2.09],[104.83,-2.23],[104.65,-2.43],[104.65,-2.6],[104.7,-2.6],[104.88,-2.42],[104.97,-2.37],[105.29,-2.36],[105.4,-2.38],[105.58,-2.49],[106.04,-3.11],[106.06,-3.22],[105.9,-3.41],[105.84,-3.61],[105.85,-3.73],[105.93,-3.83],[105.83,-4.16],[105.89,-4.55],[105.89,-5.01],[105.82,-5.68],[105.75,-5.82],[105.62,-5.8],[105.52,-5.67],[105.35,-5.55],[105.08,-5.75],[104.64,-5.52],[104.62,-5.64],[104.68,-5.89],[104.6,-5.9],[104.07,-5.39],[103.83,-5.08],[102.92,-4.47],[102.54,-4.15],[102.37,-3.97],[102.13,-3.6],[101.65,-3.24],[101.31,-2.73],[101.12,-2.59],[100.89,-2.25],[100.85,-2.14],[100.86,-1.93],[100.49,-1.3],[100.29,-0.8],[99.86,-0.31],[99.67,0.05],[99.33,0.21],[99.16,0.35],[98.8,1.49],[98.6,1.86],[98.09,2.2],[97.8,2.28],[97.7,2.36],[97.59,2.85],[97.39,2.98],[96.97,3.58],[96.8,3.71],[96.53,3.77],[96.44,3.82],[96.23,4.07],[95.99,4.26],[95.49,4.76],[95.21,5.28],[95.25,5.41],[95.23,5.56],[95.4,5.63],[95.74,5.58],[96.03,5.35],[96.25,5.27],[96.62,5.22],[96.84,5.27],[96.97,5.27],[97.19,5.21],[97.45,5.24],[97.55,5.21],[97.91,4.88],[98.0,4.66],[98.25,4.41],[98.27,4.32],[98.24,4.19],[98.31,4.09],[98.66,3.93],[98.78,3.76],[99.15,3.58],[99.73,3.18],[99.91,2.99],[100.13,2.65],[100.52,2.19],[100.69,2.12],[100.89,1.95],[100.88,2.05],[100.82,2.14]],[[112.12,2.91],[111.62,2.82],[111.51,2.74],[111.44,2.63],[111.44,2.38],[111.35,2.36],[111.24,2.44],[111.21,2.38],[111.21,2.2],[111.27,2.14],[111.17,1.9],[111.15,1.74],[111.05,1.63],[111.03,1.56],[111.06,1.49],[111.22,1.4],[111.1,1.4],[110.89,1.53],[110.68,1.55],[110.35,1.72],[110.11,1.7],[109.86,1.76],[109.72,1.86],[109.63,2.03],[109.38,1.92],[109.27,1.71],[109.08,1.5],[109.01,1.24],[109.13,1.25],[108.96,1.13],[108.91,0.79],[108.94,0.36],[109.07,0.25],[109.26,0.03],[109.19,-0.01],[109.12,-0.27],[109.13,-0.45],[109.26,-0.58],[109.37,-0.64],[109.27,-0.73],[109.26,-0.81],[109.29,-0.85],[109.68,-0.94],[109.87,-1.1],[109.98,-1.27],[110.04,-1.53],[110.02,-1.64],[109.96,-1.74],[109.96,-1.86],[110.08,-1.95],[110.1,-2.0],[110.26,-2.97],[110.3,-2.99],[110.38,-2.93],[110.57,-2.89],[110.7,-3.02],[110.9,-2.91],[110.83,-3.0],[110.93,-3.07],[111.37,-2.93],[111.63,-2.98],[111.69,-2.89],[111.76,-2.94],[111.82,-3.06],[111.82,-3.53],[111.86,-3.55],[111.95,-3.53],[112.13,-3.38],[112.28,-3.32],[112.6,-3.4],[112.76,-3.32],[112.97,-3.19],[113.03,-2.93],[113.34,-3.25],[113.53,-3.18],[113.61,-3.2],[113.63,-3.42],[113.71,-3.46],[113.8,-3.46],[113.96,-3.39],[114.08,-3.28],[114.18,-3.35],[114.24,-3.36],[114.34,-3.24],[114.3,-3.36],[114.34,-3.44],[114.45,-3.48],[114.53,-3.38],[114.61,-3.7],[114.63,-4.11],[114.69,-4.17],[115.96,-3.6],[116.06,-3.35],[116.17,-3.18],[116.26,-3.13],[116.15,-2.98],[116.17,-2.93],[116.23,-2.98],[116.29,-2.96],[116.33,-2.9],[116.38,-2.58],[116.31,-2.6],[116.32,-2.55],[116.35,-2.52],[116.45,-2.54],[116.53,-2.51],[116.55,-2.41],[116.57,-2.3],[116.53,-2.21],[116.31,-2.14],[116.42,-2.05],[116.45,-1.92],[116.42,-1.78],[116.28,-1.78],[116.33,-1.71],[116.52,-1.6],[116.55,-1.47],[116.75,-1.33],[116.77,-1.27],[116.73,-1.15],[116.74,-1.04],[116.8,-1.18],[116.91,-1.22],[117.0,-1.19],[117.24,-0.93],[117.56,-0.77],[117.55,-0.55],[117.46,-0.32],[117.52,0.24],[117.75,0.73],[117.92,0.83],[117.96,0.89],[117.98,0.96],[117.91,1.1],[118.2,0.87],[118.53,0.81],[118.89,0.89],[118.98,0.98],[118.96,1.04],[118.85,1.1],[118.64,1.32],[118.08,1.7],[117.79,2.03],[117.88,2.06],[118.04,2.22],[118.07,2.32],[117.89,2.54],[117.79,2.75],[117.64,2.83],[117.7,2.89],[117.57,2.93],[117.64,2.95],[117.61,3.06],[117.35,3.19],[117.32,3.24],[117.38,3.37],[117.35,3.43],[117.17,3.59],[117.06,3.62],[117.45,3.63],[117.51,3.73],[117.63,3.64],[117.71,3.64],[117.78,3.69],[117.73,3.8],[117.57,3.93],[117.56,3.99],[117.47,4.08],[117.5,4.13],[117.6,4.2],[117.7,4.34],[118.01,4.25],[118.55,4.38],[118.6,4.46],[118.56,4.5],[118.32,4.67],[118.19,4.83],[118.26,4.99],[118.38,5.02],[118.67,4.96],[119.13,5.1],[119.25,5.2],[119.26,5.37],[119.18,5.43],[118.96,5.43],[118.59,5.59],[118.51,5.73],[118.35,5.81],[118.25,5.82],[118.14,5.75],[117.97,5.71],[117.93,5.79],[118.12,5.86],[118.0,6.05],[117.82,5.94],[117.5,5.88],[117.62,5.94],[117.64,6.0],[117.62,6.2],[117.7,6.27],[117.65,6.47],[117.29,6.68],[117.25,6.83],[117.25,6.92],[117.13,6.97],[116.91,6.66],[116.79,6.61],[116.85,6.83],[116.83,6.95],[116.78,6.99],[116.49,6.52],[116.14,6.13],[116.06,5.88],[115.92,5.72],[115.88,5.61],[115.8,5.54],[115.74,5.53],[115.62,5.55],[115.6,5.6],[115.42,5.41],[115.42,5.33],[115.47,5.25],[115.58,5.19],[115.52,5.05],[115.37,4.93],[115.14,4.9],[115.03,4.9],[115.05,5.02],[115.0,5.02],[114.42,4.66],[114.3,4.61],[114.01,4.58],[113.92,4.24],[113.45,3.74],[113.04,3.21],[112.74,3.07],[112.12,2.91]],[[58.62,74.23],[58.67,74.29],[58.5,74.46],[58.53,74.5],[58.93,74.46],[59.04,74.49],[59.15,74.55],[59.18,74.67],[59.24,74.69],[59.67,74.61],[59.77,74.66],[59.73,74.7],[59.75,74.75],[60.08,74.76],[60.5,74.9],[60.45,74.95],[60.24,74.97],[60.28,75.01],[60.72,75.07],[61.36,75.31],[61.62,75.32],[62.07,75.43],[63.66,75.67],[64.26,75.72],[66.28,75.98],[68.17,76.28],[68.9,76.57],[68.86,76.61],[68.94,76.71],[68.87,76.79],[68.49,76.93],[68.02,76.99],[67.53,77.01],[66.83,76.92],[66.35,76.82],[66.06,76.75],[65.86,76.61],[65.76,76.58],[64.95,76.48],[64.46,76.38],[63.53,76.31],[62.97,76.24],[62.47,76.23],[61.57,76.3],[61.2,76.28],[61.03,76.23],[61.05,76.12],[60.94,76.07],[60.8,76.07],[60.73,76.1],[60.28,76.1],[60.12,76.07],[60.04,75.98],[58.88,75.85],[58.42,75.72],[58.06,75.66],[58.09,75.59],[57.78,75.51],[57.61,75.34],[57.09,75.38],[56.84,75.35],[56.81,75.33],[56.88,75.24],[56.57,75.1],[56.16,75.19],[55.92,75.17],[55.81,75.12],[55.82,75.09],[56.0,75.0],[56.34,75.01],[56.5,74.96],[55.91,74.8],[55.58,74.63],[55.66,74.56],[55.95,74.54],[56.14,74.5],[55.34,74.42],[54.64,73.96],[54.39,73.94],[53.76,73.77],[53.84,73.7],[54.2,73.54],[54.13,73.48],[54.3,73.35],[54.77,73.45],[55.01,73.45],[55.55,73.36],[56.03,73.35],[56.43,73.3],[56.96,73.37],[57.13,73.5],[57.54,73.66],[57.46,73.75],[57.29,73.81],[57.31,73.84],[57.76,73.77],[57.84,73.81],[57.87,73.85],[57.77,74.01],[58.44,74.13],[58.62,74.23]],[[51.58,72.07],[51.89,72.15],[52.25,72.13],[52.41,72.2],[52.46,72.25],[52.62,72.3],[52.75,72.48],[52.86,72.55],[52.82,72.59],[52.92,72.67],[52.68,72.68],[52.53,72.74],[52.55,72.77],[52.91,72.9],[53.37,72.92],[53.25,72.97],[53.19,73.1],[53.2,73.15],[53.36,73.22],[53.75,73.29],[54.2,73.28],[54.8,73.39],[55.32,73.31],[56.35,73.23],[56.43,73.2],[56.4,73.14],[56.19,73.03],[56.17,72.98],[56.19,72.9],[56.12,72.81],[55.72,72.77],[55.7,72.67],[55.62,72.6],[55.4,72.55],[55.42,72.5],[55.36,72.47],[55.36,72.41],[55.4,72.31],[55.52,72.22],[55.4,72.11],[55.38,72.01],[55.3,71.94],[55.47,71.87],[55.61,71.69],[55.82,71.51],[56.45,71.11],[56.89,70.93],[57.48,70.79],[57.63,70.73],[57.15,70.59],[56.65,70.65],[56.51,70.73],[56.39,70.73],[56.26,70.71],[56.56,70.59],[56.43,70.56],[56.14,70.66],[56.09,70.62],[55.94,70.65],[55.8,70.62],[55.71,70.64],[55.69,70.69],[55.05,70.67],[54.87,70.68],[54.65,70.74],[54.6,70.68],[54.33,70.74],[53.38,70.87],[53.61,70.91],[53.59,71.05],[53.67,71.09],[53.86,71.07],[53.83,71.13],[54.09,71.11],[54.16,71.13],[53.59,71.3],[53.62,71.33],[53.41,71.34],[53.32,71.4],[53.33,71.48],[53.41,71.53],[53.36,71.54],[52.91,71.5],[52.42,71.54],[51.94,71.47],[51.69,71.53],[51.51,71.65],[51.43,71.83],[51.44,71.93],[51.58,72.07]],[[142.33,54.28],[142.67,53.97],[142.71,53.9],[142.64,53.74],[142.69,53.73],[142.68,53.67],[142.55,53.65],[142.51,53.59],[142.58,53.54],[142.53,53.45],[142.42,53.41],[142.32,53.41],[142.14,53.5],[141.96,53.46],[141.85,53.39],[141.82,53.34],[141.87,53.04],[141.86,52.79],[141.8,52.56],[141.66,52.27],[141.67,51.93],[141.72,51.85],[141.81,51.79],[141.72,51.74],[142.01,51.52],[142.21,51.22],[142.21,51.0],[142.1,50.78],[142.07,50.63],[142.15,50.22],[142.14,49.57],[142.02,49.08],[141.87,48.75],[141.9,48.65],[142.14,48.29],[142.18,48.01],[142.15,47.9],[141.96,47.59],[142.04,47.14],[141.87,46.69],[141.83,46.45],[141.96,46.01],[142.08,45.92],[142.21,46.09],[142.41,46.55],[142.48,46.64],[142.58,46.7],[142.69,46.71],[142.83,46.61],[143.28,46.56],[143.35,46.48],[143.42,46.22],[143.43,46.03],[143.58,46.36],[143.49,46.75],[143.38,46.81],[143.22,46.79],[142.94,47.32],[142.75,47.45],[142.56,47.74],[142.57,48.07],[142.97,48.92],[143.03,49.11],[143.1,49.2],[143.38,49.29],[143.73,49.31],[144.05,49.25],[144.54,48.89],[144.62,48.81],[144.71,48.64],[144.69,48.87],[144.43,49.05],[144.34,49.18],[144.05,49.9],[143.82,50.28],[143.53,51.25],[143.47,51.3],[143.46,51.47],[143.32,51.58],[143.29,51.74],[143.19,51.94],[143.16,52.08],[143.17,52.35],[143.2,52.44],[143.26,52.48],[143.32,52.61],[143.32,52.96],[143.22,53.3],[142.92,53.79],[142.91,53.88],[142.99,54.09],[142.98,54.14],[142.76,54.39],[142.69,54.42],[142.62,54.3],[142.55,54.28],[142.33,54.28]],[[145.21,43.58],[145.1,43.76],[145.13,43.87],[145.35,44.23],[145.37,44.33],[145.34,44.33],[144.87,43.98],[144.72,43.93],[144.48,43.95],[144.1,44.1],[143.76,44.13],[143.65,44.22],[143.29,44.4],[142.88,44.67],[142.42,45.12],[141.94,45.51],[141.83,45.44],[141.67,45.4],[141.59,45.26],[141.58,45.16],[141.72,44.94],[141.78,44.72],[141.76,44.48],[141.66,44.26],[141.64,44.02],[141.4,43.64],[141.41,43.38],[141.37,43.28],[141.3,43.2],[141.14,43.18],[140.82,43.21],[140.49,43.34],[140.39,43.3],[140.4,43.17],[140.49,43.05],[140.43,42.95],[140.11,42.73],[139.89,42.65],[139.83,42.45],[139.84,42.28],[139.9,42.19],[140.06,42.07],[140.11,41.91],[140.02,41.7],[140.01,41.52],[140.09,41.43],[140.15,41.42],[140.38,41.52],[140.49,41.67],[140.66,41.82],[141.0,41.74],[141.15,41.81],[140.73,42.12],[140.53,42.13],[140.33,42.29],[140.35,42.44],[140.48,42.56],[140.71,42.56],[140.99,42.34],[141.41,42.55],[141.85,42.58],[142.51,42.26],[143.11,42.02],[143.24,42.0],[143.31,42.08],[143.33,42.22],[143.43,42.42],[143.58,42.6],[143.97,42.88],[144.2,42.97],[144.63,42.95],[144.92,43.0],[145.35,43.18],[145.51,43.17],[145.62,43.29],[145.83,43.39],[145.67,43.39],[145.49,43.28],[145.34,43.3],[145.21,43.58]],[[133.14,34.3],[133.02,34.33],[132.66,34.25],[132.42,34.35],[132.31,34.32],[132.24,34.23],[132.15,33.84],[131.74,34.05],[131.48,34.02],[131.23,33.95],[131.07,34.02],[130.92,33.98],[130.89,34.26],[130.95,34.35],[131.0,34.39],[131.35,34.41],[131.61,34.62],[131.86,34.73],[132.26,35.02],[132.62,35.31],[132.7,35.42],[132.92,35.51],[133.27,35.56],[133.38,35.46],[133.62,35.51],[133.98,35.51],[134.21,35.54],[134.46,35.63],[134.88,35.66],[135.17,35.75],[135.27,35.72],[135.23,35.59],[135.33,35.53],[135.68,35.5],[135.8,35.55],[136.02,35.68],[136.1,35.77],[136.02,35.87],[136.01,35.99],[136.07,36.12],[136.16,36.22],[136.36,36.36],[136.7,36.74],[136.75,36.95],[136.72,37.2],[136.84,37.38],[137.32,37.52],[137.34,37.44],[137.15,37.28],[136.92,37.17],[136.9,37.12],[136.99,37.03],[137.02,36.84],[137.12,36.77],[137.25,36.75],[137.34,36.77],[137.51,36.95],[138.32,37.22],[138.63,37.47],[138.89,37.84],[139.25,38.01],[139.36,38.1],[139.52,38.5],[139.8,38.88],[139.91,39.23],[140.04,39.41],[140.06,39.62],[140.05,39.75],[139.99,39.86],[139.95,39.89],[139.81,39.88],[139.74,39.92],[139.76,39.96],[139.87,39.99],[139.91,40.02],[140.01,40.26],[139.92,40.6],[140.03,40.73],[140.2,40.77],[140.28,40.85],[140.34,41.01],[140.32,41.16],[140.34,41.2],[140.39,41.23],[140.63,41.2],[140.68,40.89],[140.75,40.83],[140.8,40.83],[140.88,40.93],[140.94,40.94],[141.12,40.88],[141.23,40.99],[141.26,41.1],[141.24,41.21],[141.2,41.24],[140.8,41.14],[140.8,41.25],[140.89,41.48],[140.94,41.51],[141.05,41.48],[141.27,41.35],[141.46,41.4],[141.4,41.1],[141.43,40.72],[141.46,40.61],[141.65,40.47],[141.8,40.29],[141.99,39.79],[141.98,39.43],[141.9,39.11],[141.78,39.02],[141.66,38.97],[141.55,38.76],[141.51,38.5],[141.47,38.4],[141.11,38.34],[140.96,38.15],[140.93,37.95],[141.04,37.47],[141.0,37.11],[140.97,37.0],[140.79,36.85],[140.73,36.73],[140.63,36.5],[140.57,36.23],[140.62,36.06],[140.87,35.72],[140.64,35.66],[140.46,35.51],[140.41,35.39],[140.42,35.27],[140.35,35.18],[140.06,35.04],[139.92,34.9],[139.84,34.91],[139.8,34.96],[139.84,35.01],[139.85,35.23],[139.83,35.3],[139.91,35.35],[140.1,35.59],[139.99,35.67],[139.83,35.66],[139.79,35.61],[139.77,35.49],[139.65,35.41],[139.67,35.32],[139.74,35.25],[139.68,35.15],[139.64,35.14],[139.56,35.24],[139.47,35.3],[139.25,35.28],[139.13,35.15],[139.09,34.84],[138.98,34.7],[138.9,34.63],[138.84,34.62],[138.76,34.7],[138.8,34.97],[138.9,35.03],[138.82,35.1],[138.72,35.12],[138.58,35.09],[138.25,34.73],[138.19,34.6],[137.98,34.64],[137.54,34.66],[137.06,34.58],[137.08,34.62],[137.29,34.7],[137.28,34.77],[137.03,34.77],[136.96,34.83],[136.93,34.82],[136.94,34.72],[136.87,34.73],[136.85,34.98],[136.9,35.04],[136.8,35.05],[136.69,34.98],[136.53,34.68],[136.62,34.59],[136.88,34.43],[136.85,34.32],[136.33,34.18],[135.92,33.56],[135.7,33.49],[135.45,33.55],[135.35,33.72],[135.18,33.9],[135.13,34.01],[135.14,34.18],[135.1,34.29],[135.27,34.38],[135.38,34.5],[135.42,34.62],[135.36,34.65],[135.04,34.63],[134.74,34.77],[134.47,34.75],[134.21,34.7],[133.97,34.53],[133.88,34.49],[133.45,34.43],[133.14,34.3]],[[134.7,33.93],[134.64,34.04],[134.64,34.23],[134.5,34.21],[134.08,34.36],[133.95,34.35],[133.71,34.24],[133.6,34.24],[133.64,34.13],[133.63,34.07],[133.58,34.02],[133.47,33.97],[133.35,33.98],[133.13,33.93],[132.99,34.09],[132.94,34.1],[132.78,33.99],[132.64,33.69],[132.03,33.34],[132.41,33.43],[132.41,33.33],[132.51,33.29],[132.48,33.13],[132.43,33.06],[132.49,33.01],[132.5,32.92],[132.71,32.9],[132.64,32.76],[132.87,32.75],[132.98,32.84],[133.02,32.98],[133.15,33.08],[133.29,33.36],[133.63,33.51],[133.85,33.49],[133.96,33.45],[134.18,33.25],[134.24,33.44],[134.38,33.61],[134.74,33.82],[134.67,33.85],[134.7,33.93]],[[131.98,32.84],[132.01,32.92],[131.91,32.97],[131.95,33.05],[131.85,33.12],[131.9,33.25],[131.54,33.27],[131.71,33.5],[131.72,33.55],[131.7,33.6],[131.58,33.65],[131.37,33.57],[131.17,33.6],[131.06,33.67],[130.95,33.87],[130.84,33.92],[130.72,33.93],[130.48,33.83],[130.37,33.63],[130.17,33.6],[130.07,33.52],[129.83,33.44],[129.86,33.38],[129.84,33.32],[129.66,33.36],[129.61,33.34],[129.58,33.24],[129.9,33.02],[129.99,32.85],[129.9,32.85],[129.83,32.89],[129.78,32.99],[129.68,33.06],[129.66,32.99],[129.69,32.88],[129.83,32.73],[129.77,32.57],[130.05,32.77],[130.15,32.75],[130.25,32.68],[130.34,32.7],[130.36,32.76],[130.33,32.85],[130.18,32.85],[130.17,33.01],[130.13,33.1],[130.24,33.18],[130.38,33.09],[130.44,32.95],[130.55,32.83],[130.57,32.73],[130.5,32.66],[130.64,32.62],[130.39,32.22],[130.32,32.14],[130.19,32.09],[130.21,31.85],[130.19,31.77],[130.32,31.6],[130.29,31.45],[130.15,31.41],[130.2,31.29],[130.59,31.18],[130.64,31.27],[130.54,31.4],[130.56,31.56],[130.66,31.72],[130.78,31.71],[130.8,31.62],[130.7,31.58],[130.79,31.27],[130.69,31.02],[130.9,31.11],[131.1,31.26],[131.04,31.38],[131.07,31.44],[131.34,31.4],[131.46,31.67],[131.46,31.88],[131.66,32.47],[131.73,32.59],[131.98,32.84]],[[121.91,25.06],[121.69,25.18],[121.59,25.28],[121.52,25.28],[121.37,25.16],[121.04,25.03],[120.84,24.72],[120.63,24.48],[120.13,23.65],[120.14,23.4],[120.07,23.15],[120.08,23.09],[120.32,22.55],[120.58,22.36],[120.74,21.96],[120.84,21.93],[120.9,22.38],[120.95,22.5],[121.01,22.62],[121.3,22.97],[121.4,23.17],[121.61,24.05],[121.83,24.53],[121.82,24.82],[121.93,24.97],[121.91,25.06]],[[110.97,19.88],[110.89,19.99],[110.81,20.01],[110.65,20.14],[110.6,20.1],[110.59,19.98],[110.39,20.06],[110.39,19.98],[110.34,20.04],[110.17,20.05],[110.08,19.99],[109.91,19.96],[109.65,19.98],[109.58,19.97],[109.51,19.9],[109.26,19.88],[109.18,19.77],[109.28,19.76],[108.67,19.3],[108.64,18.91],[108.7,18.54],[109.03,18.37],[109.34,18.3],[109.52,18.22],[109.7,18.26],[109.82,18.4],[110.02,18.42],[110.07,18.45],[110.05,18.51],[110.25,18.66],[110.4,18.7],[110.45,18.75],[110.57,19.17],[110.64,19.29],[110.82,19.56],[111.01,19.66],[110.97,19.88]],[[81.83,7.43],[81.68,7.68],[81.67,7.78],[81.42,8.15],[81.37,8.43],[81.23,8.51],[81.2,8.66],[81.02,8.93],[80.94,8.97],[80.71,9.37],[80.38,9.64],[80.25,9.8],[79.98,9.81],[79.95,9.74],[80.05,9.65],[80.26,9.61],[80.39,9.55],[80.43,9.48],[80.32,9.47],[80.09,9.58],[80.12,9.33],[80.1,9.21],[80.06,9.1],[79.93,8.9],[79.94,8.69],[79.85,8.41],[79.81,8.05],[79.78,8.02],[79.75,8.05],[79.75,8.29],[79.71,8.18],[79.86,6.83],[80.1,6.15],[80.27,6.01],[80.5,5.95],[80.72,5.98],[81.31,6.2],[81.64,6.43],[81.77,6.61],[81.86,6.9],[81.87,7.29],[81.83,7.43]],[[44.4,-19.92],[44.45,-19.43],[44.24,-19.08],[44.23,-18.74],[44.11,-18.5],[44.04,-18.29],[44.01,-17.8],[43.94,-17.58],[43.98,-17.39],[44.42,-16.7],[44.44,-16.24],[44.55,-16.2],[44.91,-16.17],[45.22,-15.95],[45.34,-16.04],[45.49,-15.99],[45.6,-15.99],[45.66,-15.84],[45.7,-15.81],[46.16,-15.74],[46.31,-15.9],[46.4,-15.92],[46.44,-15.9],[46.34,-15.81],[46.33,-15.71],[46.39,-15.6],[46.48,-15.51],[46.88,-15.23],[46.94,-15.22],[46.99,-15.24],[47.03,-15.45],[47.1,-15.43],[47.14,-15.3],[47.09,-15.15],[47.28,-14.94],[47.35,-14.77],[47.46,-14.71],[47.5,-14.82],[47.43,-15.0],[47.48,-15.01],[47.52,-14.99],[47.67,-14.74],[47.77,-14.64],[47.96,-14.67],[47.81,-14.54],[47.77,-14.37],[48.0,-13.96],[47.9,-13.86],[47.9,-13.73],[47.98,-13.61],[48.04,-13.6],[48.19,-13.71],[48.26,-13.72],[48.41,-13.54],[48.62,-13.43],[48.8,-13.27],[48.92,-12.84],[48.79,-12.47],[48.8,-12.44],[48.93,-12.44],[49.21,-12.08],[49.26,-12.08],[49.54,-12.43],[49.64,-12.64],[49.94,-13.07],[50.17,-14.04],[50.24,-14.73],[50.31,-14.94],[50.44,-15.15],[50.48,-15.39],[50.4,-15.63],[50.21,-15.96],[50.09,-15.9],[50.02,-15.8],[49.89,-15.46],[49.74,-15.45],[49.66,-15.52],[49.71,-16.08],[49.83,-16.26],[49.84,-16.49],[49.81,-16.6],[49.73,-16.7],[49.77,-16.82],[49.6,-16.93],[49.45,-17.24],[49.44,-17.35],[49.49,-17.67],[49.48,-17.9],[49.36,-18.34],[48.92,-19.53],[48.47,-20.9],[48.35,-21.35],[47.91,-22.47],[47.8,-22.99],[47.6,-23.63],[47.56,-23.87],[47.37,-24.22],[47.18,-24.79],[47.03,-24.98],[46.73,-25.15],[46.39,-25.17],[46.16,-25.23],[45.51,-25.56],[45.21,-25.57],[45.12,-25.54],[44.81,-25.33],[44.35,-25.23],[44.26,-25.12],[44.04,-25.0],[43.91,-24.64],[43.67,-24.3],[43.65,-23.74],[43.66,-23.63],[43.72,-23.53],[43.57,-23.08],[43.4,-22.89],[43.36,-22.79],[43.26,-22.38],[43.27,-22.05],[43.34,-21.79],[43.44,-21.65],[43.5,-21.36],[43.8,-21.18],[43.91,-20.87],[44.24,-20.38],[44.35,-20.15],[44.4,-19.92]],[[53.06,39.04],[53.1,38.76],[53.02,39.05],[53.05,39.1],[53.09,39.09],[53.06,39.04]],[[50.1,44.83],[50.0,44.94],[50.02,45.04],[50.11,45.08],[50.12,45.06],[50.05,45.01],[50.04,44.95],[50.1,44.88],[50.18,44.85],[50.1,44.83]],[[-160.25,-79.27],[-161.64,-78.9],[-162.16,-78.79],[-163.12,-78.72],[-163.26,-78.72],[-163.35,-78.78],[-163.66,-78.86],[-163.81,-78.93],[-164.13,-79.0],[-164.2,-79.05],[-164.28,-79.25],[-164.23,-79.32],[-163.32,-79.5],[-161.87,-79.7],[-160.3,-79.84],[-159.05,-79.81],[-159.0,-79.74],[-159.42,-79.51],[-159.68,-79.4],[-160.25,-79.27]],[[-66.73,-78.38],[-67.04,-78.32],[-67.48,-78.36],[-70.63,-78.9],[-71.45,-79.13],[-71.67,-79.25],[-71.78,-79.44],[-71.78,-79.5],[-71.69,-79.57],[-71.53,-79.62],[-70.98,-79.67],[-70.33,-79.68],[-69.73,-79.62],[-69.63,-79.52],[-69.69,-79.44],[-69.25,-79.21],[-67.48,-78.68],[-66.73,-78.38]],[[-43.95,-78.6],[-43.85,-78.53],[-43.79,-78.43],[-43.78,-78.34],[-43.85,-78.26],[-44.09,-78.17],[-44.85,-77.99],[-45.99,-77.83],[-46.83,-77.79],[-47.46,-77.82],[-49.08,-78.05],[-49.35,-78.22],[-50.22,-78.61],[-50.38,-78.78],[-50.24,-78.83],[-50.38,-78.92],[-50.5,-78.95],[-50.52,-79.1],[-50.73,-79.28],[-50.38,-79.34],[-50.29,-79.43],[-50.4,-79.51],[-51.18,-79.82],[-52.3,-80.14],[-52.36,-80.08],[-52.46,-80.07],[-52.81,-80.16],[-53.05,-80.17],[-53.39,-80.11],[-53.48,-80.19],[-54.04,-80.49],[-54.35,-80.57],[-54.37,-80.62],[-54.35,-80.76],[-54.16,-80.87],[-49.77,-80.78],[-49.63,-80.71],[-49.19,-80.64],[-43.53,-80.19],[-43.45,-80.16],[-43.49,-80.1],[-43.76,-80.02],[-43.74,-80.0],[-43.6,-79.97],[-43.27,-79.98],[-43.07,-79.89],[-42.99,-79.8],[-42.94,-79.58],[-42.97,-79.48],[-43.21,-79.3],[-43.27,-79.16],[-43.54,-78.9],[-43.72,-78.82],[-45.35,-78.79],[-45.21,-78.69],[-45.07,-78.66],[-43.95,-78.6]],[[-59.5,-80.12],[-59.79,-80.1],[-59.79,-80.0],[-59.71,-79.88],[-59.87,-79.78],[-60.58,-79.74],[-61.34,-79.89],[-61.35,-79.95],[-61.25,-79.98],[-61.3,-80.0],[-61.68,-80.02],[-61.72,-80.07],[-61.69,-80.13],[-61.6,-80.21],[-61.48,-80.24],[-61.19,-80.26],[-61.31,-80.31],[-61.63,-80.34],[-62.52,-80.37],[-65.98,-80.38],[-66.17,-80.35],[-66.22,-80.26],[-66.38,-80.22],[-66.59,-80.24],[-66.77,-80.29],[-66.18,-80.44],[-64.27,-80.75],[-64.07,-80.65],[-63.14,-80.59],[-63.07,-80.63],[-62.94,-80.77],[-62.67,-80.83],[-60.58,-80.95],[-60.12,-80.84],[-59.83,-80.73],[-59.77,-80.66],[-59.73,-80.34],[-59.53,-80.21],[-59.32,-80.2],[-59.5,-80.12]],[[-70.54,-72.66],[-69.21,-72.53],[-69.15,-72.43],[-68.54,-72.16],[-68.24,-71.82],[-68.23,-71.73],[-68.31,-70.91],[-68.34,-70.86],[-68.45,-70.82],[-68.46,-70.68],[-69.09,-70.09],[-69.23,-69.91],[-69.42,-69.58],[-69.71,-69.32],[-69.91,-69.27],[-70.08,-69.31],[-70.05,-69.14],[-70.11,-68.96],[-70.42,-68.79],[-71.87,-68.94],[-72.06,-69.0],[-72.14,-69.11],[-72.14,-69.18],[-72.08,-69.27],[-71.74,-69.42],[-71.72,-69.52],[-71.88,-69.91],[-71.85,-69.97],[-71.73,-70.05],[-71.12,-70.2],[-70.93,-70.19],[-70.72,-70.14],[-70.33,-70.16],[-69.62,-70.4],[-69.7,-70.41],[-70.09,-70.35],[-70.33,-70.36],[-71.06,-70.54],[-71.19,-70.66],[-71.17,-70.71],[-70.92,-70.79],[-70.3,-70.84],[-69.99,-70.9],[-69.88,-70.88],[-69.83,-70.91],[-69.82,-70.97],[-69.84,-71.09],[-69.87,-71.13],[-69.92,-71.13],[-70.27,-70.96],[-70.38,-70.95],[-70.74,-70.99],[-71.19,-70.98],[-71.5,-71.11],[-71.72,-71.15],[-72.36,-71.07],[-72.71,-71.07],[-73.06,-71.13],[-72.99,-71.19],[-72.21,-71.34],[-72.62,-71.39],[-73.47,-71.32],[-73.6,-71.35],[-73.62,-71.4],[-73.59,-71.45],[-73.38,-71.53],[-73.48,-71.58],[-74.04,-71.41],[-74.24,-71.39],[-74.38,-71.41],[-74.43,-71.46],[-74.38,-71.58],[-74.39,-71.64],[-74.64,-71.62],[-74.86,-71.54],[-75.1,-71.56],[-75.34,-71.65],[-75.33,-71.75],[-75.38,-71.83],[-75.35,-71.88],[-74.79,-72.06],[-74.43,-72.06],[-74.32,-72.07],[-74.15,-72.16],[-74.0,-72.17],[-73.54,-72.02],[-73.57,-71.98],[-73.83,-71.87],[-73.78,-71.85],[-73.41,-71.85],[-72.93,-71.92],[-72.41,-71.66],[-72.26,-71.64],[-71.82,-71.82],[-71.57,-71.85],[-71.35,-71.84],[-70.82,-71.91],[-70.89,-71.99],[-71.03,-72.03],[-71.9,-72.12],[-71.89,-72.15],[-71.66,-72.25],[-71.41,-72.28],[-70.53,-72.16],[-70.21,-72.23],[-70.43,-72.32],[-70.87,-72.37],[-71.61,-72.36],[-72.74,-72.28],[-73.09,-72.41],[-73.01,-72.48],[-72.78,-72.58],[-72.53,-72.59],[-72.37,-72.67],[-70.92,-72.61],[-70.54,-72.66]],[[-65.75,-54.65],[-66.24,-54.53],[-66.87,-54.22],[-67.29,-54.05],[-68.01,-53.56],[-68.16,-53.31],[-68.39,-53.29],[-68.49,-53.26],[-68.52,-53.18],[-68.43,-53.06],[-68.33,-53.02],[-68.24,-53.08],[-68.34,-52.9],[-68.57,-52.69],[-68.79,-52.58],[-69.08,-52.67],[-69.17,-52.67],[-69.41,-52.49],[-69.5,-52.49],[-69.76,-52.73],[-69.94,-52.82],[-69.99,-52.82],[-70.19,-52.72],[-70.38,-52.75],[-70.13,-52.94],[-70.2,-52.99],[-70.39,-53.03],[-70.44,-53.09],[-70.46,-53.21],[-70.42,-53.3],[-70.33,-53.38],[-70.21,-53.41],[-70.09,-53.42],[-69.76,-53.34],[-69.39,-53.37],[-69.35,-53.48],[-70.09,-53.72],[-70.15,-53.76],[-70.15,-53.89],[-70.09,-54.01],[-69.99,-54.11],[-69.2,-54.35],[-69.05,-54.43],[-69.31,-54.57],[-69.36,-54.44],[-69.74,-54.31],[-69.87,-54.37],[-69.99,-54.38],[-70.17,-54.38],[-70.24,-54.35],[-70.25,-54.28],[-70.38,-54.18],[-70.54,-54.14],[-70.63,-54.01],[-70.38,-53.99],[-70.44,-53.89],[-70.53,-53.63],[-70.62,-53.66],[-70.7,-53.73],[-70.64,-53.82],[-70.87,-53.88],[-70.86,-54.11],[-70.76,-54.24],[-70.54,-54.3],[-70.3,-54.49],[-70.31,-54.53],[-70.7,-54.49],[-70.7,-54.35],[-70.8,-54.33],[-70.9,-54.34],[-70.97,-54.42],[-71.08,-54.44],[-71.16,-54.45],[-71.36,-54.4],[-71.61,-54.5],[-71.8,-54.43],[-71.93,-54.53],[-71.9,-54.6],[-71.83,-54.63],[-71.44,-54.62],[-71.23,-54.69],[-70.92,-54.71],[-70.5,-54.81],[-70.28,-54.75],[-70.14,-54.82],[-70.03,-54.82],[-69.72,-54.71],[-69.49,-54.86],[-69.08,-54.91],[-68.8,-54.85],[-68.22,-54.82],[-66.93,-54.92],[-66.51,-55.03],[-65.95,-54.92],[-65.6,-54.93],[-65.35,-54.88],[-65.18,-54.68],[-65.25,-54.64],[-65.37,-54.63],[-65.75,-54.65]],[[-74.51,20.38],[-74.73,20.57],[-74.96,20.67],[-75.21,20.71],[-75.72,20.71],[-75.76,20.78],[-75.74,20.81],[-75.6,20.84],[-75.66,20.9],[-75.6,20.99],[-75.63,21.06],[-75.72,21.11],[-76.07,21.13],[-76.26,21.23],[-76.65,21.28],[-76.73,21.36],[-76.87,21.33],[-76.84,21.4],[-77.1,21.59],[-77.21,21.48],[-77.25,21.48],[-77.27,21.54],[-77.37,21.61],[-77.18,21.6],[-77.14,21.64],[-77.3,21.71],[-77.5,21.87],[-77.58,21.89],[-77.5,21.79],[-77.64,21.8],[-77.87,21.9],[-78.14,22.11],[-78.69,22.37],[-79.28,22.41],[-79.55,22.58],[-79.68,22.74],[-79.85,22.83],[-79.82,22.89],[-79.96,22.88],[-80.08,22.94],[-80.36,22.94],[-80.55,23.02],[-80.65,23.1],[-81.01,23.09],[-81.14,23.05],[-81.27,23.13],[-81.26,23.16],[-81.58,23.12],[-82.1,23.19],[-82.35,23.15],[-82.67,23.04],[-83.26,22.97],[-84.12,22.62],[-84.36,22.38],[-84.38,22.26],[-84.33,22.07],[-84.37,22.04],[-84.53,22.03],[-84.88,21.89],[-84.89,21.86],[-84.84,21.83],[-84.63,21.92],[-84.5,21.93],[-84.5,21.78],[-84.24,21.9],[-84.03,21.94],[-83.9,22.17],[-83.6,22.21],[-83.49,22.19],[-83.38,22.22],[-82.74,22.69],[-81.84,22.67],[-81.7,22.59],[-81.68,22.53],[-81.71,22.5],[-82.08,22.39],[-81.85,22.21],[-81.44,22.18],[-81.36,22.1],[-81.28,22.11],[-81.22,22.14],[-81.19,22.27],[-81.12,22.13],[-81.04,22.07],[-80.5,22.06],[-80.49,22.12],[-80.23,21.87],[-79.91,21.74],[-79.36,21.59],[-79.19,21.55],[-78.82,21.62],[-78.73,21.59],[-78.58,21.41],[-78.49,21.05],[-78.12,20.76],[-78.0,20.72],[-77.47,20.69],[-77.23,20.64],[-77.19,20.56],[-77.11,20.49],[-77.1,20.41],[-77.21,20.3],[-77.55,20.08],[-77.72,19.86],[-77.0,19.89],[-76.78,19.94],[-76.16,19.99],[-75.77,19.96],[-75.55,19.89],[-75.29,19.89],[-75.22,19.92],[-75.15,20.01],[-75.12,19.9],[-74.63,20.06],[-74.25,20.08],[-74.15,20.17],[-74.14,20.23],[-74.17,20.29],[-74.51,20.38]],[[26.86,80.16],[25.84,80.18],[24.79,80.3],[24.61,80.29],[24.3,80.36],[24.23,80.3],[23.95,80.3],[23.69,80.21],[23.11,80.19],[23.25,80.38],[23.32,80.43],[23.01,80.47],[22.45,80.4],[22.42,80.37],[22.45,80.31],[22.44,80.19],[22.38,80.09],[22.29,80.05],[21.7,80.16],[21.65,80.22],[21.55,80.24],[20.9,80.25],[20.36,80.4],[19.73,80.48],[19.61,80.46],[19.81,80.33],[19.75,80.23],[19.18,80.33],[19.16,80.3],[19.19,80.26],[19.35,80.19],[19.54,80.16],[19.34,80.12],[18.78,80.19],[17.92,80.14],[18.34,80.06],[18.86,80.04],[18.59,79.97],[18.26,79.93],[18.32,79.86],[18.73,79.76],[19.4,79.73],[20.12,79.78],[20.78,79.75],[20.56,79.69],[20.49,79.63],[19.82,79.63],[19.67,79.59],[20.13,79.49],[20.76,79.44],[20.86,79.4],[21.91,79.38],[22.87,79.41],[22.7,79.33],[22.9,79.23],[23.95,79.19],[24.75,79.36],[25.15,79.34],[25.64,79.4],[26.01,79.62],[27.08,79.87],[27.2,79.91],[27.15,80.06],[26.86,80.16]],[[20.72,78.67],[21.1,78.68],[21.39,78.74],[21.31,78.8],[20.72,78.91],[20.5,78.98],[20.77,79.06],[20.46,79.13],[20.16,79.15],[20.11,79.12],[20.11,79.08],[19.89,79.06],[19.75,79.15],[18.98,79.18],[18.88,79.23],[18.68,79.26],[18.81,79.3],[18.82,79.34],[18.82,79.43],[18.75,79.49],[18.58,79.57],[18.4,79.61],[18.27,79.6],[17.67,79.39],[17.73,79.48],[17.69,79.53],[17.96,79.7],[17.83,79.8],[17.58,79.88],[17.22,79.94],[16.97,79.96],[16.89,79.92],[16.79,79.91],[16.39,80.05],[16.09,80.01],[16.06,79.95],[16.1,79.88],[15.96,79.84],[15.82,79.68],[15.88,79.52],[16.25,79.11],[16.34,78.98],[15.76,79.17],[15.05,79.68],[14.83,79.77],[14.59,79.8],[14.04,79.59],[14.01,79.48],[14.06,79.38],[14.03,79.34],[13.96,79.34],[13.72,79.43],[13.38,79.48],[13.33,79.57],[12.56,79.57],[13.04,79.69],[13.78,79.72],[13.92,79.76],[13.91,79.82],[13.69,79.86],[13.11,79.83],[12.75,79.78],[12.28,79.82],[12.22,79.8],[12.29,79.71],[11.7,79.82],[11.25,79.78],[11.15,79.72],[10.87,79.8],[10.68,79.76],[10.81,79.64],[10.74,79.58],[10.74,79.52],[11.21,79.13],[11.34,79.11],[11.52,79.15],[11.62,79.21],[11.58,79.28],[11.98,79.29],[12.08,79.27],[11.89,79.15],[11.98,79.03],[12.09,78.98],[12.4,78.95],[12.27,78.9],[11.55,78.98],[11.37,78.95],[11.86,78.83],[11.76,78.81],[11.77,78.72],[11.96,78.64],[12.26,78.59],[12.66,78.38],[13.15,78.24],[14.11,78.27],[14.64,78.41],[14.43,78.49],[14.52,78.58],[14.47,78.68],[14.69,78.72],[14.79,78.71],[14.89,78.64],[15.02,78.63],[15.14,78.66],[15.32,78.78],[15.38,78.77],[15.39,78.72],[15.25,78.59],[15.36,78.49],[15.42,78.47],[15.94,78.49],[16.53,78.66],[16.78,78.66],[16.45,78.5],[16.54,78.45],[16.73,78.41],[17.17,78.42],[17.0,78.37],[15.78,78.33],[15.66,78.3],[15.7,78.23],[15.34,78.22],[14.99,78.15],[14.25,78.07],[14.31,78.01],[13.94,78.09],[13.77,78.07],[13.68,78.03],[13.71,77.92],[13.79,77.85],[14.09,77.77],[14.85,77.78],[15.59,77.87],[16.06,77.85],[16.91,77.9],[17.03,77.8],[16.21,77.78],[14.92,77.69],[14.7,77.53],[14.38,77.58],[14.07,77.56],[14.0,77.51],[14.0,77.45],[14.05,77.4],[14.37,77.23],[15.12,77.09],[15.55,76.89],[16.12,76.74],[16.46,76.61],[16.7,76.58],[16.94,76.61],[17.06,76.66],[16.98,76.81],[17.25,76.97],[17.15,77.05],[17.44,77.23],[17.62,77.4],[17.85,77.5],[18.23,77.52],[18.3,77.58],[18.4,77.79],[18.44,78.03],[18.82,78.04],[19.0,78.08],[19.01,78.13],[18.96,78.18],[19.06,78.32],[19.68,78.61],[20.72,78.67]],[[9.68,40.82],[9.55,40.93],[9.62,41.02],[9.54,41.05],[9.46,41.15],[9.28,41.2],[9.23,41.26],[9.18,41.24],[9.11,41.14],[9.0,41.11],[8.82,40.95],[8.57,40.85],[8.36,40.85],[8.22,40.91],[8.18,40.77],[8.19,40.65],[8.35,40.5],[8.41,40.35],[8.47,40.29],[8.47,40.13],[8.41,40.04],[8.41,39.92],[8.5,39.9],[8.55,39.84],[8.54,39.73],[8.47,39.75],[8.45,39.72],[8.45,39.56],[8.4,39.48],[8.42,39.21],[8.65,38.93],[8.88,38.91],[8.97,38.96],[9.02,39.04],[9.06,39.24],[9.15,39.2],[9.26,39.22],[9.49,39.14],[9.56,39.17],[9.62,39.35],[9.71,40.02],[9.64,40.27],[9.81,40.5],[9.68,40.82]],[[8.64,42.12],[8.7,42.1],[8.7,42.04],[8.62,41.96],[8.62,41.93],[8.74,41.93],[8.76,41.87],[8.72,41.76],[8.89,41.7],[8.81,41.59],[8.9,41.52],[9.19,41.38],[9.37,41.68],[9.4,41.93],[9.56,42.16],[9.53,42.55],[9.45,42.66],[9.48,42.81],[9.46,42.98],[9.42,43.02],[9.36,43.02],[9.33,42.94],[9.34,42.77],[9.29,42.69],[9.14,42.73],[9.04,42.66],[8.81,42.61],[8.71,42.55],[8.57,42.36],[8.63,42.34],[8.68,42.28],[8.57,42.22],[8.64,42.12]],[[15.34,38.22],[15.28,38.23],[15.12,38.15],[14.79,38.17],[14.51,38.05],[14.29,38.02],[14.05,38.04],[13.79,37.98],[13.68,38.0],[13.29,38.19],[13.16,38.19],[13.06,38.13],[13.05,38.08],[12.9,38.03],[12.73,38.18],[12.66,38.11],[12.55,38.05],[12.44,37.82],[12.53,37.67],[12.64,37.59],[12.92,37.57],[13.17,37.48],[13.36,37.35],[13.8,37.14],[13.91,37.1],[14.14,37.1],[14.26,37.05],[14.37,36.97],[14.5,36.8],[14.78,36.71],[14.89,36.72],[15.11,36.69],[15.12,36.84],[15.19,36.93],[15.29,37.01],[15.3,37.06],[15.29,37.1],[15.17,37.21],[15.23,37.24],[15.12,37.33],[15.1,37.46],[15.23,37.78],[15.63,38.27],[15.5,38.29],[15.34,38.22]],[[-52.11,69.49],[-51.9,69.6],[-51.91,69.64],[-52.01,69.69],[-51.98,69.72],[-52.05,69.81],[-52.73,69.94],[-53.1,70.14],[-53.3,70.21],[-54.01,70.3],[-54.37,70.32],[-54.79,70.22],[-54.83,70.13],[-54.77,70.05],[-54.32,69.94],[-54.79,69.95],[-54.84,69.9],[-54.92,69.71],[-54.73,69.61],[-53.83,69.54],[-53.66,69.47],[-54.16,69.43],[-54.18,69.4],[-54.05,69.34],[-53.75,69.26],[-53.58,69.26],[-52.77,69.36],[-52.11,69.49]],[[-123.42,48.7],[-123.46,48.67],[-123.5,48.58],[-123.63,48.82],[-123.75,48.95],[-123.82,49.08],[-124.0,49.22],[-124.64,49.43],[-124.83,49.53],[-124.93,49.64],[-124.9,49.69],[-124.93,49.73],[-125.53,50.34],[-126.7,50.52],[-127.92,50.86],[-128.24,50.83],[-128.35,50.74],[-128.35,50.7],[-128.27,50.61],[-128.06,50.5],[-127.86,50.5],[-127.73,50.54],[-127.75,50.61],[-127.47,50.58],[-127.53,50.54],[-127.49,50.4],[-127.64,50.48],[-127.91,50.45],[-127.96,50.35],[-127.84,50.29],[-127.83,50.21],[-127.86,50.13],[-127.47,50.16],[-127.35,50.05],[-127.29,50.07],[-127.25,50.14],[-127.18,50.07],[-127.2,49.95],[-127.11,49.88],[-126.98,49.88],[-126.9,49.94],[-126.68,49.88],[-126.53,49.72],[-126.46,49.72],[-126.35,49.66],[-126.13,49.67],[-126.54,49.59],[-126.55,49.42],[-126.5,49.4],[-126.42,49.45],[-126.3,49.38],[-126.24,49.44],[-126.1,49.42],[-126.02,49.37],[-125.94,49.4],[-125.98,49.29],[-125.95,49.25],[-125.84,49.28],[-125.73,49.2],[-125.64,49.19],[-125.83,49.09],[-125.54,48.95],[-125.46,48.94],[-125.36,49.0],[-124.93,49.01],[-124.81,49.21],[-124.8,49.14],[-124.85,49.03],[-125.14,48.82],[-125.12,48.76],[-125.02,48.71],[-124.12,48.44],[-123.57,48.32],[-123.45,48.43],[-123.33,48.41],[-123.28,48.46],[-123.42,48.7]],[[-68.68,18.9],[-68.9,18.99],[-69.62,19.12],[-69.61,19.21],[-69.32,19.2],[-69.23,19.27],[-69.32,19.33],[-69.74,19.3],[-69.82,19.37],[-69.88,19.47],[-69.89,19.59],[-69.96,19.67],[-70.19,19.64],[-70.3,19.68],[-70.44,19.77],[-70.64,19.78],[-70.83,19.89],[-70.95,19.91],[-71.28,19.85],[-71.56,19.9],[-71.67,19.85],[-71.74,19.74],[-71.83,19.7],[-72.22,19.74],[-72.64,19.9],[-72.88,19.93],[-73.32,19.85],[-73.4,19.81],[-73.44,19.72],[-73.4,19.66],[-73.05,19.61],[-72.7,19.44],[-72.77,19.24],[-72.74,19.13],[-72.81,19.07],[-72.65,18.89],[-72.35,18.67],[-72.38,18.57],[-72.62,18.55],[-72.7,18.47],[-72.79,18.43],[-73.59,18.52],[-73.69,18.57],[-73.86,18.58],[-74.23,18.66],[-74.39,18.62],[-74.48,18.45],[-74.42,18.35],[-74.09,18.22],[-73.88,18.04],[-73.84,18.06],[-73.82,18.12],[-73.75,18.19],[-73.51,18.25],[-73.39,18.25],[-72.88,18.15],[-72.5,18.22],[-72.06,18.23],[-71.95,18.19],[-71.71,18.01],[-71.63,17.77],[-71.52,17.73],[-71.44,17.64],[-71.36,17.69],[-71.11,18.07],[-71.07,18.25],[-70.76,18.35],[-70.64,18.34],[-70.48,18.22],[-70.18,18.25],[-70.02,18.37],[-69.77,18.44],[-69.52,18.42],[-69.27,18.44],[-69.07,18.4],[-68.93,18.41],[-68.82,18.34],[-68.72,18.22],[-68.66,18.22],[-68.56,18.36],[-68.44,18.42],[-68.34,18.61],[-68.68,18.9]],[[-48.38,-0.35],[-48.39,-0.3],[-48.52,-0.25],[-49.12,-0.16],[-49.31,-0.17],[-49.54,-0.23],[-50.25,-0.12],[-50.46,-0.16],[-50.65,-0.27],[-50.69,-0.36],[-50.72,-0.58],[-50.78,-0.69],[-50.78,-1.01],[-50.71,-1.08],[-50.59,-1.07],[-50.58,-1.1],[-50.6,-1.15],[-50.73,-1.13],[-50.76,-1.24],[-50.6,-1.7],[-50.51,-1.79],[-50.44,-1.8],[-50.34,-1.76],[-50.11,-1.75],[-50.07,-1.7],[-49.81,-1.79],[-49.59,-1.71],[-49.53,-1.63],[-49.51,-1.51],[-49.34,-1.6],[-49.23,-1.6],[-49.17,-1.41],[-49.09,-1.51],[-48.93,-1.48],[-48.8,-1.33],[-48.84,-1.23],[-48.7,-1.11],[-48.57,-0.89],[-48.54,-0.8],[-48.57,-0.68],[-48.5,-0.66],[-48.38,-0.35]],[[-3.99,57.58],[-3.29,57.71],[-3.04,57.67],[-2.07,57.7],[-1.96,57.68],[-1.87,57.61],[-1.78,57.47],[-2.02,57.26],[-2.09,57.1],[-2.26,56.86],[-2.5,56.64],[-2.68,56.51],[-3.05,56.45],[-3.31,56.36],[-2.89,56.4],[-2.65,56.32],[-2.67,56.25],[-2.77,56.2],[-2.98,56.19],[-3.18,56.08],[-3.36,56.03],[-3.79,56.1],[-3.61,56.02],[-3.05,55.95],[-2.84,56.03],[-2.6,56.03],[-2.15,55.9],[-1.66,55.57],[-1.42,55.03],[-1.23,54.7],[-1.15,54.65],[-0.67,54.5],[-0.37,54.28],[-0.08,54.12],[-0.21,54.02],[-0.17,53.94],[0.12,53.61],[-0.07,53.64],[-0.27,53.74],[-0.66,53.72],[-0.29,53.69],[0.13,53.47],[0.27,53.34],[0.36,53.16],[0.3,53.08],[0.05,52.91],[0.28,52.81],[0.38,52.83],[0.56,52.97],[1.06,52.96],[1.38,52.89],[1.66,52.75],[1.72,52.68],[1.75,52.47],[1.59,52.12],[1.41,51.99],[1.32,51.96],[1.23,51.97],[1.27,51.85],[1.19,51.8],[0.96,51.81],[0.75,51.73],[0.9,51.69],[0.93,51.65],[0.89,51.57],[0.42,51.47],[0.53,51.48],[0.6,51.47],[0.69,51.39],[0.89,51.36],[1.41,51.36],[1.4,51.18],[1.04,51.05],[0.96,50.93],[0.77,50.93],[0.3,50.78],[0.21,50.76],[-0.2,50.81],[-0.79,50.77],[-1.42,50.9],[-1.33,50.82],[-1.52,50.75],[-2.03,50.73],[-1.96,50.63],[-2.04,50.6],[-2.35,50.64],[-2.43,50.6],[-2.78,50.71],[-3.0,50.72],[-3.4,50.63],[-3.49,50.55],[-3.58,50.32],[-3.68,50.24],[-3.79,50.23],[-4.19,50.39],[-4.73,50.29],[-5.01,50.16],[-5.12,50.04],[-5.23,50.02],[-5.32,50.08],[-5.43,50.1],[-5.62,50.05],[-5.66,50.08],[-5.66,50.13],[-5.57,50.2],[-5.34,50.25],[-5.0,50.5],[-4.89,50.53],[-4.58,50.78],[-4.52,50.98],[-4.3,51.03],[-4.19,51.19],[-3.84,51.23],[-3.14,51.21],[-3.04,51.25],[-2.88,51.41],[-2.43,51.74],[-2.74,51.58],[-2.98,51.54],[-3.29,51.39],[-3.56,51.41],[-3.89,51.59],[-4.23,51.57],[-4.09,51.66],[-4.28,51.68],[-4.39,51.74],[-4.6,51.74],[-4.9,51.63],[-5.12,51.71],[-5.17,51.74],[-5.2,51.86],[-5.26,51.88],[-5.09,52.0],[-4.38,52.2],[-4.15,52.33],[-3.98,52.54],[-4.05,52.56],[-4.08,52.61],[-4.04,52.7],[-4.12,52.82],[-4.1,52.92],[-4.36,52.9],[-4.68,52.81],[-4.64,52.89],[-4.41,53.01],[-4.27,53.14],[-4.11,53.22],[-3.76,53.31],[-3.65,53.3],[-3.33,53.35],[-3.1,53.26],[-3.17,53.39],[-3.06,53.43],[-2.92,53.31],[-2.75,53.31],[-2.91,53.35],[-3.06,53.51],[-3.06,53.59],[-2.93,53.73],[-3.03,53.77],[-3.05,53.84],[-3.03,53.91],[-2.9,53.96],[-2.85,54.14],[-2.87,54.18],[-3.17,54.13],[-3.32,54.23],[-3.57,54.47],[-3.59,54.56],[-3.46,54.77],[-3.27,54.91],[-3.04,54.95],[-3.55,54.95],[-3.96,54.78],[-4.13,54.78],[-4.25,54.85],[-4.52,54.76],[-4.82,54.85],[-4.89,54.77],[-4.91,54.69],[-5.14,54.86],[-5.17,54.99],[-5.12,55.01],[-5.06,54.99],[-4.97,55.15],[-4.68,55.5],[-4.72,55.6],[-4.89,55.7],[-4.87,55.87],[-4.83,55.93],[-4.58,55.94],[-4.84,56.05],[-4.8,56.16],[-4.93,56.03],[-5.09,55.99],[-5.21,55.89],[-5.25,55.93],[-5.22,56.07],[-5.0,56.23],[-5.38,56.02],[-5.42,55.98],[-5.37,55.83],[-5.39,55.77],[-5.56,55.39],[-5.65,55.33],[-5.77,55.36],[-5.68,55.62],[-5.5,55.8],[-5.62,55.81],[-5.61,56.06],[-5.56,56.13],[-5.53,56.25],[-5.39,56.51],[-5.33,56.56],[-5.31,56.62],[-5.19,56.76],[-5.65,56.53],[-5.86,56.56],[-5.94,56.61],[-5.97,56.69],[-6.13,56.72],[-6.03,56.76],[-5.88,56.78],[-5.73,56.85],[-5.86,56.9],[-5.74,56.96],[-5.59,57.1],[-5.56,57.23],[-5.66,57.33],[-5.79,57.38],[-5.82,57.44],[-5.76,57.5],[-5.58,57.55],[-5.68,57.57],[-5.74,57.64],[-5.67,57.82],[-5.61,57.88],[-5.35,57.88],[-5.29,57.9],[-5.16,57.88],[-5.41,58.07],[-5.35,58.14],[-5.34,58.24],[-5.01,58.26],[-5.09,58.38],[-5.07,58.52],[-4.98,58.58],[-4.81,58.57],[-4.72,58.51],[-4.49,58.57],[-4.43,58.51],[-3.26,58.65],[-3.05,58.63],[-3.11,58.52],[-3.11,58.41],[-3.21,58.32],[-3.99,57.96],[-4.04,57.85],[-3.86,57.82],[-4.08,57.68],[-4.13,57.58],[-3.99,57.58]],[[-9.54,51.66],[-9.52,51.68],[-9.58,51.69],[-10.12,51.6],[-10.07,51.66],[-9.75,51.82],[-9.6,51.87],[-10.08,51.77],[-10.21,51.78],[-10.24,51.81],[-10.34,51.8],[-10.38,51.87],[-10.23,51.97],[-9.95,52.08],[-9.91,52.12],[-10.39,52.13],[-10.36,52.21],[-10.13,52.28],[-9.94,52.24],[-9.77,52.25],[-9.84,52.29],[-9.85,52.38],[-9.91,52.4],[-9.63,52.55],[-8.78,52.68],[-8.99,52.76],[-9.18,52.63],[-9.39,52.62],[-9.56,52.65],[-9.76,52.58],[-9.92,52.57],[-9.46,52.82],[-9.39,52.9],[-9.46,52.95],[-9.3,53.1],[-9.0,53.16],[-8.93,53.21],[-9.14,53.25],[-9.51,53.24],[-9.63,53.33],[-9.83,53.32],[-9.88,53.34],[-9.8,53.39],[-10.09,53.41],[-10.05,53.48],[-10.12,53.55],[-9.72,53.6],[-9.91,53.66],[-9.9,53.73],[-9.58,53.81],[-9.58,53.88],[-9.91,53.86],[-9.86,54.0],[-9.86,54.1],[-9.93,54.08],[-9.98,54.19],[-10.09,54.16],[-10.06,54.26],[-9.56,54.31],[-9.32,54.3],[-9.15,54.21],[-9.0,54.29],[-8.55,54.24],[-8.62,54.35],[-8.47,54.44],[-8.23,54.51],[-8.13,54.64],[-8.46,54.61],[-8.76,54.68],[-8.72,54.73],[-8.54,54.78],[-8.38,54.89],[-8.41,54.97],[-8.39,55.02],[-8.33,55.06],[-8.27,55.15],[-8.01,55.2],[-7.75,55.19],[-7.76,55.25],[-7.67,55.26],[-7.57,55.17],[-7.56,55.12],[-7.63,55.05],[-7.59,55.03],[-7.66,54.97],[-7.48,55.05],[-7.53,55.19],[-7.52,55.25],[-7.3,55.3],[-7.37,55.36],[-7.31,55.37],[-6.96,55.24],[-7.17,55.14],[-7.22,55.09],[-7.18,55.06],[-7.1,55.05],[-7.03,55.08],[-6.95,55.18],[-6.48,55.24],[-6.13,55.22],[-6.04,55.14],[-5.99,55.03],[-5.87,54.92],[-5.72,54.82],[-5.71,54.76],[-5.88,54.68],[-5.88,54.64],[-5.74,54.67],[-5.58,54.66],[-5.53,54.62],[-5.47,54.5],[-5.48,54.44],[-5.67,54.55],[-5.66,54.38],[-5.56,54.37],[-5.61,54.27],[-5.83,54.24],[-5.94,54.09],[-6.02,54.05],[-6.22,54.09],[-6.16,54.02],[-6.35,53.99],[-6.32,53.88],[-6.27,53.84],[-6.14,53.58],[-6.13,53.39],[-6.15,53.37],[-6.05,53.09],[-6.03,52.93],[-6.17,52.74],[-6.22,52.54],[-6.35,52.4],[-6.46,52.35],[-6.33,52.25],[-6.56,52.19],[-6.78,52.21],[-6.89,52.16],[-6.97,52.25],[-7.0,52.17],[-7.53,52.1],[-7.62,51.99],[-7.87,51.94],[-8.06,51.83],[-8.15,51.81],[-8.29,51.89],[-8.41,51.89],[-8.35,51.85],[-8.35,51.74],[-8.59,51.65],[-8.73,51.64],[-8.81,51.58],[-9.3,51.5],[-9.46,51.53],[-9.74,51.47],[-9.84,51.48],[-9.71,51.6],[-9.54,51.66]],[[-180.0,68.98],[-179.6,68.91],[-179.47,68.91],[-179.28,68.83],[-178.87,68.75],[-178.54,68.59],[-178.75,68.66],[-178.69,68.55],[-178.1,68.42],[-178.02,68.32],[-178.06,68.26],[-177.8,68.34],[-178.28,68.52],[-178.37,68.57],[-178.25,68.54],[-177.53,68.29],[-177.64,68.24],[-177.59,68.22],[-177.41,68.25],[-177.3,68.22],[-175.35,67.68],[-175.24,67.52],[-175.23,67.45],[-175.37,67.36],[-175.16,67.37],[-175.0,67.44],[-174.85,67.35],[-174.87,67.27],[-174.93,67.2],[-174.94,67.09],[-174.89,67.0],[-174.78,66.92],[-174.77,66.78],[-174.87,66.72],[-174.92,66.62],[-174.67,66.6],[-174.5,66.54],[-174.39,66.34],[-174.21,66.45],[-174.08,66.47],[-174.02,66.38],[-174.07,66.23],[-173.9,66.31],[-173.77,66.43],[-173.92,66.52],[-174.2,66.58],[-174.23,66.63],[-174.06,66.69],[-174.01,66.78],[-174.09,66.94],[-174.34,67.04],[-174.52,67.05],[-174.55,67.06],[-174.55,67.09],[-173.88,67.11],[-173.68,67.14],[-173.16,67.07],[-173.32,66.95],[-173.35,66.85],[-173.26,66.84],[-173.18,66.86],[-173.23,66.97],[-173.19,66.99],[-172.96,66.94],[-172.64,66.92],[-172.52,66.95],[-173.0,67.03],[-173.01,67.06],[-171.8,66.93],[-171.36,66.68],[-170.93,66.53],[-170.51,66.34],[-170.47,66.32],[-170.6,66.25],[-170.3,66.29],[-170.19,66.2],[-170.24,66.17],[-169.78,66.14],[-169.73,66.06],[-169.83,66.0],[-170.0,66.03],[-170.16,66.01],[-170.54,65.87],[-170.56,65.66],[-170.67,65.62],[-171.0,65.66],[-171.42,65.81],[-171.45,65.79],[-171.4,65.75],[-171.13,65.63],[-171.05,65.55],[-171.17,65.5],[-171.47,65.53],[-171.91,65.5],[-171.96,65.54],[-172.28,65.58],[-172.44,65.67],[-172.78,65.68],[-172.56,65.61],[-172.35,65.5],[-172.42,65.45],[-172.23,65.46],[-172.21,65.43],[-172.31,65.28],[-172.66,65.25],[-172.29,65.21],[-172.22,65.13],[-172.21,65.05],[-172.59,64.91],[-173.0,64.88],[-173.07,64.85],[-173.09,64.82],[-173.0,64.84],[-172.8,64.79],[-172.92,64.7],[-172.89,64.66],[-172.9,64.63],[-172.49,64.54],[-172.38,64.43],[-172.74,64.41],[-172.79,64.5],[-172.9,64.53],[-172.95,64.51],[-172.92,64.37],[-173.01,64.3],[-173.16,64.28],[-173.28,64.29],[-173.38,64.35],[-173.38,64.41],[-173.31,64.44],[-173.33,64.54],[-173.6,64.37],[-173.73,64.36],[-174.0,64.45],[-174.32,64.64],[-174.57,64.72],[-175.04,64.81],[-175.26,64.79],[-175.44,64.82],[-175.85,65.01],[-175.83,65.11],[-175.86,65.23],[-175.92,65.35],[-176.09,65.47],[-177.06,65.61],[-177.49,65.5],[-178.41,65.5],[-178.5,65.54],[-178.53,65.59],[-178.5,65.74],[-178.79,65.86],[-178.94,66.03],[-178.75,66.01],[-178.69,66.12],[-178.59,66.2],[-178.53,66.4],[-178.87,66.19],[-179.11,66.23],[-179.11,66.35],[-179.14,66.38],[-179.19,66.31],[-179.34,66.29],[-179.33,66.16],[-179.62,66.13],[-179.68,66.18],[-179.78,66.02],[-179.79,65.9],[-179.73,65.8],[-179.37,65.64],[-179.35,65.52],[-179.7,65.19],[-180,65.07]],[[-14.79,66.33],[-14.91,66.28],[-15.12,66.13],[-15.01,66.06],[-14.89,66.04],[-14.79,66.06],[-14.7,66.02],[-14.67,65.96],[-14.69,65.9],[-14.84,65.78],[-14.83,65.76],[-14.39,65.79],[-14.32,65.68],[-14.47,65.58],[-14.17,65.64],[-13.94,65.62],[-13.79,65.53],[-13.67,65.55],[-13.62,65.52],[-13.67,65.4],[-13.8,65.35],[-13.72,65.29],[-13.64,65.28],[-13.65,65.24],[-13.75,65.19],[-13.56,65.12],[-13.6,65.04],[-13.85,64.99],[-13.83,64.96],[-13.85,64.86],[-14.04,64.74],[-14.14,64.71],[-14.39,64.75],[-14.38,64.68],[-14.47,64.64],[-14.42,64.58],[-14.43,64.54],[-14.63,64.42],[-15.02,64.3],[-15.26,64.3],[-15.83,64.18],[-16.06,64.11],[-16.47,63.92],[-16.64,63.87],[-17.82,63.71],[-17.91,63.64],[-17.88,63.59],[-17.95,63.54],[-18.08,63.5],[-18.25,63.53],[-18.22,63.47],[-18.65,63.41],[-19.25,63.44],[-19.78,63.54],[-20.2,63.56],[-20.49,63.69],[-20.47,63.75],[-20.36,63.76],[-20.41,63.81],[-20.65,63.74],[-20.73,63.77],[-20.73,63.79],[-20.88,63.8],[-21.14,63.89],[-21.16,63.91],[-21.11,63.94],[-21.25,63.94],[-21.45,63.86],[-22.65,63.83],[-22.74,64.02],[-22.7,64.08],[-22.51,63.99],[-22.19,64.04],[-22.06,64.07],[-21.87,64.18],[-21.67,64.35],[-21.46,64.38],[-21.65,64.4],[-21.95,64.31],[-22.05,64.31],[-21.9,64.39],[-22.0,64.41],[-22.0,64.45],[-21.95,64.51],[-21.59,64.63],[-21.67,64.65],[-22.11,64.53],[-22.25,64.57],[-22.32,64.62],[-22.25,64.73],[-22.47,64.79],[-23.35,64.82],[-23.82,64.74],[-23.93,64.78],[-24.03,64.86],[-24.01,64.9],[-23.92,64.92],[-23.35,64.95],[-23.2,65.0],[-23.11,64.97],[-22.79,65.05],[-22.6,65.03],[-21.89,65.05],[-21.8,65.11],[-21.78,65.19],[-22.04,65.13],[-22.4,65.16],[-22.51,65.2],[-22.31,65.29],[-21.91,65.4],[-21.84,65.45],[-22.01,65.49],[-22.31,65.48],[-22.39,65.54],[-22.64,65.57],[-22.81,65.55],[-22.9,65.58],[-23.9,65.41],[-24.22,65.49],[-24.45,65.5],[-24.48,65.53],[-24.34,65.6],[-24.25,65.61],[-23.86,65.54],[-24.01,65.62],[-24.02,65.69],[-24.11,65.76],[-24.09,65.78],[-23.91,65.77],[-23.62,65.68],[-23.29,65.75],[-23.7,65.78],[-23.83,65.85],[-23.74,65.88],[-23.52,65.88],[-23.78,66.02],[-23.74,66.07],[-23.43,66.02],[-23.6,66.11],[-23.45,66.18],[-23.3,66.17],[-23.06,66.09],[-23.03,66.06],[-23.02,65.98],[-22.82,65.98],[-22.72,66.04],[-22.66,66.03],[-22.61,65.98],[-22.62,65.87],[-22.55,65.91],[-22.44,65.91],[-22.45,66.07],[-22.95,66.21],[-22.86,66.25],[-22.48,66.27],[-22.65,66.3],[-22.69,66.34],[-23.12,66.34],[-22.89,66.44],[-22.43,66.43],[-22.17,66.31],[-21.97,66.26],[-21.63,66.09],[-21.41,66.03],[-21.52,65.97],[-21.31,65.9],[-21.37,65.74],[-21.46,65.7],[-21.66,65.72],[-21.47,65.64],[-21.43,65.61],[-21.46,65.58],[-21.36,65.58],[-21.43,65.47],[-21.23,65.42],[-21.13,65.27],[-20.94,65.57],[-20.8,65.64],[-20.68,65.66],[-20.55,65.58],[-20.45,65.57],[-20.36,65.72],[-20.36,66.03],[-20.29,66.08],[-20.21,66.1],[-20.03,66.05],[-19.65,65.8],[-19.49,65.77],[-19.43,65.81],[-19.46,65.98],[-19.38,66.08],[-18.85,66.18],[-18.71,66.14],[-18.45,65.96],[-18.28,65.88],[-18.14,65.73],[-18.1,65.83],[-18.32,66.09],[-18.3,66.16],[-17.91,66.14],[-17.55,65.96],[-17.15,66.2],[-16.84,66.13],[-16.49,66.2],[-16.43,66.28],[-16.54,66.45],[-16.49,66.48],[-16.25,66.52],[-15.99,66.51],[-15.71,66.36],[-15.7,66.29],[-15.54,66.23],[-15.24,66.26],[-14.86,66.38],[-14.6,66.38],[-14.79,66.33]],[[-64.85,18.33],[-64.89,18.37],[-65.02,18.37],[-64.92,18.32],[-64.85,18.33]],[[6.19,53.48],[6.33,53.51],[6.17,53.49],[6.19,53.48]],[[5.71,53.47],[5.65,53.47],[5.73,53.44],[5.93,53.46],[5.71,53.47]],[[5.03,53.31],[4.91,53.25],[5.11,53.31],[5.03,53.31]],[[5.42,53.43],[5.19,53.39],[5.33,53.39],[5.58,53.44],[5.42,53.43]],[[-67.76,-55.82],[-67.83,-55.83],[-67.83,-55.86],[-67.61,-55.89],[-67.51,-55.84],[-67.76,-55.82]],[[-69.97,12.57],[-70.04,12.61],[-70.07,12.55],[-69.9,12.42],[-69.97,12.57]],[[-65.38,10.97],[-65.41,10.94],[-65.37,10.91],[-65.27,10.88],[-65.21,10.91],[-65.3,10.97],[-65.38,10.97]],[[-73.17,18.97],[-73.28,18.95],[-73.29,18.9],[-72.82,18.71],[-72.8,18.78],[-72.92,18.86],[-73.17,18.97]],[[-25.16,37.02],[-25.2,37.0],[-25.16,36.94],[-25.03,36.94],[-25.04,37.0],[-25.08,37.02],[-25.16,37.02]],[[16.98,42.93],[17.19,42.92],[17.09,42.96],[16.65,43.0],[16.74,42.91],[16.85,42.9],[16.98,42.93]],[[17.12,43.12],[16.7,43.17],[16.66,43.21],[16.38,43.21],[16.68,43.12],[17.12,43.12]],[[16.63,43.27],[16.42,43.32],[16.45,43.39],[16.83,43.35],[16.89,43.31],[16.79,43.27],[16.63,43.27]],[[-2.22,49.27],[-2.24,49.18],[-2.01,49.18],[-2.02,49.23],[-2.22,49.27]],[[-59.87,43.95],[-60.12,43.95],[-60.04,43.91],[-59.92,43.9],[-59.79,43.94],[-59.73,44.0],[-59.87,43.95]],[[-96.84,28.09],[-96.86,28.13],[-96.9,28.12],[-97.04,27.9],[-96.84,28.09]],[[-88.72,30.26],[-88.56,30.22],[-88.72,30.26]],[[-88.11,30.27],[-88.32,30.24],[-88.16,30.23],[-88.07,30.25],[-88.11,30.27]],[[-65.57,18.14],[-65.5,18.1],[-65.29,18.13],[-65.48,18.17],[-65.57,18.14]],[[-64.89,17.7],[-64.69,17.71],[-64.58,17.75],[-64.68,17.75],[-64.77,17.79],[-64.88,17.77],[-64.89,17.7]],[[-77.45,25.08],[-77.56,25.03],[-77.46,24.99],[-77.27,25.04],[-77.33,25.08],[-77.45,25.08]],[[-81.09,24.73],[-81.14,24.71],[-81.09,24.69],[-80.93,24.76],[-81.09,24.73]],[[-175.08,-21.13],[-175.16,-21.26],[-175.34,-21.16],[-175.36,-21.11],[-175.32,-21.07],[-175.32,-21.1],[-175.16,-21.15],[-175.2,-21.16],[-175.16,-21.17],[-175.08,-21.13]],[[47.99,45.55],[47.95,45.65],[47.92,45.56],[47.97,45.47],[47.99,45.55]],[[42.57,15.41],[42.56,15.28],[42.62,15.37],[42.6,15.43],[42.57,15.41]],[[36.92,25.43],[36.75,25.56],[36.59,25.62],[36.53,25.69],[36.5,25.65],[36.53,25.6],[36.72,25.53],[36.88,25.38],[36.95,25.41],[36.92,25.43]],[[36.59,25.7],[36.58,25.86],[36.55,25.81],[36.54,25.73],[36.59,25.7]],[[123.55,-1.51],[123.49,-1.53],[123.48,-1.68],[123.53,-1.71],[123.6,-1.7],[123.62,-1.63],[123.55,-1.51]],[[152.8,76.19],[152.56,76.14],[152.79,76.09],[152.89,76.12],[152.8,76.19]],[[67.22,69.58],[67.03,69.48],[67.1,69.45],[67.26,69.44],[67.34,69.53],[67.33,69.57],[67.22,69.58]],[[66.46,70.7],[66.46,70.77],[66.39,70.73],[66.41,70.62],[66.45,70.56],[66.57,70.5],[66.46,70.7]],[[55.24,80.33],[54.98,80.26],[55.2,80.23],[55.48,80.27],[55.24,80.33]],[[18.62,59.55],[18.55,59.48],[18.57,59.44],[18.7,59.52],[18.62,59.55]],[[-86.34,16.44],[-86.26,16.43],[-86.63,16.3],[-86.56,16.36],[-86.34,16.44]],[[163.74,-74.71],[163.76,-74.8],[163.98,-74.83],[164.21,-74.61],[164.0,-74.63],[163.74,-74.71]],[[164.68,-67.26],[164.7,-67.41],[164.64,-67.5],[164.69,-67.56],[164.83,-67.54],[164.92,-67.45],[164.91,-67.42],[164.82,-67.33],[164.68,-67.26]],[[167.59,-78.02],[167.5,-77.99],[167.42,-78.01],[167.14,-78.13],[166.86,-78.2],[166.11,-78.09],[166.01,-78.1],[166.01,-78.13],[166.12,-78.27],[166.28,-78.31],[166.63,-78.28],[166.94,-78.22],[167.38,-78.25],[167.52,-78.22],[167.64,-78.14],[167.59,-78.02]],[[163.27,-66.77],[163.24,-66.71],[163.09,-66.7],[163.16,-66.82],[163.23,-66.87],[163.28,-66.88],[163.3,-66.82],[163.27,-66.77]],[[168.45,-77.39],[167.46,-77.39],[167.08,-77.32],[167.11,-77.27],[166.99,-77.19],[166.72,-77.16],[166.51,-77.19],[166.41,-77.25],[166.61,-77.34],[166.63,-77.38],[166.38,-77.49],[166.22,-77.52],[166.65,-77.77],[166.73,-77.85],[167.39,-77.65],[168.52,-77.68],[169.35,-77.52],[169.28,-77.45],[168.45,-77.39]],[[169.89,-73.46],[169.78,-73.32],[169.74,-73.32],[169.67,-73.35],[169.65,-73.38],[169.66,-73.42],[169.48,-73.54],[169.71,-73.63],[169.84,-73.6],[169.96,-73.51],[169.89,-73.46]],[[162.72,-75.6],[162.59,-75.67],[162.79,-75.7],[162.97,-75.57],[162.72,-75.6]],[[100.41,-65.47],[100.32,-65.52],[100.27,-65.6],[100.29,-65.65],[100.55,-65.7],[100.98,-65.68],[101.24,-65.56],[101.26,-65.53],[101.22,-65.47],[101.08,-65.4],[100.88,-65.38],[100.61,-65.4],[100.41,-65.47]],[[85.34,-66.72],[85.31,-66.78],[85.36,-66.85],[85.65,-66.98],[85.82,-66.95],[85.94,-66.89],[85.81,-66.77],[85.34,-66.72]],[[92.3,-65.71],[92.25,-65.74],[92.33,-65.81],[92.47,-65.82],[92.67,-65.77],[92.63,-65.73],[92.5,-65.7],[92.3,-65.71]],[[86.38,-66.67],[86.23,-66.73],[86.34,-66.79],[86.54,-66.77],[86.65,-66.72],[86.38,-66.67]],[[85.16,-66.52],[85.12,-66.52],[85.07,-66.58],[85.14,-66.64],[85.33,-66.61],[85.16,-66.52]],[[69.8,-71.89],[69.69,-71.97],[69.74,-72.04],[69.79,-72.05],[69.92,-71.92],[69.8,-71.89]],[[68.67,-72.1],[68.41,-72.3],[68.67,-72.28],[68.82,-72.23],[68.84,-72.17],[68.73,-72.09],[68.67,-72.1]],[[96.73,-66.06],[96.5,-66.05],[96.4,-66.08],[96.31,-66.19],[96.39,-66.22],[96.93,-66.2],[97.02,-66.16],[97.01,-66.1],[96.93,-66.06],[96.73,-66.06]],[[72.07,-70.52],[71.88,-70.41],[71.8,-70.26],[71.71,-70.28],[71.65,-70.34],[71.66,-70.5],[71.84,-70.62],[72.08,-70.61],[72.1,-70.57],[72.07,-70.52]],[[162.31,-66.25],[162.3,-66.3],[162.33,-66.35],[162.3,-66.4],[162.51,-66.52],[162.56,-66.53],[162.61,-66.48],[162.31,-66.25]],[[100.17,-66.13],[100.08,-66.2],[100.13,-66.23],[100.26,-66.22],[100.29,-66.11],[100.17,-66.13]],[[98.66,-66.45],[98.75,-66.48],[98.95,-66.42],[98.75,-66.37],[98.6,-66.38],[98.66,-66.45]],[[103.19,-65.33],[103.19,-65.24],[103.14,-65.19],[102.89,-65.13],[102.8,-65.14],[102.76,-65.17],[102.79,-65.24],[103.11,-65.31],[103.14,-65.44],[103.18,-65.45],[103.34,-65.47],[103.4,-65.45],[103.19,-65.33]],[[-147.58,-76.66],[-147.77,-76.58],[-148.0,-76.58],[-147.73,-76.65],[-147.58,-76.66]],[[-145.76,-75.51],[-145.9,-75.5],[-146.15,-75.57],[-145.54,-75.69],[-145.24,-75.71],[-145.42,-75.59],[-145.76,-75.51]],[[-146.87,-76.84],[-147.09,-76.84],[-147.12,-76.87],[-147.04,-76.93],[-147.08,-76.99],[-146.16,-76.95],[-146.24,-76.88],[-146.87,-76.84]],[[-132.83,-74.42],[-132.86,-74.46],[-132.55,-74.5],[-132.36,-74.41],[-132.55,-74.39],[-132.83,-74.42]],[[-149.24,-76.9],[-149.3,-76.92],[-149.24,-76.99],[-149.01,-77.02],[-148.44,-76.98],[-149.24,-76.9]],[[-148.37,-76.79],[-148.32,-76.77],[-148.38,-76.74],[-148.66,-76.72],[-149.33,-76.72],[-149.47,-76.76],[-148.98,-76.85],[-148.37,-76.79]],[[-131.23,-74.41],[-131.56,-74.37],[-131.59,-74.33],[-131.76,-74.32],[-132.16,-74.43],[-131.84,-74.54],[-131.18,-74.6],[-131.07,-74.58],[-130.97,-74.52],[-130.96,-74.46],[-130.98,-74.41],[-131.23,-74.41]],[[-119.55,-74.11],[-119.06,-74.0],[-118.88,-73.88],[-118.96,-73.81],[-119.22,-73.78],[-119.52,-73.77],[-119.8,-73.81],[-119.66,-73.99],[-119.91,-74.08],[-119.82,-74.12],[-119.55,-74.11]],[[-116.38,-73.87],[-117.38,-74.08],[-117.4,-74.12],[-117.36,-74.16],[-117.23,-74.19],[-116.74,-74.17],[-116.57,-74.13],[-116.51,-74.1],[-116.61,-74.07],[-116.58,-74.06],[-116.15,-73.91],[-116.38,-73.87]],[[-127.49,-74.41],[-127.85,-74.33],[-128.13,-74.33],[-128.1,-74.47],[-127.82,-74.57],[-127.52,-74.64],[-127.23,-74.58],[-127.15,-74.48],[-127.23,-74.43],[-127.49,-74.41]],[[-149.22,-77.34],[-149.38,-77.28],[-149.66,-77.3],[-149.44,-77.37],[-148.93,-77.39],[-149.22,-77.34]],[[-162.8,-82.86],[-163.8,-82.84],[-163.63,-82.9],[-163.6,-82.97],[-163.55,-82.99],[-163.05,-83.1],[-162.3,-83.14],[-161.99,-83.12],[-161.83,-83.04],[-161.64,-83.03],[-162.8,-82.86]],[[-150.08,-76.74],[-150.18,-76.69],[-150.84,-76.71],[-150.87,-76.74],[-150.66,-76.79],[-150.23,-76.78],[-150.08,-76.74]],[[-147.15,-76.2],[-146.89,-76.26],[-146.69,-76.25],[-146.95,-76.1],[-147.42,-76.07],[-147.35,-76.15],[-147.15,-76.2]],[[-146.95,-76.55],[-147.14,-76.53],[-147.28,-76.55],[-147.36,-76.62],[-147.22,-76.67],[-146.91,-76.71],[-146.79,-76.63],[-146.88,-76.56],[-146.95,-76.55]],[[-160.47,-81.59],[-160.62,-81.52],[-160.94,-81.46],[-162.46,-81.31],[-163.2,-81.28],[-163.87,-81.32],[-163.95,-81.39],[-163.77,-81.44],[-163.25,-81.48],[-160.47,-81.59]],[[-151.02,-77.22],[-151.51,-77.27],[-150.47,-77.37],[-150.36,-77.35],[-151.02,-77.22]],[[-153.93,-80.03],[-154.03,-79.99],[-155.67,-79.77],[-155.75,-79.83],[-155.04,-79.9],[-154.94,-79.97],[-154.35,-80.03],[-153.93,-80.03]],[[-149.29,-77.14],[-149.23,-77.12],[-149.29,-77.09],[-149.42,-77.08],[-149.51,-77.0],[-149.87,-76.88],[-150.39,-76.9],[-150.79,-76.98],[-150.46,-77.08],[-149.29,-77.14]],[[-158.26,-81.95],[-158.35,-81.9],[-158.99,-81.78],[-158.77,-81.88],[-158.15,-82.06],[-158.08,-82.11],[-157.99,-82.1],[-157.83,-82.03],[-158.26,-81.95]],[[-6.07,-70.4],[-6.44,-70.45],[-6.16,-70.61],[-5.89,-70.55],[-5.95,-70.43],[-6.07,-70.4]],[[3.07,-70.38],[2.58,-70.53],[2.62,-70.59],[2.7,-70.62],[3.04,-70.6],[3.17,-70.55],[3.26,-70.45],[3.23,-70.4],[3.07,-70.38]],[[-3.4,-71.06],[-3.4,-71.12],[-3.31,-71.2],[-3.06,-71.24],[-2.95,-71.21],[-3.26,-71.05],[-3.4,-71.06]],[[1.31,-70.02],[1.03,-70.05],[0.95,-70.09],[0.95,-70.17],[1.16,-70.38],[1.21,-70.38],[1.3,-70.26],[1.46,-70.14],[1.41,-70.04],[1.31,-70.02]],[[-2.53,-70.77],[-2.75,-70.69],[-3.04,-70.67],[-3.57,-70.7],[-3.01,-70.85],[-2.96,-70.94],[-2.8,-70.98],[-2.83,-71.11],[-2.78,-71.17],[-2.61,-71.14],[-2.37,-71.04],[-2.09,-70.82],[-2.53,-70.77]],[[4.13,-70.42],[4.37,-70.5],[4.53,-70.48],[4.62,-70.37],[4.59,-70.29],[4.5,-70.25],[4.26,-70.24],[4.07,-70.29],[4.13,-70.42]],[[48.64,-66.7],[48.36,-66.7],[48.3,-66.72],[48.3,-66.77],[48.38,-66.81],[48.77,-66.78],[48.78,-66.73],[48.64,-66.7]],[[15.91,-69.73],[15.7,-69.77],[15.6,-69.83],[15.57,-69.88],[15.66,-69.96],[16.16,-70.07],[16.32,-69.84],[16.63,-69.75],[16.57,-69.72],[16.25,-69.7],[15.91,-69.73]],[[26.69,-70.11],[26.6,-70.08],[26.3,-70.07],[25.98,-70.2],[25.95,-70.26],[26.01,-70.37],[26.47,-70.45],[26.61,-70.41],[26.79,-70.42],[26.86,-70.38],[26.87,-70.33],[26.69,-70.11]],[[-30.99,-79.82],[-31.68,-79.63],[-32.0,-79.73],[-31.82,-79.85],[-30.84,-79.94],[-30.42,-80.01],[-30.03,-79.94],[-29.61,-79.91],[-29.87,-79.82],[-30.66,-79.73],[-30.78,-79.65],[-30.86,-79.73],[-30.84,-79.77],[-30.99,-79.82]],[[-33.99,-79.28],[-35.53,-79.09],[-36.05,-79.18],[-36.57,-79.21],[-36.6,-79.28],[-34.05,-79.36],[-33.93,-79.32],[-33.99,-79.28]],[[-2.74,-70.51],[-2.68,-70.46],[-2.71,-70.32],[-2.95,-70.28],[-3.29,-70.34],[-3.5,-70.49],[-3.44,-70.54],[-2.74,-70.51]],[[-20.6,-74.2],[-20.65,-74.1],[-20.61,-73.89],[-20.52,-73.8],[-20.52,-73.71],[-20.58,-73.62],[-20.87,-73.68],[-21.02,-73.88],[-21.13,-73.94],[-21.29,-73.99],[-21.93,-74.06],[-22.04,-74.11],[-21.61,-74.09],[-21.17,-74.13],[-20.98,-74.23],[-20.85,-74.44],[-20.74,-74.48],[-20.49,-74.49],[-20.42,-74.44],[-20.42,-74.32],[-20.6,-74.2]],[[-16.3,-72.48],[-16.46,-72.47],[-16.52,-72.53],[-16.45,-72.65],[-16.32,-72.7],[-16.1,-72.68],[-16.3,-72.48]],[[-12.79,-72.01],[-12.88,-72.0],[-12.96,-72.06],[-12.89,-72.14],[-12.72,-72.19],[-12.51,-72.17],[-12.64,-72.07],[-12.79,-72.01]],[[-31.96,-79.6],[-31.93,-79.57],[-32.15,-79.53],[-32.38,-79.53],[-32.58,-79.66],[-32.51,-79.68],[-32.34,-79.67],[-31.96,-79.6]],[[-45.78,-60.59],[-45.71,-60.65],[-45.4,-60.65],[-45.17,-60.73],[-45.21,-60.65],[-45.36,-60.62],[-45.39,-60.58],[-45.5,-60.55],[-45.93,-60.53],[-45.96,-60.57],[-45.94,-60.62],[-45.78,-60.59]],[[-54.12,-61.2],[-54.19,-61.25],[-54.18,-61.27],[-54.12,-61.31],[-54.07,-61.3],[-54.02,-61.14],[-54.12,-61.2]],[[-68.42,-79.33],[-68.55,-79.44],[-68.41,-79.46],[-67.43,-79.5],[-67.26,-79.45],[-67.3,-79.39],[-67.24,-79.33],[-67.07,-79.27],[-67.47,-79.22],[-68.03,-79.23],[-68.42,-79.33]],[[-55.39,-61.07],[-55.44,-61.11],[-55.37,-61.15],[-55.3,-61.25],[-55.06,-61.17],[-54.67,-61.12],[-55.39,-61.07]],[[-55.47,-63.2],[-55.59,-63.13],[-56.04,-63.16],[-56.39,-63.23],[-56.51,-63.33],[-56.46,-63.42],[-56.38,-63.44],[-55.83,-63.3],[-55.16,-63.35],[-55.08,-63.32],[-55.16,-63.2],[-55.47,-63.2]],[[-55.76,-63.42],[-56.21,-63.44],[-56.24,-63.47],[-56.18,-63.51],[-55.96,-63.58],[-55.72,-63.49],[-55.76,-63.42]],[[-57.45,-64.46],[-57.43,-64.54],[-57.24,-64.57],[-56.99,-64.47],[-56.89,-64.33],[-57.45,-64.46]],[[-59.06,-62.24],[-59.2,-62.28],[-59.06,-62.35],[-58.84,-62.3],[-58.88,-62.27],[-59.06,-62.24]],[[-58.56,-62.24],[-58.51,-62.23],[-58.47,-62.14],[-58.34,-62.12],[-58.18,-62.17],[-58.13,-62.15],[-58.17,-62.12],[-58.15,-62.06],[-57.96,-62.08],[-57.81,-62.01],[-57.64,-62.02],[-57.64,-62.0],[-57.68,-61.94],[-57.74,-61.92],[-57.85,-61.94],[-57.98,-61.91],[-58.27,-61.95],[-58.4,-61.94],[-58.68,-62.01],[-59.0,-62.21],[-58.82,-62.17],[-58.75,-62.22],[-58.56,-62.24]],[[-62.02,-64.03],[-62.04,-64.08],[-61.95,-64.08],[-61.8,-63.97],[-62.02,-64.03]],[[-61.98,-69.3],[-62.24,-69.18],[-62.44,-69.15],[-62.57,-69.18],[-62.5,-69.29],[-62.22,-69.49],[-62.17,-69.64],[-62.09,-69.73],[-62.0,-69.72],[-61.91,-69.59],[-61.91,-69.53],[-61.81,-69.51],[-61.78,-69.44],[-61.82,-69.38],[-61.98,-69.3]],[[-63.18,-64.74],[-63.46,-64.8],[-63.56,-64.91],[-63.32,-64.86],[-63.18,-64.74]],[[-62.09,-64.23],[-62.06,-64.14],[-62.27,-64.09],[-62.27,-64.04],[-62.33,-64.01],[-62.45,-64.01],[-62.54,-64.05],[-62.61,-64.12],[-62.48,-64.21],[-62.5,-64.25],[-62.78,-64.48],[-62.58,-64.51],[-62.51,-64.45],[-62.4,-64.46],[-62.19,-64.37],[-62.17,-64.3],[-62.09,-64.23]],[[-62.41,-62.97],[-62.32,-62.87],[-62.53,-62.92],[-62.66,-63.07],[-62.41,-62.97]],[[-59.53,-62.45],[-59.39,-62.44],[-59.35,-62.41],[-59.4,-62.37],[-59.66,-62.35],[-59.53,-62.45]],[[-56.35,-63.17],[-56.26,-63.17],[-56.06,-63.08],[-56.06,-63.02],[-56.49,-62.98],[-56.61,-63.05],[-56.35,-63.17]],[[-60.8,-62.66],[-60.7,-62.62],[-60.38,-62.62],[-60.32,-62.71],[-60.22,-62.75],[-59.85,-62.61],[-60.0,-62.62],[-60.14,-62.55],[-60.58,-62.57],[-60.8,-62.48],[-60.84,-62.53],[-60.97,-62.59],[-61.15,-62.59],[-61.15,-62.63],[-61.06,-62.68],[-60.8,-62.66]],[[-57.34,-63.88],[-57.1,-63.84],[-57.16,-63.82],[-57.36,-63.82],[-57.44,-63.79],[-57.68,-63.81],[-57.62,-63.85],[-57.34,-63.88]],[[-61.33,-69.86],[-61.39,-69.89],[-61.4,-69.93],[-61.38,-69.95],[-61.31,-69.98],[-61.11,-69.96],[-61.15,-69.88],[-61.33,-69.86]],[[-60.69,-68.8],[-60.66,-68.77],[-60.7,-68.72],[-60.81,-68.69],[-60.95,-68.68],[-61.01,-68.71],[-60.69,-68.8]],[[-60.55,-70.51],[-60.88,-70.52],[-60.94,-70.53],[-60.98,-70.6],[-60.9,-70.69],[-60.74,-70.71],[-60.49,-70.65],[-60.45,-70.6],[-60.45,-70.54],[-60.55,-70.51]],[[-60.52,-71.0],[-60.61,-70.92],[-60.78,-70.91],[-60.95,-70.97],[-60.91,-71.01],[-60.65,-71.06],[-60.55,-71.05],[-60.52,-71.0]],[[-60.64,-62.9],[-60.71,-62.91],[-60.74,-62.95],[-60.69,-63.0],[-60.62,-63.02],[-60.56,-63.01],[-60.62,-62.97],[-60.5,-62.97],[-60.64,-62.9]],[[-60.56,-63.7],[-60.71,-63.67],[-60.8,-63.72],[-60.81,-63.84],[-60.97,-63.85],[-60.78,-63.9],[-60.65,-63.87],[-60.69,-63.81],[-60.56,-63.7]],[[-94.0,-72.82],[-94.11,-72.86],[-94.08,-72.88],[-93.97,-72.92],[-93.76,-72.91],[-94.0,-72.82]],[[-90.78,-72.73],[-90.76,-72.68],[-90.81,-72.61],[-90.95,-72.56],[-91.3,-72.55],[-91.67,-72.62],[-91.36,-72.91],[-91.45,-72.97],[-91.51,-73.2],[-91.16,-73.18],[-90.89,-73.08],[-90.78,-72.99],[-90.75,-72.92],[-90.78,-72.85],[-90.9,-72.82],[-90.78,-72.73]],[[-104.97,-72.94],[-105.13,-72.99],[-105.05,-73.13],[-104.88,-73.2],[-104.66,-73.21],[-104.54,-73.17],[-104.97,-72.94]],[[-94.57,-72.47],[-95.22,-72.6],[-95.27,-72.65],[-95.03,-72.67],[-94.43,-72.61],[-94.51,-72.49],[-94.57,-72.47]],[[-71.55,-70.44],[-71.44,-70.39],[-71.34,-70.32],[-71.35,-70.3],[-71.43,-70.27],[-71.8,-70.29],[-71.68,-70.44],[-71.55,-70.44]],[[-72.2,-69.74],[-71.99,-69.7],[-72.33,-69.49],[-72.46,-69.45],[-72.73,-69.41],[-72.86,-69.43],[-72.94,-69.47],[-72.96,-69.53],[-72.78,-69.65],[-72.2,-69.74]],[[-74.05,-73.22],[-74.15,-73.32],[-73.97,-73.38],[-73.72,-73.3],[-73.68,-73.22],[-73.54,-73.12],[-73.83,-73.11],[-74.05,-73.22]],[[-66.06,-65.88],[-65.85,-65.84],[-65.81,-65.69],[-65.67,-65.65],[-65.64,-65.55],[-65.83,-65.53],[-65.97,-65.57],[-66.0,-65.63],[-66.07,-65.67],[-66.05,-65.74],[-66.15,-65.77],[-66.18,-65.83],[-66.18,-65.87],[-66.06,-65.88]],[[-66.87,-66.27],[-66.82,-66.31],[-66.6,-66.2],[-66.62,-66.13],[-66.58,-66.08],[-66.63,-66.07],[-66.78,-66.11],[-66.79,-66.23],[-66.87,-66.27]],[[-67.15,-67.65],[-67.25,-67.6],[-67.42,-67.59],[-67.74,-67.66],[-67.69,-67.69],[-67.69,-67.76],[-67.54,-67.79],[-67.35,-67.77],[-67.15,-67.65]],[[-67.26,-66.84],[-67.33,-66.75],[-67.43,-66.74],[-67.51,-66.76],[-67.5,-66.8],[-67.59,-66.88],[-67.41,-66.9],[-67.26,-66.84]],[[-180.0,-16.96],[-179.87,-16.85],[-179.82,-16.77],[-179.86,-16.69],[-180.0,-16.79]],[[180.0,-16.96],[179.93,-17.0],[179.9,-16.96],[180,-16.79]],[[-78.84,8.35],[-78.92,8.23],[-78.96,8.33],[-78.96,8.44],[-78.86,8.45],[-78.84,8.35]],[[154.61,49.38],[154.61,49.29],[154.71,49.27],[154.81,49.31],[154.83,49.35],[154.8,49.47],[154.9,49.63],[154.82,49.65],[154.61,49.38]],[[58.61,81.34],[59.08,81.4],[59.37,81.33],[59.1,81.29],[58.61,81.34]],[[53.9,80.54],[53.86,80.56],[53.88,80.61],[54.41,80.54],[54.44,80.5],[54.28,80.42],[53.81,80.48],[53.9,80.52],[53.9,80.54]],[[60.59,81.09],[61.46,81.1],[61.57,81.05],[61.14,80.95],[60.83,80.93],[60.06,80.98],[60.59,81.09]],[[52.34,80.21],[52.21,80.26],[52.68,80.32],[52.85,80.4],[53.33,80.4],[53.35,80.37],[53.49,80.32],[53.85,80.27],[53.78,80.23],[53.52,80.19],[52.86,80.17],[52.34,80.21]],[[55.94,80.16],[56.01,80.2],[55.99,80.32],[56.02,80.34],[56.66,80.33],[56.71,80.36],[56.94,80.37],[57.08,80.35],[57.12,80.32],[57.08,80.09],[56.99,80.07],[55.81,80.09],[55.72,80.1],[55.94,80.16]],[[58.95,80.04],[59.54,80.12],[59.8,80.08],[59.91,79.99],[59.33,79.92],[58.92,79.98],[58.95,80.04]],[[-66.54,-55.17],[-66.62,-55.21],[-66.63,-55.25],[-66.55,-55.27],[-66.47,-55.23],[-66.44,-55.19],[-66.54,-55.17]],[[-75.23,-48.67],[-75.51,-48.76],[-75.62,-48.76],[-75.65,-48.59],[-75.52,-48.33],[-75.51,-48.23],[-75.56,-48.07],[-75.39,-48.02],[-75.34,-48.07],[-75.16,-48.43],[-75.16,-48.62],[-75.23,-48.67]],[[-75.3,-50.48],[-75.43,-50.48],[-75.42,-50.53],[-75.48,-50.65],[-75.41,-50.76],[-75.33,-50.77],[-75.29,-50.6],[-75.2,-50.58],[-75.12,-50.51],[-75.3,-50.48]],[[-73.31,-53.25],[-73.45,-53.14],[-73.65,-53.07],[-74.07,-52.97],[-74.37,-52.93],[-74.42,-52.86],[-74.57,-52.77],[-74.67,-52.73],[-74.71,-52.75],[-74.56,-52.92],[-74.27,-53.08],[-73.87,-53.1],[-73.62,-53.23],[-73.58,-53.3],[-73.5,-53.32],[-73.14,-53.35],[-73.31,-53.25]],[[-68.31,-55.36],[-68.32,-55.31],[-68.28,-55.26],[-68.33,-55.22],[-68.61,-55.16],[-68.4,-55.04],[-68.46,-54.96],[-68.65,-54.96],[-68.9,-55.02],[-69.88,-54.88],[-69.92,-55.06],[-69.99,-55.13],[-69.82,-55.24],[-69.66,-55.23],[-69.65,-55.32],[-69.41,-55.44],[-69.24,-55.48],[-69.18,-55.47],[-69.36,-55.3],[-69.3,-55.17],[-69.15,-55.18],[-69.01,-55.26],[-68.89,-55.24],[-68.93,-55.37],[-68.87,-55.45],[-68.59,-55.45],[-68.34,-55.51],[-68.23,-55.6],[-68.08,-55.65],[-68.05,-55.64],[-68.06,-55.52],[-68.31,-55.36]],[[-75.12,-48.92],[-75.12,-48.77],[-75.58,-48.86],[-75.64,-48.94],[-75.51,-49.01],[-75.49,-49.08],[-75.64,-49.2],[-75.51,-49.23],[-75.26,-49.07],[-75.12,-48.92]],[[-60.25,-51.4],[-60.28,-51.28],[-60.17,-51.27],[-60.07,-51.31],[-60.11,-51.4],[-60.25,-51.4]],[[-26.3,-58.38],[-26.4,-58.38],[-26.45,-58.42],[-26.26,-58.49],[-26.3,-58.38]],[[54.19,12.66],[53.92,12.66],[53.82,12.62],[53.64,12.71],[53.53,12.72],[53.43,12.66],[53.32,12.53],[53.6,12.34],[53.72,12.32],[54.13,12.36],[54.51,12.55],[54.19,12.66]],[[53.45,24.37],[53.41,24.41],[53.33,24.34],[53.19,24.29],[53.26,24.25],[53.33,24.26],[53.45,24.37]],[[58.79,20.5],[58.64,20.34],[58.64,20.21],[58.72,20.22],[58.77,20.27],[58.84,20.42],[58.95,20.52],[58.88,20.68],[58.79,20.5]],[[56.07,26.98],[55.91,26.91],[55.76,26.95],[55.78,26.86],[55.76,26.81],[55.35,26.65],[55.3,26.66],[55.31,26.59],[55.42,26.58],[55.85,26.73],[55.95,26.7],[56.09,26.8],[56.19,26.92],[56.28,26.95],[56.21,27.0],[56.07,26.98]],[[53.8,24.14],[53.93,24.14],[53.93,24.18],[53.83,24.26],[53.63,24.17],[53.8,24.14]],[[42.06,16.8],[42.03,16.76],[42.07,16.71],[41.95,16.75],[41.95,16.94],[41.92,16.99],[41.86,17.0],[41.88,16.95],[41.86,16.89],[41.78,16.85],[41.8,16.78],[41.9,16.68],[41.96,16.65],[42.07,16.67],[42.16,16.57],[42.17,16.71],[42.06,16.8]],[[40.25,15.7],[40.18,15.64],[40.1,15.84],[39.96,15.89],[40.0,15.83],[39.95,15.79],[39.94,15.74],[40.02,15.73],[40.07,15.68],[40.02,15.66],[39.95,15.7],[39.98,15.61],[40.4,15.58],[40.41,15.63],[40.25,15.7]],[[50.47,26.23],[50.45,26.19],[50.49,26.06],[50.47,25.97],[50.57,25.81],[50.62,26.0],[50.61,26.12],[50.56,26.2],[50.59,26.24],[50.47,26.23]],[[48.35,29.78],[48.18,29.98],[48.08,29.8],[48.18,29.61],[48.22,29.6],[48.34,29.69],[48.35,29.78]],[[179.31,-17.94],[179.25,-18.03],[179.34,-18.11],[179.36,-18.07],[179.31,-17.94]],[[168.32,-16.79],[168.46,-16.84],[168.48,-16.79],[168.37,-16.76],[168.2,-16.59],[168.14,-16.64],[168.12,-16.69],[168.18,-16.8],[168.32,-16.79]],[[168.3,-16.34],[168.16,-16.08],[168.06,-16.18],[167.93,-16.23],[168.02,-16.32],[168.3,-16.34]],[[168.45,-17.54],[168.27,-17.55],[168.16,-17.71],[168.28,-17.71],[168.31,-17.75],[168.25,-17.78],[168.52,-17.8],[168.58,-17.7],[168.55,-17.68],[168.45,-17.54]],[[168.0,-15.28],[167.83,-15.31],[167.67,-15.45],[167.84,-15.48],[167.91,-15.44],[168.0,-15.28]],[[167.18,-15.39],[167.13,-15.14],[167.07,-15.07],[167.08,-14.94],[166.99,-14.94],[166.92,-15.14],[166.81,-15.16],[166.75,-14.83],[166.61,-14.64],[166.57,-14.64],[166.53,-14.85],[166.65,-15.21],[166.63,-15.41],[166.76,-15.57],[166.76,-15.63],[166.83,-15.63],[166.94,-15.58],[167.09,-15.58],[167.2,-15.49],[167.18,-15.39]],[[168.16,-15.46],[168.12,-15.68],[168.21,-15.97],[168.26,-15.96],[168.27,-15.89],[168.16,-15.46]],[[168.13,-15.32],[168.17,-15.39],[168.19,-15.33],[168.14,-14.99],[168.1,-15.02],[168.13,-15.32]],[[167.79,-16.39],[167.78,-16.34],[167.68,-16.26],[167.64,-16.26],[167.5,-16.17],[167.48,-16.12],[167.41,-16.1],[167.34,-15.92],[167.25,-15.88],[167.2,-15.89],[167.15,-16.08],[167.22,-16.16],[167.32,-16.12],[167.35,-16.15],[167.45,-16.55],[167.53,-16.57],[167.61,-16.5],[167.76,-16.52],[167.84,-16.45],[167.79,-16.39]],[[159.79,-8.41],[159.84,-8.33],[159.43,-8.03],[159.2,-7.91],[159.11,-7.9],[158.73,-7.6],[158.46,-7.54],[158.57,-7.65],[158.6,-7.76],[158.94,-8.04],[159.29,-8.2],[159.35,-8.26],[159.64,-8.37],[159.88,-8.56],[159.79,-8.41]],[[157.41,-7.31],[157.34,-7.28],[157.15,-7.11],[157.1,-6.96],[157.03,-6.89],[156.77,-6.76],[156.6,-6.64],[156.48,-6.61],[156.45,-6.64],[156.46,-6.72],[156.49,-6.76],[156.7,-6.91],[156.9,-7.18],[157.1,-7.32],[157.31,-7.34],[157.34,-7.39],[157.44,-7.43],[157.52,-7.37],[157.41,-7.31]],[[121.28,6.02],[121.21,6.0],[121.16,6.08],[121.04,6.1],[120.9,6.01],[120.88,5.95],[120.93,5.9],[121.02,5.92],[121.08,5.89],[121.22,5.94],[121.29,5.87],[121.41,5.96],[121.39,6.0],[121.28,6.02]],[[134.18,34.52],[134.25,34.42],[134.33,34.46],[134.37,34.52],[134.18,34.52]],[[-75.08,-47.82],[-74.92,-47.76],[-74.93,-47.72],[-75.09,-47.69],[-75.26,-47.76],[-75.19,-47.85],[-75.08,-47.82]],[[-74.66,-43.6],[-74.75,-43.54],[-74.84,-43.57],[-74.81,-43.63],[-74.66,-43.6]],[[-73.63,-44.68],[-73.69,-44.55],[-73.78,-44.56],[-73.82,-44.61],[-73.82,-44.65],[-73.69,-44.83],[-73.63,-44.82],[-73.63,-44.68]],[[-74.57,-48.59],[-74.62,-48.34],[-74.66,-48.3],[-74.73,-48.13],[-74.85,-48.02],[-74.83,-47.85],[-74.9,-47.84],[-74.98,-47.92],[-75.2,-47.97],[-75.25,-48.03],[-75.21,-48.14],[-75.05,-48.39],[-75.01,-48.54],[-74.92,-48.63],[-74.59,-48.62],[-74.57,-48.59]],[[-64.05,-54.73],[-64.44,-54.74],[-64.55,-54.72],[-64.76,-54.83],[-64.64,-54.9],[-64.32,-54.8],[-63.97,-54.81],[-63.83,-54.77],[-63.82,-54.73],[-64.05,-54.73]],[[-61.97,-39.11],[-62.09,-39.09],[-62.04,-39.17],[-61.87,-39.23],[-61.88,-39.17],[-61.97,-39.11]],[[-60.88,-51.79],[-61.02,-51.79],[-61.15,-51.84],[-61.03,-51.94],[-60.95,-51.95],[-60.88,-51.79]],[[-72.47,-54.03],[-72.37,-53.98],[-72.31,-53.86],[-72.21,-53.81],[-72.48,-53.59],[-72.69,-53.56],[-72.88,-53.58],[-72.95,-53.44],[-73.05,-53.39],[-73.11,-53.43],[-73.1,-53.51],[-73.37,-53.47],[-73.45,-53.41],[-73.69,-53.43],[-73.85,-53.55],[-73.64,-53.57],[-73.47,-53.74],[-73.31,-53.73],[-73.3,-53.94],[-73.21,-53.99],[-73.08,-54.0],[-73.09,-53.92],[-73.04,-53.83],[-72.98,-53.86],[-72.76,-53.86],[-72.78,-53.95],[-72.88,-54.04],[-72.96,-54.07],[-72.91,-54.11],[-72.56,-54.07],[-72.47,-54.03]],[[-67.74,-55.26],[-67.49,-55.18],[-67.4,-55.27],[-67.26,-55.28],[-67.11,-55.19],[-67.09,-55.12],[-67.11,-55.06],[-67.25,-54.98],[-68.11,-54.93],[-68.3,-54.98],[-68.17,-55.07],[-68.1,-55.21],[-67.74,-55.26]],[[-70.28,-55.07],[-70.42,-54.91],[-70.8,-54.97],[-70.93,-54.94],[-70.99,-54.87],[-71.37,-54.83],[-71.41,-54.84],[-71.44,-54.89],[-71.39,-54.93],[-71.3,-54.89],[-71.2,-54.89],[-70.99,-54.99],[-70.94,-55.06],[-70.71,-55.11],[-70.6,-55.08],[-70.55,-55.11],[-70.54,-55.16],[-70.48,-55.18],[-70.3,-55.11],[-70.28,-55.07]],[[-67.29,-55.78],[-67.26,-55.74],[-67.37,-55.59],[-67.56,-55.71],[-67.29,-55.78]],[[-74.59,-51.39],[-74.56,-51.36],[-74.56,-51.28],[-74.61,-51.21],[-74.74,-51.21],[-75.04,-51.32],[-75.15,-51.28],[-75.3,-51.56],[-75.29,-51.63],[-75.15,-51.52],[-75.05,-51.4],[-74.85,-51.43],[-74.73,-51.37],[-74.59,-51.39]],[[-74.96,-50.24],[-74.84,-50.2],[-74.88,-50.11],[-75.33,-50.01],[-75.45,-50.34],[-75.31,-50.34],[-75.25,-50.38],[-74.96,-50.24]],[[-74.54,-51.97],[-74.65,-51.87],[-74.78,-51.82],[-74.82,-51.63],[-74.91,-51.65],[-74.92,-51.74],[-75.01,-51.72],[-75.11,-51.79],[-75.02,-52.04],[-74.85,-52.27],[-74.69,-52.28],[-74.67,-52.16],[-74.54,-51.97]],[[-73.94,-43.91],[-73.9,-43.88],[-73.79,-43.88],[-73.84,-43.79],[-74.14,-43.82],[-74.12,-43.89],[-73.94,-43.91]],[[-71.67,-54.23],[-71.47,-54.23],[-71.14,-54.37],[-71.0,-54.25],[-71.02,-54.11],[-71.17,-54.11],[-71.55,-53.96],[-72.0,-53.88],[-72.15,-53.94],[-72.21,-54.05],[-71.97,-54.21],[-71.95,-54.3],[-71.67,-54.23]],[[-74.28,-51.92],[-74.17,-51.94],[-74.12,-51.89],[-74.36,-51.75],[-74.48,-51.73],[-74.42,-51.85],[-74.28,-51.92]],[[-73.73,-45.12],[-73.79,-45.03],[-73.88,-44.73],[-74.0,-44.59],[-73.98,-44.49],[-73.78,-44.44],[-73.74,-44.39],[-73.7,-44.27],[-73.82,-44.23],[-73.9,-44.13],[-73.99,-44.14],[-74.08,-44.19],[-74.1,-44.39],[-74.21,-44.43],[-74.3,-44.4],[-74.5,-44.47],[-74.48,-44.58],[-74.62,-44.65],[-74.35,-44.91],[-74.2,-45.14],[-74.09,-45.2],[-74.1,-45.33],[-73.85,-45.34],[-73.83,-45.28],[-73.75,-45.27],[-73.73,-45.12]],[[-74.23,-45.61],[-74.32,-45.46],[-74.29,-45.28],[-74.31,-45.17],[-74.42,-45.2],[-74.5,-45.29],[-74.49,-45.43],[-74.69,-45.66],[-74.68,-45.74],[-74.56,-45.72],[-74.47,-45.76],[-74.37,-45.74],[-74.24,-45.65],[-74.23,-45.61]],[[-73.69,45.56],[-73.85,45.52],[-73.96,45.44],[-73.57,45.47],[-73.48,45.7],[-73.52,45.7],[-73.69,45.56]],[[-73.7,45.59],[-73.57,45.69],[-73.72,45.67],[-73.86,45.57],[-73.7,45.59]],[[-61.03,45.58],[-61.08,45.56],[-61.0,45.48],[-60.96,45.49],[-60.91,45.57],[-61.03,45.58]],[[-61.48,47.56],[-61.4,47.64],[-61.55,47.63],[-61.92,47.43],[-62.01,47.23],[-61.83,47.22],[-61.77,47.26],[-61.91,47.28],[-61.89,47.34],[-61.58,47.56],[-61.48,47.56]],[[-64.56,47.87],[-64.66,47.86],[-64.68,47.75],[-64.62,47.75],[-64.53,47.81],[-64.51,47.89],[-64.56,47.87]],[[-71.09,46.9],[-71.12,46.86],[-71.03,46.87],[-70.83,47.0],[-71.09,46.9]],[[-66.9,44.63],[-66.76,44.68],[-66.75,44.79],[-66.8,44.81],[-66.84,44.76],[-66.9,44.63]],[[-68.3,44.46],[-68.41,44.36],[-68.41,44.29],[-68.32,44.25],[-68.31,44.32],[-68.19,44.33],[-68.24,44.44],[-68.3,44.46]],[[113.07,-6.88],[112.87,-6.9],[112.73,-7.07],[112.76,-7.14],[113.13,-7.22],[113.47,-7.22],[113.66,-7.11],[113.83,-7.12],[113.89,-7.05],[114.08,-6.99],[113.97,-6.87],[113.07,-6.88]],[[158.84,-54.7],[158.85,-54.75],[158.88,-54.71],[158.95,-54.58],[158.96,-54.47],[158.9,-54.51],[158.84,-54.7]],[[-157.34,1.86],[-157.32,1.97],[-157.44,2.03],[-157.49,2.03],[-157.37,1.95],[-157.44,1.85],[-157.53,1.93],[-157.58,1.9],[-157.42,1.79],[-157.25,1.73],[-157.18,1.74],[-157.34,1.86]],[[-139.02,-9.7],[-139.17,-9.77],[-139.13,-9.83],[-139.07,-9.85],[-138.87,-9.79],[-138.83,-9.74],[-139.02,-9.7]],[[-149.32,-17.69],[-149.33,-17.59],[-149.38,-17.52],[-149.51,-17.5],[-149.64,-17.56],[-149.58,-17.73],[-149.34,-17.73],[-149.29,-17.82],[-149.18,-17.86],[-149.15,-17.81],[-149.18,-17.74],[-149.32,-17.69]],[[-140.22,-8.78],[-140.25,-8.85],[-140.22,-8.93],[-140.07,-8.91],[-140.05,-8.87],[-140.06,-8.8],[-140.22,-8.78]],[[-172.33,-13.47],[-172.78,-13.52],[-172.54,-13.79],[-172.33,-13.77],[-172.22,-13.8],[-172.18,-13.68],[-172.22,-13.56],[-172.33,-13.47]],[[-179.01,-17.18],[-178.97,-17.21],[-179.0,-17.29],[-178.98,-17.31],[-178.91,-17.22],[-179.01,-17.15],[-179.01,-17.18]],[[-171.86,-13.81],[-172.05,-13.86],[-172.03,-13.91],[-171.91,-14.0],[-171.73,-14.05],[-171.45,-14.05],[-171.46,-13.98],[-171.57,-13.94],[-171.6,-13.88],[-171.86,-13.81]],[[-170.69,-14.26],[-170.82,-14.31],[-170.77,-14.36],[-170.73,-14.35],[-170.64,-14.28],[-170.57,-14.27],[-170.69,-14.26]],[[-169.91,-18.99],[-169.95,-19.07],[-169.9,-19.14],[-169.8,-19.08],[-169.79,-19.04],[-169.83,-18.97],[-169.91,-18.99]],[[-174.97,-21.35],[-174.92,-21.45],[-174.91,-21.3],[-174.97,-21.35]],[[134.6,7.62],[134.52,7.53],[134.53,7.36],[134.6,7.38],[134.63,7.5],[134.65,7.71],[134.6,7.62]],[[145.71,15.22],[145.68,15.13],[145.75,15.11],[145.82,15.27],[145.71,15.22]],[[144.79,13.53],[144.65,13.43],[144.65,13.31],[144.7,13.26],[144.74,13.26],[144.78,13.41],[144.94,13.57],[144.84,13.62],[144.79,13.53]],[[138.09,9.49],[138.07,9.42],[138.18,9.51],[138.21,9.55],[138.19,9.59],[138.15,9.58],[138.09,9.49]],[[178.33,-18.93],[178.21,-18.97],[178.1,-19.07],[178.05,-19.06],[177.96,-19.12],[178.02,-19.15],[178.16,-19.12],[178.29,-19.0],[178.36,-19.05],[178.49,-19.02],[178.49,-18.97],[178.33,-18.93]],[[167.44,-14.17],[167.4,-14.28],[167.54,-14.31],[167.6,-14.18],[167.51,-14.14],[167.44,-14.17]],[[167.5,-13.88],[167.54,-13.87],[167.55,-13.81],[167.48,-13.71],[167.41,-13.75],[167.39,-13.79],[167.45,-13.91],[167.5,-13.88]],[[169.75,-20.15],[169.74,-20.2],[169.81,-20.24],[169.86,-20.24],[169.9,-20.19],[169.85,-20.15],[169.75,-20.15]],[[169.36,-19.46],[169.34,-19.33],[169.29,-19.32],[169.25,-19.34],[169.22,-19.48],[169.35,-19.62],[169.44,-19.65],[169.49,-19.54],[169.36,-19.46]],[[169.3,-18.87],[169.2,-18.8],[169.26,-18.76],[169.18,-18.73],[169.14,-18.63],[169.02,-18.64],[168.99,-18.71],[168.99,-18.87],[169.29,-18.99],[169.33,-18.94],[169.3,-18.87]],[[168.01,-21.43],[167.99,-21.34],[167.82,-21.39],[167.88,-21.52],[167.88,-21.58],[167.97,-21.64],[168.12,-21.62],[168.14,-21.45],[168.01,-21.43]],[[166.56,-20.56],[166.56,-20.62],[166.49,-20.71],[166.55,-20.7],[166.62,-20.6],[166.6,-20.53],[166.67,-20.45],[166.62,-20.42],[166.58,-20.41],[166.56,-20.56]],[[167.29,-20.89],[167.3,-20.73],[167.27,-20.7],[167.2,-20.67],[167.06,-20.72],[167.05,-20.76],[167.14,-20.77],[167.19,-20.8],[167.11,-20.9],[167.03,-20.92],[167.13,-21.06],[167.27,-21.1],[167.35,-21.17],[167.4,-21.16],[167.43,-21.06],[167.29,-20.89]],[[159.93,-19.17],[159.94,-19.33],[159.98,-19.24],[159.96,-19.11],[159.93,-19.17]],[[166.86,-11.58],[166.75,-11.59],[166.81,-11.68],[166.93,-11.67],[166.86,-11.58]],[[166.02,-10.66],[165.91,-10.67],[165.84,-10.76],[165.79,-10.76],[165.82,-10.84],[165.9,-10.85],[165.97,-10.78],[166.13,-10.76],[166.16,-10.69],[166.02,-10.66]],[[160.08,-11.49],[160,-11.47],[159.98,-11.54],[160.0,-11.58],[160.27,-11.66],[160.44,-11.81],[160.51,-11.83],[160.58,-11.8],[160.45,-11.7],[160.08,-11.49]],[[161.37,-9.49],[161.26,-9.32],[161.26,-9.19],[161.21,-9.13],[161.16,-8.96],[160.94,-8.8],[161.0,-8.61],[160.75,-8.31],[160.6,-8.33],[160.59,-8.37],[160.71,-8.54],[160.66,-8.62],[160.77,-8.96],[160.87,-9.16],[161.04,-9.31],[161.19,-9.39],[161.32,-9.59],[161.37,-9.61],[161.37,-9.49]],[[162.29,-10.78],[162.29,-10.71],[162.11,-10.45],[162.02,-10.48],[161.91,-10.44],[161.84,-10.45],[161.48,-10.24],[161.3,-10.2],[161.29,-10.33],[161.49,-10.36],[161.54,-10.57],[161.79,-10.72],[162.12,-10.82],[162.37,-10.82],[162.29,-10.78]],[[161.41,-9.6],[161.41,-9.68],[161.44,-9.72],[161.48,-9.69],[161.55,-9.77],[161.55,-9.63],[161.41,-9.37],[161.36,-9.35],[161.42,-9.51],[161.41,-9.6]],[[159.18,-9.13],[159.23,-9.09],[159.23,-9.03],[159.15,-9.0],[159.08,-9.03],[159.04,-9.07],[159.07,-9.11],[159.18,-9.13]],[[160.32,-9.06],[160.25,-9.01],[160.17,-9.0],[160.1,-9.03],[160.11,-9.08],[160.25,-9.12],[160.28,-9.17],[160.37,-9.18],[160.41,-9.14],[160.32,-9.06]],[[157.89,-8.57],[157.9,-8.51],[157.83,-8.32],[157.76,-8.24],[157.65,-8.22],[157.61,-8.16],[157.6,-8.01],[157.49,-7.97],[157.43,-7.98],[157.32,-8.16],[157.23,-8.21],[157.23,-8.31],[157.3,-8.33],[157.35,-8.28],[157.56,-8.27],[157.59,-8.45],[157.75,-8.52],[157.82,-8.61],[157.83,-8.57],[157.89,-8.57]],[[157.91,-8.57],[157.88,-8.67],[157.94,-8.74],[158.01,-8.76],[158.11,-8.68],[158.07,-8.61],[158.13,-8.56],[158.11,-8.54],[158.0,-8.51],[157.91,-8.57]],[[157.41,-8.48],[157.38,-8.42],[157.35,-8.43],[157.21,-8.57],[157.39,-8.73],[157.33,-8.65],[157.41,-8.48]],[[156.72,-7.7],[156.56,-7.57],[156.5,-7.64],[156.51,-7.71],[156.61,-7.81],[156.61,-7.87],[156.67,-7.94],[156.81,-7.72],[156.72,-7.7]],[[156.57,-7.96],[156.54,-8.07],[156.59,-8.2],[156.61,-8.1],[156.57,-7.96]],[[157.19,-8.08],[157.19,-7.94],[157.1,-7.86],[157.02,-7.87],[156.96,-7.94],[156.96,-8.01],[157.04,-8.12],[157.15,-8.12],[157.19,-8.08]],[[155.74,-6.97],[155.68,-7.09],[155.74,-7.12],[155.84,-7.1],[155.86,-7.04],[155.74,-6.97]],[[158.19,6.98],[158.13,6.9],[158.18,6.8],[158.31,6.81],[158.33,6.89],[158.29,6.95],[158.19,6.98]],[[175.51,-36.18],[175.41,-36.07],[175.34,-36.13],[175.36,-36.23],[175.55,-36.33],[175.51,-36.18]],[[173.87,-40.75],[173.81,-40.79],[173.78,-40.92],[173.91,-40.86],[173.96,-40.79],[173.96,-40.71],[173.87,-40.75]],[[166.57,-45.64],[166.53,-45.7],[166.69,-45.73],[166.74,-45.7],[166.75,-45.66],[166.69,-45.62],[166.57,-45.64]],[[-176.27,-43.76],[-176.18,-43.74],[-176.57,-43.72],[-176.67,-43.77],[-176.76,-43.76],[-176.85,-43.82],[-176.63,-43.82],[-176.56,-43.85],[-176.52,-43.9],[-176.63,-44.01],[-176.63,-44.04],[-176.6,-44.11],[-176.52,-44.12],[-176.33,-44.05],[-176.33,-44.03],[-176.39,-43.95],[-176.44,-43.95],[-176.5,-43.86],[-176.44,-43.82],[-176.52,-43.78],[-176.41,-43.76],[-176.38,-43.79],[-176.38,-43.87],[-176.27,-43.76]],[[169.08,-52.5],[169.02,-52.5],[169.04,-52.53],[169.13,-52.57],[169.23,-52.55],[169.18,-52.5],[169.08,-52.5]],[[166.21,-50.61],[166.26,-50.58],[166.25,-50.54],[166.1,-50.54],[166.07,-50.68],[165.92,-50.76],[165.89,-50.81],[165.97,-50.82],[166.01,-50.78],[166.07,-50.82],[166.24,-50.85],[166.18,-50.71],[166.22,-50.69],[166.21,-50.61]],[[168.16,-46.99],[168.04,-46.93],[168.04,-46.89],[168.15,-46.9],[168.14,-46.86],[167.96,-46.69],[167.78,-46.7],[167.77,-46.8],[167.8,-46.91],[167.74,-46.96],[167.74,-47.01],[167.65,-47.04],[167.63,-47.14],[167.54,-47.2],[167.52,-47.26],[167.68,-47.24],[167.81,-47.17],[167.91,-47.18],[168.02,-47.12],[168.18,-47.1],[168.26,-47.03],[168.24,-46.98],[168.16,-46.99]],[[137.06,-15.66],[137.01,-15.59],[136.94,-15.71],[136.99,-15.73],[137.05,-15.82],[137.09,-15.78],[137.06,-15.66]],[[132.57,-11.32],[132.63,-11.17],[132.58,-10.97],[132.54,-11.03],[132.48,-11.04],[132.52,-11.12],[132.49,-11.16],[132.57,-11.32]],[[146.28,-18.23],[146.1,-18.25],[146.24,-18.45],[146.3,-18.48],[146.34,-18.4],[146.28,-18.23]],[[142.2,-10.59],[142.13,-10.67],[142.14,-10.73],[142.19,-10.76],[142.27,-10.7],[142.2,-10.59]],[[139.59,-16.4],[139.29,-16.47],[139.16,-16.63],[139.16,-16.74],[139.35,-16.7],[139.39,-16.65],[139.43,-16.66],[139.56,-16.53],[139.7,-16.51],[139.59,-16.4]],[[139.49,-16.99],[139.41,-17.09],[139.42,-17.13],[139.57,-17.09],[139.56,-17.04],[139.49,-16.99]],[[136.89,-14.2],[136.79,-14.16],[136.75,-14.07],[136.79,-13.95],[136.91,-13.83],[136.89,-13.79],[136.85,-13.75],[136.8,-13.84],[136.76,-13.85],[136.71,-13.8],[136.7,-13.68],[136.66,-13.68],[136.42,-13.86],[136.43,-14.13],[136.34,-14.21],[136.65,-14.28],[136.89,-14.29],[136.95,-14.18],[136.89,-14.2]],[[136.16,-13.74],[136.12,-13.82],[136.21,-13.84],[136.28,-13.79],[136.22,-13.66],[136.16,-13.74]],[[136.69,-11.18],[136.52,-11.39],[136.53,-11.44],[136.74,-11.19],[136.78,-11.01],[136.73,-11.02],[136.69,-11.18]],[[136.34,-11.6],[136.47,-11.51],[136.48,-11.47],[136.27,-11.58],[136.18,-11.68],[136.34,-11.6]],[[130.46,-11.68],[130.34,-11.34],[130.29,-11.34],[130.15,-11.48],[130.2,-11.66],[130.14,-11.7],[130.07,-11.68],[130.04,-11.79],[130.08,-11.83],[130.32,-11.77],[130.5,-11.84],[130.61,-11.82],[130.58,-11.74],[130.46,-11.68]],[[131.44,-11.31],[131.27,-11.19],[131.02,-11.33],[130.91,-11.31],[130.75,-11.38],[130.62,-11.38],[130.43,-11.18],[130.37,-11.21],[130.42,-11.45],[130.51,-11.62],[130.64,-11.74],[130.95,-11.93],[131.29,-11.71],[131.38,-11.58],[131.46,-11.59],[131.47,-11.51],[131.54,-11.44],[131.44,-11.31]],[[125.12,-14.49],[125.09,-14.59],[125.13,-14.64],[125.2,-14.58],[125.2,-14.47],[125.16,-14.46],[125.12,-14.49]],[[124.5,-15.29],[124.48,-15.34],[124.52,-15.42],[124.56,-15.43],[124.61,-15.36],[124.55,-15.27],[124.5,-15.29]],[[115.43,-20.67],[115.31,-20.81],[115.32,-20.85],[115.39,-20.87],[115.45,-20.79],[115.43,-20.67]],[[113.13,-25.88],[112.98,-25.52],[112.95,-25.53],[112.91,-25.57],[112.96,-25.78],[113.16,-26.09],[113.18,-26.05],[113.13,-25.88]],[[147.31,-43.28],[147.28,-43.28],[147.16,-43.43],[147.1,-43.41],[147.15,-43.5],[147.31,-43.5],[147.36,-43.4],[147.31,-43.28]],[[147.35,-43.08],[147.3,-43.16],[147.34,-43.18],[147.35,-43.23],[147.43,-43.24],[147.4,-43.12],[147.35,-43.08]],[[144.75,-40.47],[144.71,-40.49],[144.75,-40.59],[144.79,-40.44],[144.75,-40.47]],[[144.12,-39.79],[144.09,-39.64],[144.0,-39.58],[143.95,-39.58],[143.94,-39.66],[143.86,-39.74],[143.84,-39.9],[143.89,-39.98],[143.9,-40.12],[144.11,-40.02],[144.14,-39.95],[144.11,-39.87],[144.12,-39.79]],[[148.33,-40.31],[148.2,-40.36],[148.01,-40.38],[148.1,-40.45],[148.32,-40.43],[148.35,-40.5],[148.4,-40.49],[148.47,-40.43],[148.33,-40.31]],[[148.11,-40.26],[148.31,-40.17],[148.32,-40.14],[148.25,-40.1],[148.29,-40.07],[148.3,-39.99],[148.18,-39.94],[148.0,-39.76],[147.93,-39.73],[147.77,-39.87],[147.81,-39.91],[147.88,-39.91],[147.91,-39.97],[147.89,-40.01],[148.11,-40.26]],[[138.05,-35.76],[137.93,-35.73],[137.84,-35.76],[137.6,-35.74],[137.64,-35.66],[137.58,-35.62],[137.33,-35.59],[136.64,-35.75],[136.54,-35.89],[136.76,-36.03],[137.15,-36.04],[137.21,-35.98],[137.38,-36.02],[137.45,-36.07],[137.59,-36.03],[137.67,-35.9],[137.84,-35.87],[138.07,-35.9],[138.12,-35.85],[138.05,-35.76]],[[145.3,-38.32],[145.28,-38.39],[145.34,-38.42],[145.49,-38.35],[145.43,-38.31],[145.3,-38.32]],[[145.22,-38.46],[145.13,-38.53],[145.27,-38.52],[145.36,-38.56],[145.31,-38.49],[145.22,-38.46]],[[153.4,-27.51],[153.4,-27.67],[153.45,-27.71],[153.54,-27.44],[153.44,-27.41],[153.4,-27.51]],[[153.47,-27.04],[153.38,-27.05],[153.37,-27.14],[153.42,-27.33],[153.47,-27.04]],[[153.3,-24.92],[153.28,-24.74],[153.22,-24.74],[153.14,-24.81],[153.24,-24.92],[153.19,-25.07],[153.04,-25.19],[153.06,-25.3],[152.98,-25.55],[153.01,-25.73],[153.05,-25.78],[153.35,-25.06],[153.36,-24.98],[153.3,-24.92]],[[151.23,-23.59],[151.24,-23.53],[151.06,-23.46],[151.03,-23.53],[151.18,-23.74],[151.24,-23.78],[151.3,-23.72],[151.23,-23.59]],[[149.87,-22.15],[149.89,-22.22],[149.93,-22.19],[149.91,-22.05],[149.88,-22.07],[149.87,-22.15]],[[116.99,8.05],[116.97,7.89],[117.03,7.81],[117.08,7.88],[117.08,8.07],[116.99,8.05]],[[119.85,10.64],[119.76,10.55],[119.79,10.46],[119.92,10.49],[120.01,10.57],[119.85,10.64]],[[119.76,11.47],[119.73,11.47],[119.73,11.43],[119.83,11.38],[119.85,11.39],[119.88,11.47],[119.86,11.53],[119.76,11.47]],[[120.23,12.22],[120.19,12.17],[120.1,12.17],[119.92,12.32],[119.89,12.3],[119.87,12.2],[120.01,12.01],[120.1,11.99],[120.31,12.01],[120.34,12.08],[120.26,12.14],[120.23,12.22]],[[119.96,11.96],[119.92,11.98],[119.86,11.95],[119.96,11.67],[120.04,11.7],[120.07,11.78],[120.04,11.92],[119.96,11.96]],[[122.63,10.7],[122.54,10.61],[122.52,10.49],[122.54,10.42],[122.68,10.5],[122.74,10.65],[122.7,10.74],[122.63,10.7]],[[124.05,11.03],[124.04,11.27],[123.97,11.19],[123.93,10.96],[123.73,10.56],[123.71,10.47],[123.39,9.97],[123.4,9.89],[123.33,9.58],[123.33,9.42],[123.49,9.59],[123.7,10.13],[123.79,10.22],[123.95,10.32],[124.0,10.4],[124.05,10.59],[124.03,10.77],[124.05,11.03]],[[124.49,10.07],[124.34,10.16],[124.17,10.14],[124.06,10.0],[123.91,9.92],[123.82,9.82],[123.87,9.68],[123.94,9.62],[124.12,9.6],[124.36,9.63],[124.48,9.75],[124.58,9.75],[124.56,9.88],[124.58,10.03],[124.49,10.07]],[[124.74,9.24],[124.65,9.23],[124.64,9.18],[124.67,9.13],[124.78,9.08],[124.81,9.14],[124.74,9.24]],[[123.7,9.24],[123.65,9.28],[123.49,9.22],[123.49,9.19],[123.54,9.13],[123.61,9.1],[123.71,9.13],[123.7,9.24]],[[120.21,5.34],[119.83,5.13],[119.82,5.07],[119.96,5.08],[120.01,5.15],[120.1,5.17],[120.12,5.22],[120.19,5.17],[120.25,5.26],[120.21,5.34]],[[122.06,6.74],[121.83,6.66],[121.81,6.61],[121.96,6.42],[122.09,6.43],[122.2,6.48],[122.25,6.58],[122.32,6.6],[122.06,6.74]],[[126.13,9.94],[126.07,10.06],[126.0,9.93],[125.99,9.84],[126.05,9.76],[126.14,9.77],[126.17,9.8],[126.12,9.87],[126.13,9.94]],[[125.7,10.07],[125.65,10.25],[125.68,10.39],[125.67,10.44],[125.52,10.31],[125.49,10.12],[125.67,9.89],[125.7,10.07]],[[120.21,13.82],[120.12,13.86],[120.1,13.78],[120.27,13.68],[120.27,13.75],[120.21,13.82]],[[122.0,13.55],[121.87,13.57],[121.82,13.42],[121.83,13.33],[122.0,13.2],[122.12,13.37],[122.11,13.46],[122.0,13.55]],[[122.0,12.6],[121.99,12.44],[121.92,12.33],[121.98,12.25],[121.96,12.19],[122.01,12.11],[122.15,12.65],[122.0,12.6]],[[122.6,12.49],[122.47,12.49],[122.42,12.46],[122.6,12.29],[122.65,12.31],[122.68,12.38],[122.6,12.49]],[[123.04,13.11],[122.96,13.11],[122.95,13.06],[123.37,12.7],[123.28,12.85],[123.21,12.91],[123.04,13.11]],[[123.78,12.45],[123.71,12.61],[123.62,12.67],[123.59,12.63],[123.62,12.57],[123.78,12.37],[123.78,12.45]],[[123.21,12.11],[123.16,11.93],[123.42,12.19],[123.47,12.22],[123.53,12.2],[123.61,12.09],[123.74,12.0],[123.73,11.95],[123.85,11.91],[124.05,11.75],[124.04,11.97],[123.91,12.17],[123.46,12.5],[123.24,12.58],[123.27,12.4],[123.21,12.11]],[[124.34,13.93],[124.22,14.08],[124.12,13.98],[124.12,13.79],[124.04,13.66],[124.06,13.61],[124.18,13.53],[124.25,13.59],[124.33,13.57],[124.4,13.68],[124.42,13.87],[124.34,13.93]],[[121.96,14.23],[121.96,14.16],[122.17,14.01],[122.18,14.05],[121.96,14.23]],[[121.84,15.04],[121.82,14.96],[121.92,14.8],[121.91,14.67],[121.99,14.66],[122.02,14.76],[121.97,14.89],[122.02,14.97],[122.05,14.97],[121.97,15.05],[121.84,15.04]],[[121.89,18.99],[121.83,18.84],[121.86,18.82],[121.99,18.96],[121.94,19.01],[121.89,18.99]],[[121.2,19.05],[121.25,19.02],[121.24,19.14],[121.21,19.18],[121.2,19.05]],[[121.39,19.4],[121.38,19.33],[121.53,19.27],[121.52,19.36],[121.39,19.4]],[[147.85,-5.49],[147.79,-5.49],[147.78,-5.63],[147.87,-5.75],[147.97,-5.79],[147.99,-5.83],[148.03,-5.83],[148.08,-5.65],[147.85,-5.49]],[[147.13,-5.19],[147.01,-5.26],[147.01,-5.31],[147.12,-5.44],[147.18,-5.43],[147.22,-5.38],[147.21,-5.25],[147.13,-5.19]],[[145.9,-4.6],[145.9,-4.73],[145.95,-4.76],[146.02,-4.73],[146.05,-4.64],[146.04,-4.57],[146.0,-4.54],[145.9,-4.6]],[[147.4,-2.03],[147.07,-1.96],[146.66,-1.97],[146.6,-2.02],[146.61,-2.1],[146.53,-2.13],[146.53,-2.15],[146.57,-2.21],[146.75,-2.15],[146.93,-2.19],[147.21,-2.18],[147.34,-2.07],[147.44,-2.06],[147.44,-2.01],[147.42,-1.99],[147.4,-2.03]],[[154.68,-5.05],[154.63,-5.01],[154.54,-5.11],[154.63,-5.44],[154.7,-5.38],[154.73,-5.22],[154.68,-5.05]],[[152.64,-3.04],[152.54,-3.1],[152.65,-3.22],[152.67,-3.13],[152.64,-3.04]],[[151.97,-2.85],[151.97,-2.9],[152.09,-3.0],[152.1,-2.95],[151.97,-2.85]],[[149.63,-1.36],[149.58,-1.35],[149.55,-1.47],[149.67,-1.58],[149.76,-1.59],[149.73,-1.43],[149.63,-1.36]],[[150.43,-2.47],[150.23,-2.38],[150.1,-2.4],[149.96,-2.47],[150.04,-2.51],[150.17,-2.66],[150.24,-2.68],[150.44,-2.66],[150.43,-2.47]],[[151.12,-10.02],[151.08,-10.02],[151.04,-9.98],[151.05,-9.94],[150.78,-9.71],[150.9,-9.97],[150.95,-10.0],[150.96,-10.09],[151.23,-10.19],[151.3,-9.96],[151.26,-9.92],[151.12,-10.02]],[[150.32,-9.26],[150.21,-9.21],[150.13,-9.26],[150.11,-9.36],[150.33,-9.52],[150.37,-9.4],[150.32,-9.26]],[[150.85,-9.66],[150.84,-9.7],[150.89,-9.67],[150.88,-9.51],[150.79,-9.42],[150.67,-9.43],[150.53,-9.35],[150.44,-9.36],[150.43,-9.43],[150.51,-9.54],[150.44,-9.62],[150.85,-9.66]],[[151.14,-8.57],[151.12,-8.42],[151.05,-8.45],[151.0,-8.52],[151.08,-8.57],[151.05,-8.73],[151.12,-8.8],[151.11,-8.73],[151.14,-8.57]],[[152.85,-9.02],[152.81,-8.97],[152.63,-8.96],[152.52,-9.01],[152.64,-9.06],[152.72,-9.17],[152.87,-9.22],[152.97,-9.21],[153.0,-9.11],[152.85,-9.02]],[[154.1,-11.31],[154.12,-11.37],[154.02,-11.35],[154.06,-11.42],[154.27,-11.42],[154.28,-11.36],[154.1,-11.31]],[[153.7,-11.53],[153.2,-11.32],[153.23,-11.42],[153.32,-11.47],[153.29,-11.52],[153.36,-11.5],[153.38,-11.56],[153.55,-11.63],[153.76,-11.59],[153.7,-11.53]],[[143.54,-8.48],[143.59,-8.48],[143.58,-8.39],[143.32,-8.37],[143.37,-8.42],[143.54,-8.48]],[[143.44,-8.52],[143.21,-8.42],[143.25,-8.49],[143.61,-8.68],[143.44,-8.52]],[[136.28,-1.06],[135.89,-0.73],[135.75,-0.73],[135.67,-0.69],[135.38,-0.65],[135.43,-0.77],[135.48,-0.8],[135.52,-0.79],[135.65,-0.88],[135.75,-0.82],[135.84,-1.12],[135.92,-1.18],[136.0,-1.17],[136.11,-1.22],[136.31,-1.17],[136.38,-1.09],[136.28,-1.06]],[[136.72,-1.73],[136.39,-1.72],[136.2,-1.65],[135.47,-1.59],[135.47,-1.62],[135.49,-1.67],[135.87,-1.75],[136.23,-1.89],[136.62,-1.87],[136.89,-1.8],[136.72,-1.73]],[[134.96,-1.03],[134.89,-0.94],[134.83,-0.98],[134.81,-1.04],[134.86,-1.11],[134.92,-1.13],[134.97,-1.12],[135.0,-1.03],[134.96,-1.03]],[[138.8,-8.17],[138.68,-8.2],[138.56,-8.31],[138.59,-8.37],[138.9,-8.39],[138.9,-8.34],[138.8,-8.17]],[[133.46,-4.2],[133.32,-4.11],[133.33,-4.17],[133.62,-4.3],[133.46,-4.2]],[[130.43,-1.8],[130.37,-1.75],[130.35,-1.69],[130.32,-1.69],[129.99,-1.76],[129.74,-1.87],[129.89,-1.99],[130.09,-2.03],[130.13,-2.06],[130.25,-2.05],[130.34,-1.98],[130.42,-1.97],[130.38,-1.9],[130.43,-1.8]],[[131.03,-0.92],[130.9,-0.89],[130.67,-0.96],[130.74,-1.17],[130.85,-1.32],[130.97,-1.34],[131.0,-1.32],[131.07,-0.97],[131.03,-0.92]],[[130.81,-0.77],[130.81,-0.81],[130.48,-0.83],[130.4,-0.92],[130.83,-0.86],[130.91,-0.78],[130.81,-0.77]],[[130.62,-0.42],[130.47,-0.49],[130.63,-0.53],[130.68,-0.47],[130.62,-0.42]],[[131.28,-0.15],[131.03,-0.04],[130.81,-0.0],[130.5,-0.06],[130.43,-0.1],[130.36,-0.07],[130.29,-0.1],[130.24,-0.21],[130.34,-0.26],[130.5,-0.27],[130.55,-0.37],[130.69,-0.3],[130.7,-0.39],[130.75,-0.44],[130.9,-0.42],[130.9,-0.34],[130.84,-0.3],[130.76,-0.29],[130.62,-0.09],[130.68,-0.08],[130.81,-0.23],[131.01,-0.36],[131.1,-0.33],[131.26,-0.37],[131.34,-0.29],[131.28,-0.15]],[[129.31,0.05],[129.37,-0.07],[129.51,-0.19],[129.55,-0.19],[129.54,-0.14],[129.31,0.05]],[[128.6,2.6],[128.47,2.57],[128.33,2.47],[128.22,2.3],[128.26,2.08],[128.3,2.03],[128.45,2.05],[128.55,2.1],[128.62,2.22],[128.69,2.47],[128.6,2.6]],[[127.43,0.14],[127.4,0.02],[127.45,-0.04],[127.43,0.14]],[[127.28,-0.39],[127.25,-0.32],[127.29,-0.28],[127.19,-0.26],[127.13,-0.28],[127.12,-0.52],[127.25,-0.5],[127.28,-0.39]],[[127.26,-0.62],[127.21,-0.62],[127.16,-0.76],[127.29,-0.8],[127.26,-0.62]],[[127.8,-0.69],[127.66,-0.69],[127.6,-0.61],[127.68,-0.47],[127.57,-0.32],[127.53,-0.31],[127.46,-0.41],[127.37,-0.33],[127.33,-0.34],[127.3,-0.5],[127.38,-0.6],[127.47,-0.64],[127.44,-0.74],[127.46,-0.81],[127.62,-0.77],[127.67,-0.83],[127.76,-0.88],[127.88,-0.81],[127.8,-0.69]],[[127.91,-1.44],[127.65,-1.33],[127.59,-1.35],[127.46,-1.45],[127.39,-1.64],[127.56,-1.73],[127.74,-1.69],[128.09,-1.7],[128.15,-1.66],[128.15,-1.6],[127.91,-1.44]],[[134.74,-6.2],[134.75,-6.05],[134.71,-5.95],[134.75,-5.88],[134.75,-5.71],[134.7,-5.6],[134.65,-5.58],[134.66,-5.54],[134.62,-5.44],[134.51,-5.44],[134.49,-5.53],[134.34,-5.71],[134.25,-5.68],[134.21,-5.71],[134.34,-5.83],[134.3,-6.01],[134.15,-6.02],[134.15,-6.06],[134.44,-6.33],[134.64,-6.37],[134.71,-6.3],[134.74,-6.2]],[[134.52,-6.51],[134.54,-6.44],[134.42,-6.39],[134.17,-6.18],[134.11,-6.19],[134.12,-6.43],[134.19,-6.46],[134.11,-6.47],[134.06,-6.77],[134.09,-6.83],[134.2,-6.91],[134.32,-6.85],[134.41,-6.68],[134.5,-6.59],[134.52,-6.51]],[[133.01,-5.62],[132.94,-5.68],[132.85,-5.99],[132.93,-5.9],[132.97,-5.74],[133.12,-5.58],[133.17,-5.35],[133.11,-5.31],[133.01,-5.62]],[[132.74,-5.66],[132.7,-5.61],[132.63,-5.61],[132.68,-5.74],[132.68,-5.91],[132.75,-5.95],[132.81,-5.85],[132.74,-5.66]],[[128.45,-3.51],[128.39,-3.64],[128.56,-3.59],[128.54,-3.54],[128.45,-3.51]],[[128.26,-3.51],[128.12,-3.59],[128.02,-3.6],[127.93,-3.68],[127.93,-3.74],[127.98,-3.77],[128.15,-3.68],[128.14,-3.73],[128.25,-3.71],[128.33,-3.52],[128.26,-3.51]],[[123.05,-5.16],[122.98,-5.19],[122.97,-5.14],[123.02,-4.83],[123.06,-4.75],[123.12,-4.72],[123.2,-4.82],[123.2,-4.77],[123.18,-4.55],[123.07,-4.43],[123.07,-4.39],[122.95,-4.44],[122.85,-4.62],[122.85,-4.83],[122.77,-5.21],[122.59,-5.49],[122.65,-5.66],[122.73,-5.63],[122.81,-5.67],[122.97,-5.41],[123.04,-5.42],[123.19,-5.33],[123.2,-5.27],[123.05,-5.16]],[[122.74,-4.67],[122.7,-4.62],[122.37,-4.77],[122.33,-4.85],[122.4,-5.07],[122.33,-5.14],[122.28,-5.32],[122.31,-5.38],[122.37,-5.38],[122.39,-5.34],[122.56,-5.39],[122.62,-5.34],[122.65,-5.27],[122.61,-5.14],[122.76,-4.93],[122.74,-4.67]],[[122.04,-5.16],[121.97,-5.08],[121.91,-5.07],[121.87,-5.1],[121.87,-5.14],[121.81,-5.26],[121.86,-5.35],[121.98,-5.46],[122.04,-5.44],[122.06,-5.22],[122.04,-5.16]],[[122.97,-4.03],[122.99,-4.15],[123.08,-4.23],[123.14,-4.23],[123.24,-4.11],[123.25,-4.04],[123.21,-4.0],[123.02,-3.98],[122.97,-4.03]],[[125.98,-2.17],[125.99,-2.01],[125.96,-1.98],[125.92,-1.97],[125.86,-2.08],[125.98,-2.42],[126.04,-2.47],[126.07,-2.37],[125.98,-2.17]],[[126.02,-1.79],[125.52,-1.8],[125.39,-1.84],[125.43,-1.94],[125.96,-1.92],[126.29,-1.86],[126.33,-1.82],[126.02,-1.79]],[[125.19,-1.71],[125.15,-1.69],[125.06,-1.74],[124.66,-1.64],[124.48,-1.64],[124.38,-1.69],[124.33,-1.86],[124.42,-2.01],[124.64,-1.98],[124.83,-1.89],[125.01,-1.94],[125.13,-1.89],[125.31,-1.88],[125.32,-1.81],[125.26,-1.77],[125.2,-1.78],[125.19,-1.71]],[[123.43,-1.24],[123.34,-1.25],[123.24,-1.39],[123.2,-1.29],[123.23,-1.23],[123.21,-1.17],[122.91,-1.18],[122.83,-1.28],[122.81,-1.43],[122.86,-1.55],[122.89,-1.59],[122.98,-1.51],[123.15,-1.3],[123.18,-1.49],[123.12,-1.56],[123.17,-1.62],[123.24,-1.58],[123.27,-1.44],[123.33,-1.44],[123.37,-1.51],[123.45,-1.5],[123.51,-1.45],[123.55,-1.34],[123.53,-1.29],[123.43,-1.24]],[[121.8,-0.42],[121.75,-0.41],[121.66,-0.53],[121.76,-0.49],[121.88,-0.5],[121.91,-0.45],[121.86,-0.41],[121.8,-0.42]],[[126.87,4.48],[126.81,4.54],[126.76,4.55],[126.72,4.34],[126.81,4.26],[126.7,4.07],[126.71,4.02],[126.82,4.03],[126.85,4.18],[126.92,4.29],[126.87,4.48]],[[126.64,4.04],[126.66,3.93],[126.72,3.83],[126.74,3.92],[126.64,4.04]],[[125.59,3.57],[125.54,3.67],[125.47,3.73],[125.46,3.68],[125.52,3.55],[125.51,3.46],[125.63,3.41],[125.66,3.44],[125.59,3.57]],[[125.39,2.81],[125.36,2.75],[125.4,2.63],[125.4,2.71],[125.45,2.76],[125.39,2.81]],[[120.48,-5.78],[120.45,-5.88],[120.44,-6.18],[120.49,-6.46],[120.53,-6.3],[120.55,-5.97],[120.48,-5.78]],[[131.92,-7.1],[131.75,-7.12],[131.88,-7.17],[131.97,-7.25],[131.98,-7.2],[131.92,-7.1]],[[131.02,-8.09],[130.78,-8.35],[130.86,-8.32],[130.91,-8.25],[131.04,-8.21],[131.18,-8.13],[131.02,-8.09]],[[131.7,-7.14],[131.64,-7.11],[131.56,-7.14],[131.53,-7.17],[131.54,-7.22],[131.35,-7.43],[131.26,-7.47],[131.19,-7.67],[131.14,-7.68],[131.14,-7.78],[131.09,-7.87],[131.12,-7.92],[131.11,-8.0],[131.33,-8.0],[131.38,-7.87],[131.62,-7.63],[131.69,-7.44],[131.64,-7.27],[131.74,-7.2],[131.7,-7.14]],[[129.66,-7.79],[129.61,-7.8],[129.59,-7.92],[129.71,-8.04],[129.78,-8.05],[129.84,-7.95],[129.81,-7.82],[129.66,-7.79]],[[128.0,-8.14],[127.82,-8.1],[127.79,-8.12],[127.82,-8.19],[128.02,-8.26],[128.12,-8.17],[128.1,-8.13],[128.0,-8.14]],[[126.73,-7.66],[126.61,-7.57],[126.21,-7.71],[125.98,-7.66],[125.84,-7.82],[125.8,-7.98],[126.04,-7.89],[126.47,-7.95],[126.58,-7.81],[126.81,-7.74],[126.8,-7.67],[126.73,-7.66]],[[125.51,-8.28],[125.58,-8.31],[125.65,-8.14],[125.51,-8.28]],[[123.4,-10.17],[123.33,-10.26],[123.33,-10.34],[123.42,-10.3],[123.41,-10.23],[123.5,-10.19],[123.46,-10.14],[123.4,-10.17]],[[123.34,-10.49],[123.06,-10.7],[122.85,-10.76],[122.82,-10.81],[122.83,-10.9],[122.95,-10.91],[123.21,-10.81],[123.31,-10.7],[123.42,-10.65],[123.37,-10.47],[123.34,-10.49]],[[121.8,-10.51],[121.7,-10.56],[121.83,-10.6],[121.88,-10.59],[121.98,-10.53],[122.0,-10.45],[121.87,-10.44],[121.8,-10.51]],[[124.75,-8.16],[124.6,-8.2],[124.58,-8.14],[124.51,-8.14],[124.43,-8.18],[124.39,-8.25],[124.43,-8.3],[124.36,-8.39],[124.44,-8.44],[125.1,-8.35],[125.13,-8.33],[125.12,-8.2],[124.75,-8.16]],[[124.24,-8.2],[124.11,-8.36],[124.07,-8.32],[124.01,-8.32],[123.93,-8.45],[124.02,-8.44],[124.07,-8.55],[124.15,-8.53],[124.29,-8.33],[124.3,-8.23],[124.24,-8.2]],[[123.78,-8.19],[123.6,-8.29],[123.53,-8.27],[123.39,-8.28],[123.48,-8.32],[123.23,-8.53],[123.33,-8.54],[123.41,-8.59],[123.49,-8.53],[123.55,-8.57],[123.63,-8.42],[123.7,-8.42],[123.78,-8.3],[123.92,-8.27],[123.78,-8.19]],[[123.22,-8.24],[123.13,-8.25],[123.03,-8.34],[123.03,-8.4],[123.3,-8.4],[123.34,-8.27],[123.22,-8.24]],[[119.47,-8.46],[119.45,-8.43],[119.38,-8.59],[119.4,-8.65],[119.39,-8.74],[119.42,-8.75],[119.46,-8.74],[119.44,-8.67],[119.56,-8.55],[119.55,-8.48],[119.47,-8.46]],[[115.41,-6.84],[115.24,-6.86],[115.22,-6.95],[115.3,-6.99],[115.42,-6.94],[115.55,-6.94],[115.41,-6.84]],[[117.71,4.26],[117.66,4.25],[117.63,4.12],[117.74,4.0],[117.92,4.05],[117.88,4.19],[117.71,4.26]],[[117.55,3.43],[117.56,3.33],[117.65,3.25],[117.68,3.41],[117.64,3.44],[117.55,3.43]],[[116.33,-3.54],[116.39,-3.64],[116.43,-3.4],[116.33,-3.54]],[[116.28,-3.53],[116.27,-3.25],[116.12,-3.34],[116.06,-3.46],[116.02,-3.7],[116.08,-3.82],[116.06,-4.01],[116.09,-4.05],[116.3,-3.87],[116.29,-3.82],[116.32,-3.76],[116.28,-3.53]],[[108.88,-1.54],[108.8,-1.57],[108.84,-1.66],[108.95,-1.62],[108.96,-1.56],[108.88,-1.54]],[[109.7,-1.01],[109.48,-0.99],[109.43,-1.24],[109.46,-1.28],[109.51,-1.28],[109.75,-1.15],[109.74,-1.04],[109.7,-1.01]],[[108.39,3.99],[108.26,4.15],[108.25,4.22],[108.0,4.04],[108.04,3.89],[108.24,3.81],[108.1,3.7],[108.18,3.65],[108.32,3.69],[108.39,3.84],[108.39,3.99]],[[105.73,3.04],[105.69,3.06],[105.72,2.86],[105.81,2.9],[105.84,2.98],[105.73,3.04]],[[101.64,2.13],[101.54,2.06],[101.45,2.07],[101.41,2.02],[101.4,1.9],[101.5,1.73],[101.6,1.72],[101.72,1.79],[101.77,1.94],[101.76,2.0],[101.64,2.13]],[[102.28,1.4],[102.23,1.35],[102.26,1.15],[102.38,0.96],[102.43,0.99],[102.44,1.23],[102.36,1.35],[102.28,1.4]],[[102.49,1.46],[102.47,1.51],[102.04,1.63],[102.02,1.61],[102.02,1.56],[102.08,1.5],[102.27,1.45],[102.5,1.33],[102.49,1.46]],[[102.78,0.96],[102.55,1.13],[102.51,1.09],[102.45,0.89],[102.54,0.83],[103.01,0.71],[103.03,0.75],[103.0,0.86],[102.78,0.96]],[[103.07,1.01],[102.79,1.17],[102.73,1.16],[102.7,1.05],[102.89,1.0],[103.09,0.85],[103.17,0.87],[103.07,1.01]],[[103.24,0.7],[103.19,0.7],[103.14,0.55],[103.28,0.54],[103.3,0.61],[103.24,0.7]],[[103.39,0.87],[103.34,0.78],[103.43,0.65],[103.5,0.72],[103.39,0.87]],[[104.02,1.18],[104.0,1.14],[103.96,1.14],[103.93,1.07],[103.96,1.01],[104.07,0.99],[104.14,1.17],[104.09,1.14],[104.02,1.18]],[[104.59,1.14],[104.59,1.22],[104.5,1.18],[104.36,1.18],[104.25,1.1],[104.25,1.01],[104.44,1.05],[104.46,1.0],[104.43,0.96],[104.48,0.93],[104.5,0.85],[104.58,0.83],[104.65,0.96],[104.66,1.05],[104.65,1.1],[104.59,1.14]],[[104.54,0.22],[104.5,0.23],[104.6,0.1],[104.7,0.03],[104.54,0.22]],[[104.84,-0.14],[104.81,-0.19],[104.65,-0.08],[104.64,-0.02],[104.54,0.02],[104.45,-0.19],[104.57,-0.25],[104.7,-0.21],[104.91,-0.32],[104.95,-0.28],[105.01,-0.28],[104.84,-0.14]],[[104.36,-0.4],[104.3,-0.39],[104.26,-0.46],[104.33,-0.54],[104.36,-0.66],[104.41,-0.58],[104.51,-0.6],[104.59,-0.47],[104.47,-0.33],[104.36,-0.4]],[[103.61,-0.23],[103.55,-0.23],[103.46,-0.36],[103.61,-0.38],[103.74,-0.35],[103.76,-0.32],[103.72,-0.28],[103.61,-0.23]],[[108.22,-2.7],[108.07,-2.6],[107.84,-2.53],[107.67,-2.57],[107.6,-2.86],[107.56,-2.92],[107.64,-3.12],[107.61,-3.21],[107.82,-3.16],[107.86,-3.09],[107.94,-3.13],[107.98,-3.22],[108.06,-3.23],[108.17,-3.14],[108.29,-2.83],[108.22,-2.7]],[[106.8,-2.9],[106.74,-2.93],[106.75,-2.96],[106.87,-3.03],[106.91,-2.93],[106.8,-2.9]],[[105.12,-6.61],[105.19,-6.66],[105.25,-6.64],[105.26,-6.52],[105.12,-6.61]],[[97.79,1.15],[97.7,1.18],[97.48,1.47],[97.36,1.54],[97.24,1.42],[97.08,1.43],[97.3,1.19],[97.41,0.95],[97.46,0.94],[97.6,0.83],[97.68,0.6],[97.82,0.56],[97.88,0.63],[97.93,0.97],[97.79,1.15]],[[102.37,-5.37],[102.2,-5.29],[102.11,-5.32],[102.29,-5.48],[102.37,-5.48],[102.41,-5.4],[102.37,-5.37]],[[100.46,-3.12],[100.45,-3.0],[100.25,-2.78],[100.2,-2.79],[100.18,-2.82],[100.2,-2.99],[100.33,-3.11],[100.35,-3.23],[100.47,-3.33],[100.43,-3.18],[100.46,-3.12]],[[100.01,-2.51],[99.97,-2.59],[100.0,-2.65],[99.99,-2.77],[100.01,-2.82],[100.13,-2.82],[100.2,-2.74],[100.2,-2.68],[100.01,-2.51]],[[99.73,-2.18],[99.69,-2.06],[99.62,-2.02],[99.57,-2.03],[99.54,-2.16],[99.61,-2.26],[99.85,-2.37],[99.73,-2.18]],[[99.13,-1.44],[99.13,-1.38],[98.95,-1.06],[98.93,-0.95],[98.87,-0.92],[98.68,-0.97],[98.6,-1.2],[98.87,-1.66],[99.07,-1.78],[99.27,-1.74],[99.27,-1.63],[99.13,-1.44]],[[98.42,-0.02],[98.32,-0.0],[98.43,-0.23],[98.31,-0.53],[98.4,-0.58],[98.46,-0.53],[98.54,-0.26],[98.42,-0.02]],[[97.29,2.2],[97.11,2.22],[97.23,2.16],[97.33,2.05],[97.33,2.15],[97.29,2.2]],[[96.42,2.52],[96.1,2.74],[96.0,2.78],[95.9,2.89],[95.81,2.92],[95.72,2.83],[95.81,2.66],[96.02,2.6],[96.34,2.37],[96.46,2.36],[96.42,2.52]],[[111.38,2.58],[111.38,2.71],[111.33,2.77],[111.3,2.74],[111.31,2.44],[111.36,2.4],[111.39,2.42],[111.38,2.58]],[[117.06,7.26],[117.08,7.12],[117.14,7.17],[117.24,7.18],[117.28,7.29],[117.26,7.35],[117.15,7.34],[117.06,7.26]],[[31.58,46.3],[31.51,46.37],[31.56,46.26],[31.7,46.21],[32.15,46.15],[31.58,46.3]],[[22.41,58.86],[22.48,58.75],[22.47,58.71],[22.54,58.69],[22.66,58.71],[22.77,58.82],[22.84,58.78],[22.92,58.83],[23.01,58.83],[22.98,58.92],[22.91,58.99],[22.73,59.02],[22.7,59.07],[22.65,59.09],[22.59,59.08],[22.46,58.97],[22.06,58.94],[22.16,58.9],[22.41,58.86]],[[23.17,58.68],[23.06,58.61],[23.26,58.54],[23.34,58.55],[23.33,58.65],[23.17,58.68]],[[35.86,65.08],[35.82,65.18],[35.73,65.2],[35.53,65.15],[35.56,65.09],[35.68,65.06],[35.78,64.98],[35.84,65.0],[35.83,65.04],[35.86,65.08]],[[42.63,66.78],[42.46,66.77],[42.48,66.74],[42.68,66.69],[42.71,66.7],[42.63,66.78]],[[26.79,78.72],[26.59,78.81],[26.41,78.78],[26.46,78.72],[26.73,78.65],[26.88,78.65],[27.01,78.7],[26.79,78.72]],[[29.05,78.91],[28.85,78.97],[28.51,78.97],[27.89,78.85],[28.04,78.83],[28.49,78.89],[29.31,78.85],[29.7,78.9],[29.65,78.92],[29.05,78.91]],[[50.32,80.17],[50.25,80.22],[49.88,80.23],[49.56,80.16],[49.97,80.06],[50.32,80.17]],[[51.24,79.99],[51.25,80.05],[50.94,80.09],[50.09,79.98],[50.45,79.92],[51.43,79.92],[51.24,79.99]],[[31.48,80.11],[31.58,80.08],[32.53,80.12],[33.63,80.22],[33.1,80.23],[31.48,80.11]],[[57.46,81.54],[57.09,81.54],[56.72,81.42],[56.4,81.39],[56.16,81.3],[55.78,81.33],[55.47,81.31],[55.57,81.23],[55.72,81.19],[56.19,81.22],[56.51,81.18],[56.82,81.24],[57.45,81.14],[57.77,81.17],[57.91,81.2],[58.02,81.25],[57.91,81.3],[57.86,81.37],[58.56,81.42],[58.44,81.46],[57.86,81.51],[57.72,81.56],[57.46,81.54]],[[54.63,81.11],[54.42,80.99],[54.37,80.9],[54.05,80.87],[54.07,80.81],[54.53,80.78],[54.67,80.74],[55.12,80.75],[55.54,80.7],[55.71,80.64],[56.32,80.63],[56.81,80.66],[57.69,80.79],[56.47,81.0],[56.17,81.03],[55.47,81.02],[54.63,81.11]],[[50.75,81.05],[50.95,81.11],[50.88,81.15],[50.59,81.17],[50.37,81.12],[50.52,81.05],[50.75,81.05]],[[58.05,81.12],[57.66,81.03],[57.41,81.05],[57.21,81.02],[57.41,80.92],[57.75,80.89],[57.94,80.79],[58.29,80.76],[58.86,80.78],[58.93,80.83],[58.9,80.9],[58.62,81.04],[58.05,81.12]],[[62.88,81.61],[63.53,81.6],[63.78,81.65],[63.71,81.69],[62.28,81.71],[62.11,81.68],[62.88,81.61]],[[59.36,81.76],[59.41,81.83],[59.26,81.85],[58.13,81.83],[57.98,81.8],[57.91,81.72],[57.96,81.7],[59.36,81.76]],[[18.52,80.25],[18.74,80.3],[18.52,80.35],[18.29,80.36],[18.16,80.29],[18.52,80.25]],[[11.93,78.37],[11.83,78.44],[11.42,78.55],[11.26,78.54],[11.25,78.61],[11.08,78.69],[11.15,78.72],[10.96,78.85],[10.56,78.9],[10.56,78.84],[10.63,78.75],[10.79,78.69],[11.12,78.46],[11.59,78.39],[11.97,78.22],[12.12,78.23],[12.06,78.31],[11.93,78.37]],[[18.86,74.51],[18.8,74.49],[19.1,74.35],[19.22,74.39],[19.27,74.46],[19.18,74.52],[18.86,74.51]],[[53.14,71.24],[53.07,71.24],[52.9,71.36],[52.78,71.4],[52.73,71.4],[52.73,71.36],[52.51,71.39],[52.24,71.33],[52.29,71.27],[52.43,71.24],[52.55,71.25],[52.74,71.18],[52.84,71.09],[52.95,71.05],[53.02,70.97],[53.12,70.98],[53.05,71.03],[53.21,71.16],[53.19,71.22],[53.14,71.24]],[[74.41,73.13],[74.2,73.11],[74.1,73.02],[74.18,72.98],[74.64,72.86],[74.7,72.91],[74.65,72.97],[74.74,73.03],[74.96,73.06],[74.41,73.13]],[[76.05,73.55],[75.93,73.57],[75.57,73.54],[75.38,73.48],[75.34,73.43],[75.83,73.46],[76.05,73.55]],[[76.25,73.56],[76.08,73.52],[76.23,73.48],[76.76,73.45],[76.25,73.56]],[[77.75,72.63],[77.58,72.63],[77.38,72.57],[77.15,72.44],[76.9,72.37],[76.87,72.32],[77.15,72.28],[77.63,72.29],[77.78,72.31],[78.37,72.48],[78.28,72.55],[77.75,72.63]],[[79.41,72.98],[79.36,73.04],[79.16,73.09],[78.66,72.89],[78.63,72.85],[78.69,72.8],[78.88,72.75],[79.5,72.72],[79.54,72.77],[79.54,72.92],[79.41,72.98]],[[82.38,74.15],[82.33,74.13],[82.48,74.08],[82.61,74.06],[82.71,74.09],[82.61,74.15],[82.38,74.15]],[[83.15,74.15],[82.9,74.13],[82.82,74.09],[83.41,74.04],[83.62,74.09],[83.15,74.15]],[[84.54,74.49],[84.39,74.45],[84.43,74.43],[84.71,74.4],[84.76,74.46],[84.87,74.52],[84.54,74.49]],[[86.65,74.98],[86.33,74.94],[86.26,74.89],[86.39,74.85],[86.93,74.83],[87.12,74.94],[87.0,74.99],[86.74,74.96],[86.65,74.98]],[[82.02,75.51],[81.91,75.5],[81.93,75.41],[81.71,75.45],[81.5,75.37],[81.65,75.29],[81.86,75.32],[81.91,75.26],[81.98,75.25],[82.05,75.34],[82.22,75.35],[82.17,75.42],[82.17,75.52],[82.02,75.51]],[[96.27,76.31],[96.15,76.27],[95.79,76.29],[95.59,76.25],[95.38,76.29],[95.32,76.26],[95.31,76.21],[96.3,76.12],[96.35,76.21],[96.59,76.22],[96.61,76.26],[96.27,76.31]],[[97.31,76.69],[97.34,76.63],[97.43,76.59],[97.59,76.6],[97.38,76.71],[97.31,76.69]],[[95.85,77.1],[95.27,77.02],[95.68,77.02],[95.85,76.97],[96.21,76.99],[96.56,77.13],[96.56,77.15],[96.53,77.21],[95.85,77.1]],[[89.62,77.31],[89.28,77.3],[89.14,77.23],[89.3,77.18],[89.51,77.19],[89.67,77.25],[89.68,77.28],[89.62,77.31]],[[76.47,79.64],[76.37,79.62],[76.15,79.66],[76.05,79.64],[76.07,79.63],[76.15,79.58],[76.64,79.54],[76.65,79.49],[77.59,79.5],[77.36,79.56],[76.47,79.64]],[[79.22,80.96],[78.98,80.85],[79.1,80.81],[80.34,80.87],[80.43,80.93],[79.81,80.98],[79.22,80.96]],[[91.48,81.18],[90.07,81.21],[89.9,81.17],[89.98,81.11],[91.22,81.06],[91.57,81.14],[91.48,81.18]],[[106.58,78.17],[106.42,78.14],[107.34,78.1],[107.48,78.06],[107.7,78.13],[107.51,78.19],[106.58,78.17]],[[106.68,78.26],[106.72,78.26],[106.72,78.29],[106.64,78.34],[106.46,78.34],[106.35,78.27],[106.06,78.26],[106.02,78.22],[106.27,78.21],[106.5,78.26],[106.68,78.26]],[[107.37,77.35],[107.27,77.29],[107.3,77.24],[107.68,77.27],[107.59,77.33],[107.37,77.35]],[[112.15,76.55],[112.3,76.54],[112.53,76.45],[112.66,76.51],[112.63,76.55],[112.39,76.64],[112.28,76.62],[111.97,76.63],[112.15,76.55]],[[120.08,73.16],[119.76,73.16],[119.64,73.12],[119.79,73.05],[120.01,73.04],[120.26,73.09],[120.08,73.16]],[[124.43,73.94],[124.34,73.93],[124.37,73.87],[124.54,73.85],[124.65,73.89],[124.43,73.94]],[[136.17,75.61],[135.9,75.69],[135.7,75.85],[135.58,75.71],[135.56,75.64],[135.59,75.58],[135.47,75.46],[135.45,75.39],[135.95,75.41],[136.02,75.44],[135.97,75.49],[135.98,75.52],[136.17,75.61]],[[149.41,76.78],[148.72,76.75],[148.4,76.65],[149.15,76.66],[149.27,76.75],[149.41,76.78]],[[136.04,74.09],[135.63,74.22],[135.39,74.25],[135.4,74.2],[136.12,73.89],[136.2,73.91],[136.26,73.98],[136.04,74.09]],[[137.28,71.58],[137.06,71.53],[137.08,71.5],[137.27,71.46],[137.46,71.48],[137.71,71.42],[137.96,71.51],[137.82,71.59],[137.28,71.58]],[[160.57,70.92],[160.45,70.93],[160.44,70.85],[160.5,70.82],[160.72,70.82],[160.57,70.92]],[[168.36,70.02],[168.06,69.97],[167.86,69.9],[167.79,69.84],[168.35,69.66],[168.92,69.57],[169.2,69.58],[169.25,69.6],[169.3,69.73],[169.33,69.77],[169.42,69.78],[169.43,69.83],[169.37,69.88],[168.36,70.02]],[[164.57,59.22],[164.52,59.23],[164.2,59.1],[163.76,59.02],[163.78,58.93],[163.73,58.8],[163.58,58.64],[163.43,58.58],[163.43,58.55],[163.47,58.51],[163.96,58.74],[164.28,58.84],[164.62,58.89],[164.66,58.97],[164.57,59.22]],[[167.71,54.77],[167.59,54.8],[167.51,54.86],[167.44,54.86],[167.49,54.79],[168.08,54.51],[167.88,54.69],[167.71,54.77]],[[166.58,54.91],[166.4,55.01],[166.25,55.17],[166.23,55.24],[166.28,55.31],[165.93,55.35],[165.75,55.29],[165.99,55.19],[166.23,54.94],[166.32,54.86],[166.46,54.83],[166.65,54.69],[166.65,54.84],[166.58,54.91]],[[156.38,50.86],[156.21,50.78],[156.17,50.73],[156.33,50.64],[156.41,50.66],[156.48,50.75],[156.49,50.84],[156.38,50.86]],[[156.1,50.77],[156.0,50.76],[155.88,50.68],[155.77,50.48],[155.68,50.4],[155.43,50.37],[155.33,50.29],[155.22,50.3],[155.2,50.26],[155.24,50.21],[155.24,50.09],[155.4,50.04],[155.52,50.15],[155.79,50.2],[155.92,50.3],[156.1,50.56],[156.12,50.67],[156.1,50.77]],[[154.13,48.9],[154.09,48.83],[154.0,48.76],[154.04,48.74],[154.2,48.86],[154.23,48.89],[154.13,48.9]],[[155.64,50.82],[155.64,50.91],[155.57,50.93],[155.47,50.91],[155.55,50.81],[155.64,50.82]],[[151.86,46.87],[151.72,46.85],[151.75,46.79],[151.82,46.79],[152.0,46.9],[152.29,47.14],[152.17,47.11],[151.86,46.87]],[[149.96,46.02],[149.8,45.88],[149.67,45.84],[149.45,45.59],[149.54,45.59],[149.69,45.64],[149.88,45.78],[150.2,45.93],[150.23,46.01],[150.55,46.21],[150.35,46.21],[149.96,46.02]],[[148.81,45.51],[148.71,45.52],[148.61,45.48],[148.32,45.28],[148.06,45.26],[147.96,45.38],[147.92,45.38],[147.87,45.3],[147.89,45.23],[147.77,45.19],[147.66,45.09],[147.56,45.06],[147.43,44.95],[147.25,44.86],[147.15,44.77],[147.14,44.66],[146.93,44.51],[146.9,44.4],[147.1,44.53],[147.21,44.55],[147.31,44.68],[147.56,44.84],[147.66,44.98],[147.78,44.96],[147.91,44.99],[148.26,45.22],[148.6,45.32],[148.79,45.32],[148.84,45.36],[148.8,45.41],[148.81,45.51]],[[150.67,59.16],[150.47,59.03],[150.51,59.01],[150.59,59.02],[150.73,59.1],[150.67,59.16]],[[137.94,55.09],[137.58,55.2],[137.44,55.02],[137.28,54.89],[137.23,54.79],[137.46,54.87],[137.66,54.65],[137.72,54.66],[137.96,54.79],[138.1,54.99],[138.21,55.03],[137.94,55.09]],[[137.08,55.09],[137.0,55.09],[136.71,54.96],[136.9,54.96],[136.97,54.92],[137.06,54.93],[137.18,55.1],[137.08,55.09]],[[146.62,43.81],[146.61,43.74],[146.68,43.72],[146.9,43.8],[146.82,43.86],[146.62,43.81]],[[146.36,44.42],[146.21,44.5],[146.11,44.5],[145.75,44.07],[145.46,43.87],[145.43,43.81],[145.44,43.74],[145.56,43.66],[145.59,43.85],[145.77,43.94],[145.91,44.1],[146.11,44.25],[146.3,44.28],[146.44,44.38],[146.52,44.37],[146.57,44.44],[146.36,44.42]],[[124.17,24.45],[124.12,24.47],[124.08,24.44],[124.14,24.35],[124.23,24.36],[124.32,24.57],[124.3,24.59],[124.21,24.46],[124.17,24.45]],[[123.75,24.35],[123.68,24.32],[123.68,24.29],[123.83,24.27],[123.89,24.28],[123.93,24.36],[123.77,24.41],[123.75,24.35]],[[125.31,24.85],[125.28,24.87],[125.27,24.73],[125.36,24.72],[125.44,24.74],[125.33,24.8],[125.31,24.85]],[[128.25,26.88],[128.1,26.67],[128.05,26.64],[127.91,26.69],[127.89,26.63],[127.95,26.59],[127.82,26.47],[127.73,26.43],[127.73,26.31],[127.65,26.2],[127.65,26.09],[127.73,26.1],[127.8,26.15],[127.79,26.26],[127.85,26.32],[127.9,26.33],[127.87,26.44],[128.13,26.55],[128.31,26.72],[128.33,26.81],[128.25,26.88]],[[128.95,27.91],[128.91,27.9],[128.88,27.84],[128.9,27.73],[128.96,27.7],[129.02,27.77],[128.95,27.91]],[[129.6,28.48],[129.51,28.4],[129.32,28.36],[129.25,28.28],[129.16,28.25],[129.37,28.13],[129.45,28.21],[129.46,28.27],[129.71,28.43],[129.69,28.52],[129.6,28.48]],[[130.5,30.47],[130.39,30.39],[130.45,30.26],[130.51,30.24],[130.62,30.26],[130.67,30.37],[130.5,30.47]],[[130.95,30.67],[130.87,30.39],[130.96,30.4],[131.06,30.64],[131.08,30.79],[131.06,30.83],[130.95,30.67]],[[128.84,32.76],[128.7,32.76],[128.67,32.78],[128.66,32.63],[128.75,32.59],[128.79,32.64],[128.89,32.65],[128.84,32.76]],[[130.01,32.52],[130.02,32.47],[129.98,32.35],[130.02,32.29],[129.96,32.24],[130.0,32.19],[130.2,32.34],[130.2,32.49],[130.17,32.54],[130.01,32.52]],[[130.24,32.46],[130.29,32.42],[130.38,32.42],[130.46,32.52],[130.37,32.53],[130.24,32.46]],[[133.21,36.29],[133.19,36.23],[133.24,36.18],[133.32,36.17],[133.37,36.2],[133.38,36.25],[133.3,36.34],[133.21,36.29]],[[138.51,38.26],[138.5,38.32],[138.46,38.29],[138.25,38.08],[138.25,37.99],[138.32,37.99],[138.32,37.97],[138.28,37.85],[138.23,37.83],[138.34,37.82],[138.5,37.9],[138.58,38.07],[138.45,38.08],[138.51,38.26]],[[139.43,42.2],[139.41,42.16],[139.43,42.08],[139.48,42.08],[139.56,42.24],[139.43,42.2]],[[140.97,45.47],[140.98,45.36],[141.03,45.27],[141.07,45.33],[141.06,45.45],[140.97,45.47]],[[141.25,45.23],[141.19,45.25],[141.14,45.21],[141.15,45.15],[141.23,45.11],[141.3,45.12],[141.33,45.15],[141.25,45.23]],[[134.83,34.47],[134.67,34.29],[134.73,34.21],[134.82,34.2],[134.93,34.29],[134.91,34.4],[135.0,34.54],[134.83,34.47]],[[129.12,33.07],[129.11,33.13],[129.03,32.97],[129.0,32.95],[129.05,32.83],[129.18,32.99],[129.12,33.07]],[[129.46,33.33],[129.37,33.18],[129.49,33.22],[129.57,33.36],[129.46,33.33]],[[129.72,33.86],[129.67,33.74],[129.73,33.71],[129.8,33.75],[129.78,33.83],[129.72,33.86]],[[129.21,34.32],[129.19,34.15],[129.21,34.08],[129.28,34.12],[129.34,34.28],[129.21,34.32]],[[129.45,34.69],[129.33,34.61],[129.33,34.52],[129.27,34.37],[129.37,34.31],[129.38,34.42],[129.48,34.54],[129.48,34.65],[129.45,34.69]],[[132.36,33.85],[132.43,33.92],[132.31,33.91],[132.21,33.95],[132.21,33.87],[132.36,33.85]],[[118.34,24.47],[118.29,24.48],[118.3,24.44],[118.43,24.41],[118.45,24.46],[118.41,24.52],[118.34,24.47]],[[128.72,35.01],[128.67,35.01],[128.49,34.87],[128.65,34.74],[128.74,34.8],[128.72,35.01]],[[127.83,34.87],[127.87,34.73],[127.94,34.77],[127.98,34.7],[128.05,34.71],[128.07,34.81],[128.04,34.88],[127.92,34.92],[127.83,34.87]],[[126.76,33.55],[126.34,33.46],[126.2,33.37],[126.17,33.31],[126.28,33.2],[126.71,33.27],[126.87,33.34],[126.93,33.44],[126.9,33.52],[126.76,33.55]],[[126.34,34.54],[126.25,34.56],[126.11,34.4],[126.17,34.36],[126.34,34.43],[126.38,34.5],[126.34,34.54]],[[126.52,37.74],[126.41,37.82],[126.37,37.77],[126.41,37.65],[126.46,37.61],[126.52,37.6],[126.52,37.74]],[[121.58,31.64],[121.49,31.69],[121.46,31.76],[121.21,31.81],[121.34,31.64],[121.52,31.55],[121.78,31.46],[121.86,31.49],[121.81,31.55],[121.58,31.64]],[[122.28,30.07],[122.11,30.14],[121.97,30.14],[121.98,30.06],[122.02,30.01],[122.16,30.0],[122.28,29.94],[122.32,30.03],[122.28,30.07]],[[119.8,25.62],[119.78,25.65],[119.72,25.64],[119.7,25.59],[119.72,25.55],[119.7,25.43],[119.75,25.41],[119.83,25.48],[119.81,25.51],[119.84,25.59],[119.8,25.62]],[[110.52,21.08],[110.42,21.06],[110.39,21.09],[110.31,21.07],[110.26,21.03],[110.5,20.97],[110.54,21.02],[110.52,21.08]],[[107.48,21.27],[107.4,21.09],[107.46,21.09],[107.6,21.22],[107.48,21.27]],[[107.48,20.95],[107.4,20.9],[107.52,20.93],[107.55,21.03],[107.48,20.95]],[[107.04,20.84],[106.95,20.87],[106.91,20.82],[106.99,20.74],[107.04,20.76],[107.06,20.82],[107.04,20.84]],[[104.03,10.43],[103.85,10.37],[103.95,10.24],[104.02,10.03],[104.05,10.06],[104.08,10.34],[104.03,10.43]],[[102.32,12.14],[102.28,12.15],[102.27,12.12],[102.3,11.98],[102.43,11.96],[102.32,12.14]],[[103.82,1.45],[103.71,1.42],[103.65,1.33],[103.82,1.27],[103.97,1.33],[104.0,1.37],[103.82,1.45]],[[104.18,2.87],[104.13,2.77],[104.17,2.72],[104.22,2.73],[104.18,2.87]],[[100.25,5.47],[100.2,5.45],[100.19,5.28],[100.26,5.27],[100.34,5.41],[100.25,5.47]],[[99.85,6.47],[99.75,6.41],[99.65,6.42],[99.74,6.26],[99.82,6.31],[99.87,6.3],[99.92,6.36],[99.85,6.47]],[[99.65,6.71],[99.61,6.6],[99.64,6.52],[99.7,6.57],[99.65,6.71]],[[99.95,9.58],[99.93,9.48],[99.96,9.42],[100.05,9.46],[100.08,9.53],[100.07,9.59],[99.95,9.58]],[[98.58,7.92],[98.6,8.06],[98.53,8.11],[98.58,7.92]],[[98.4,7.96],[98.43,8.09],[98.35,8.11],[98.32,8.17],[98.26,7.93],[98.3,7.78],[98.4,7.83],[98.4,7.96]],[[93.86,7.21],[93.82,7.24],[93.68,7.18],[93.66,7.14],[93.66,7.02],[93.71,7.0],[93.83,6.75],[93.89,6.83],[93.93,6.97],[93.86,7.21]],[[93.51,8.16],[93.53,8.21],[93.49,8.22],[93.46,8.17],[93.49,8.02],[93.54,8.06],[93.51,8.16]],[[92.51,10.9],[92.35,10.75],[92.37,10.55],[92.47,10.52],[92.57,10.7],[92.51,10.9]],[[92.68,12.94],[92.69,12.8],[92.73,12.95],[92.68,12.94]],[[93.02,13.34],[93.08,13.4],[93.06,13.55],[92.92,13.49],[92.86,13.36],[92.86,13.23],[92.81,13.04],[92.83,13.0],[92.81,12.88],[92.74,12.78],[92.76,12.67],[92.72,12.54],[92.72,12.36],[92.78,12.3],[92.79,12.23],[92.68,12.19],[92.61,11.95],[92.53,11.87],[92.58,11.72],[92.7,11.51],[92.76,11.64],[92.8,11.87],[92.75,11.99],[92.88,12.23],[92.86,12.44],[92.93,12.45],[92.99,12.54],[92.97,12.85],[92.89,12.94],[93.07,13.22],[93.02,13.34]],[[98.21,10.95],[98.17,10.98],[98.08,10.89],[98.16,10.9],[98.27,10.74],[98.29,10.78],[98.21,10.95]],[[98.22,10.05],[98.14,9.97],[98.12,9.88],[98.28,10.01],[98.29,10.05],[98.22,10.05]],[[98.24,11.64],[98.2,11.57],[98.19,11.47],[98.21,11.46],[98.26,11.52],[98.31,11.72],[98.3,11.78],[98.24,11.64]],[[98.53,12.01],[98.47,12.08],[98.45,12.06],[98.47,11.9],[98.61,11.96],[98.53,12.01]],[[98.01,11.86],[98.02,11.7],[98.08,11.64],[98.08,11.73],[98.01,11.86]],[[98.38,11.79],[98.43,11.57],[98.53,11.54],[98.55,11.74],[98.52,11.8],[98.38,11.79]],[[98.4,12.65],[98.31,12.68],[98.31,12.34],[98.38,12.35],[98.46,12.47],[98.47,12.57],[98.44,12.57],[98.4,12.65]],[[98.27,13.2],[98.26,13.01],[98.31,12.93],[98.32,13.1],[98.27,13.2]],[[97.58,16.49],[97.54,16.51],[97.47,16.46],[97.48,16.31],[97.54,16.24],[97.58,16.25],[97.6,16.43],[97.58,16.49]],[[99.04,7.55],[99.1,7.47],[99.05,7.64],[99.04,7.55]],[[94.49,16.08],[94.39,15.99],[94.41,15.85],[94.57,16.02],[94.62,16.14],[94.6,16.21],[94.49,16.08]],[[93.74,18.87],[93.62,18.89],[93.49,18.87],[93.67,18.68],[93.72,18.72],[93.74,18.87]],[[93.49,19.89],[93.41,19.95],[93.42,19.88],[93.44,19.81],[93.51,19.75],[93.49,19.89]],[[92.91,20.09],[92.91,20.0],[93.02,19.83],[92.96,20.05],[92.91,20.09]],[[93.87,19.48],[93.83,19.48],[93.71,19.56],[93.64,19.5],[93.73,19.42],[93.76,19.33],[93.82,19.3],[93.93,19.37],[93.95,19.43],[93.87,19.48]],[[91.85,21.93],[91.82,21.81],[91.84,21.75],[91.88,21.88],[91.85,21.93]],[[91.91,21.72],[91.86,21.71],[91.86,21.53],[91.89,21.5],[91.95,21.51],[91.96,21.61],[91.93,21.72],[91.91,21.72]],[[91.08,22.52],[91.04,22.11],[91.15,22.18],[91.18,22.28],[91.08,22.52]],[[91.41,22.48],[91.47,22.38],[91.51,22.35],[91.56,22.38],[91.46,22.62],[91.41,22.48]],[[90.68,22.79],[90.6,22.86],[90.5,22.84],[90.56,22.62],[90.65,22.54],[90.68,22.33],[90.52,22.07],[90.78,22.09],[90.83,22.16],[90.87,22.48],[90.74,22.64],[90.68,22.79]],[[79.9,8.97],[79.86,9.07],[79.75,9.1],[79.9,8.97]],[[-8.34,71.14],[-8.52,71.03],[-9.1,70.85],[-8.95,70.84],[-8.64,70.94],[-8.0,71.04],[-7.98,71.12],[-8.0,71.18],[-8.34,71.14]],[[-154.95,19.64],[-154.99,19.73],[-155.07,19.75],[-155.09,19.88],[-155.2,19.99],[-155.83,20.28],[-155.87,20.26],[-155.89,20.17],[-155.82,20.01],[-156.05,19.75],[-155.89,19.38],[-155.91,19.13],[-155.88,19.07],[-155.63,18.96],[-155.54,19.11],[-155.31,19.26],[-155.05,19.32],[-154.85,19.45],[-154.8,19.52],[-154.95,19.64]],[[-156.92,21.18],[-157.25,21.23],[-157.29,21.11],[-157.02,21.1],[-156.86,21.06],[-156.75,21.1],[-156.71,21.16],[-156.92,21.18]],[[-156.1,20.84],[-156.28,20.95],[-156.46,20.91],[-156.59,21.03],[-156.66,21.02],[-156.7,20.95],[-156.62,20.82],[-156.54,20.79],[-156.48,20.8],[-156.44,20.62],[-156.41,20.61],[-156.11,20.64],[-156.01,20.71],[-155.99,20.76],[-156.1,20.84]],[[-160.22,21.9],[-160.24,21.84],[-160.23,21.8],[-160.2,21.8],[-160.15,21.88],[-160.08,21.91],[-160.05,22.0],[-160.1,22.02],[-160.22,21.9]],[[-157.83,21.47],[-157.85,21.55],[-157.96,21.7],[-158.02,21.69],[-158.12,21.6],[-158.27,21.59],[-158.24,21.49],[-158.11,21.32],[-157.98,21.32],[-158.02,21.37],[-157.98,21.38],[-157.96,21.33],[-157.9,21.34],[-157.8,21.27],[-157.64,21.31],[-157.71,21.38],[-157.72,21.46],[-157.83,21.47]],[[-159.58,22.22],[-159.73,22.14],[-159.79,22.04],[-159.61,21.91],[-159.46,21.88],[-159.34,21.97],[-159.3,22.15],[-159.35,22.22],[-159.58,22.22]],[[-156.94,20.93],[-157.05,20.91],[-156.97,20.76],[-156.91,20.74],[-156.81,20.83],[-156.94,20.93]],[[179.18,51.47],[178.91,51.62],[178.65,51.64],[179.28,51.37],[179.45,51.37],[179.18,51.47]],[[179.63,52.03],[179.5,51.98],[179.5,51.93],[179.55,51.89],[179.73,51.91],[179.78,51.97],[179.63,52.03]],[[177.56,52.11],[177.52,52.02],[177.38,51.98],[177.25,51.9],[177.26,51.88],[177.33,51.84],[177.59,51.95],[177.67,52.1],[177.56,52.11]],[[173.66,52.5],[173.42,52.44],[173.4,52.4],[173.72,52.36],[173.78,52.5],[173.66,52.5]],[[173.44,52.85],[173.1,53.0],[172.68,53.01],[172.49,52.94],[172.72,52.89],[172.78,52.8],[172.94,52.75],[173.08,52.81],[173.44,52.85]],[[-172.39,60.4],[-172.53,60.39],[-172.74,60.46],[-172.86,60.51],[-172.92,60.61],[-173.05,60.57],[-173.07,60.49],[-172.64,60.33],[-172.23,60.3],[-172.39,60.4]],[[-170.39,57.2],[-170.36,57.15],[-170.26,57.14],[-170.16,57.18],[-170.12,57.24],[-170.39,57.2]],[[-160.49,55.35],[-160.52,55.33],[-160.48,55.31],[-160.34,55.26],[-160.33,55.34],[-160.49,55.35]],[[-160.58,55.31],[-160.55,55.38],[-160.67,55.31],[-160.7,55.4],[-160.79,55.38],[-160.85,55.31],[-160.83,55.17],[-160.8,55.15],[-160.7,55.18],[-160.61,55.16],[-160.49,55.18],[-160.58,55.31]],[[-162.43,54.93],[-162.32,54.84],[-162.23,54.93],[-162.26,54.98],[-162.43,54.93]],[[-162.82,54.49],[-162.81,54.44],[-162.73,54.4],[-162.64,54.38],[-162.55,54.4],[-162.65,54.46],[-162.82,54.49]],[[-159.9,55.22],[-159.87,55.26],[-159.92,55.27],[-159.98,55.2],[-160.17,55.12],[-160.15,55.04],[-160.23,54.92],[-159.85,55.14],[-159.84,55.18],[-159.9,55.22]],[[-159.52,55.15],[-159.55,55.23],[-159.57,55.22],[-159.6,55.13],[-159.64,55.12],[-159.65,55.07],[-159.53,55.06],[-159.52,55.15]],[[-169.98,52.85],[-169.98,52.81],[-169.72,52.79],[-169.69,52.85],[-169.75,52.88],[-169.98,52.85]],[[-170.68,52.7],[-170.83,52.6],[-170.82,52.56],[-170.61,52.61],[-170.58,52.67],[-170.68,52.7]],[[-165.76,54.15],[-165.97,54.21],[-166.11,54.14],[-166.06,54.05],[-165.91,54.05],[-165.69,54.1],[-165.76,54.15]],[[-165.44,54.21],[-165.55,54.28],[-165.65,54.25],[-165.6,54.13],[-165.41,54.2],[-165.44,54.21]],[[-167.8,53.48],[-167.99,53.56],[-168.29,53.5],[-168.4,53.41],[-168.38,53.28],[-168.69,53.23],[-168.78,53.15],[-168.8,53.04],[-169.09,52.83],[-168.51,53.04],[-168.27,53.24],[-167.87,53.39],[-167.8,53.48]],[[-166.52,53.61],[-166.31,53.7],[-166.38,53.72],[-166.55,53.7],[-166.55,53.73],[-166.23,53.93],[-166.37,54.0],[-166.57,53.85],[-166.62,53.9],[-166.63,54.0],[-166.98,53.96],[-167.09,53.91],[-167.12,53.87],[-167.11,53.81],[-167.03,53.77],[-166.74,53.71],[-166.8,53.69],[-166.81,53.65],[-166.89,53.7],[-167.02,53.7],[-167.09,53.64],[-167.14,53.53],[-167.81,53.32],[-167.67,53.26],[-167.52,53.28],[-167.15,53.41],[-166.77,53.48],[-166.7,53.54],[-166.52,53.61]],[[-172.47,52.39],[-172.62,52.27],[-172.54,52.26],[-172.31,52.33],[-172.47,52.39]],[[-173.36,52.1],[-173.66,52.14],[-173.79,52.1],[-173.99,52.12],[-173.84,52.05],[-173.18,52.06],[-173.02,52.09],[-173.36,52.1]],[[-174.17,52.42],[-174.44,52.32],[-174.26,52.27],[-174.31,52.22],[-175.3,52.02],[-175.21,51.99],[-174.68,52.04],[-174.12,52.14],[-174.18,52.2],[-174.05,52.25],[-174.02,52.33],[-174.17,52.42]],[[-176.19,51.89],[-176.2,51.83],[-176.09,51.79],[-176.01,51.81],[-176.19,51.89]],[[-176.59,51.83],[-176.55,51.94],[-176.6,51.98],[-176.7,51.99],[-176.75,51.89],[-176.74,51.84],[-176.87,51.79],[-176.96,51.6],[-176.84,51.68],[-176.77,51.63],[-176.51,51.75],[-176.45,51.74],[-176.44,51.82],[-176.59,51.83]],[[-176.05,51.97],[-175.98,52.03],[-175.99,52.05],[-176.08,52.1],[-176.16,52.1],[-176.18,52.03],[-176.05,51.97]],[[-177.21,51.84],[-177.33,51.78],[-177.67,51.7],[-177.65,51.68],[-177.18,51.7],[-177.06,51.9],[-177.13,51.93],[-177.21,51.84]],[[-177.64,51.83],[-177.8,51.84],[-177.95,51.92],[-178.12,51.92],[-178.19,51.88],[-177.99,51.76],[-178.0,51.72],[-178.08,51.69],[-177.93,51.62],[-177.83,51.69],[-177.77,51.78],[-177.64,51.83]],[[73.59,-53.03],[73.25,-52.98],[73.29,-53.02],[73.34,-53.03],[73.47,-53.18],[73.59,-53.18],[73.84,-53.11],[73.59,-53.03]],[[69.22,-49.07],[69.32,-49.03],[69.39,-48.95],[69.37,-48.89],[69.17,-48.88],[69.15,-48.92],[69.22,-49.07]],[[51.74,-46.33],[51.66,-46.37],[51.7,-46.43],[51.83,-46.44],[51.74,-46.33]],[[37.59,-46.91],[37.61,-46.95],[37.81,-46.96],[37.89,-46.9],[37.79,-46.84],[37.68,-46.82],[37.59,-46.91]],[[27.91,36.35],[27.72,36.17],[27.76,36.07],[27.72,35.96],[27.75,35.91],[27.84,35.93],[27.97,36.05],[28.09,36.07],[28.07,36.13],[28.23,36.37],[28.23,36.43],[27.91,36.35]],[[27.16,35.63],[27.22,35.82],[27.16,35.79],[27.16,35.73],[27.07,35.6],[27.12,35.51],[27.1,35.46],[27.14,35.41],[27.18,35.47],[27.23,35.48],[27.16,35.63]],[[27.04,37.0],[26.89,37.09],[26.94,37.02],[26.92,36.95],[27.02,36.96],[27.04,37.0]],[[27.06,36.84],[26.96,36.77],[26.92,36.73],[26.95,36.73],[27.35,36.87],[27.27,36.91],[27.06,36.84]],[[25.36,37.07],[25.46,36.93],[25.55,36.97],[25.58,37.04],[25.59,37.15],[25.53,37.2],[25.36,37.07]],[[25.28,37.14],[25.15,37.11],[25.11,37.03],[25.13,37.0],[25.2,36.99],[25.28,37.07],[25.28,37.14]],[[26.98,37.78],[26.74,37.81],[26.64,37.78],[26.58,37.72],[26.72,37.71],[26.84,37.64],[27.06,37.71],[27.04,37.77],[26.98,37.78]],[[26.21,37.64],[26.09,37.63],[25.98,37.53],[26.2,37.57],[26.35,37.67],[26.21,37.64]],[[25.94,36.89],[25.74,36.79],[25.86,36.79],[26.06,36.9],[26.0,36.94],[25.94,36.89]],[[26.34,36.58],[26.27,36.6],[26.27,36.55],[26.33,36.51],[26.46,36.59],[26.37,36.64],[26.38,36.61],[26.34,36.58]],[[24.28,37.6],[24.29,37.53],[24.4,37.65],[24.38,37.68],[24.32,37.68],[24.28,37.6]],[[24.4,37.38],[24.38,37.31],[24.48,37.41],[24.43,37.48],[24.37,37.42],[24.4,37.38]],[[24.43,36.71],[24.36,36.74],[24.33,36.66],[24.53,36.68],[24.54,36.76],[24.43,36.71]],[[24.95,37.86],[24.96,37.9],[24.86,37.91],[24.79,37.99],[24.7,37.96],[24.71,37.9],[24.96,37.69],[24.99,37.76],[24.95,37.86]],[[25.16,37.55],[25.22,37.54],[25.26,37.6],[25.23,37.63],[25.0,37.68],[25.16,37.55]],[[26.01,38.6],[25.85,38.57],[25.85,38.51],[25.99,38.35],[25.87,38.27],[26.0,38.16],[26.09,38.22],[26.11,38.28],[26.16,38.3],[26.16,38.54],[26.01,38.6]],[[26.53,39.17],[26.39,39.27],[26.41,39.33],[26.35,39.38],[26.17,39.37],[26.16,39.33],[26.09,39.3],[25.91,39.29],[25.84,39.2],[25.91,39.14],[26.07,39.1],[26.18,39.19],[26.27,39.2],[26.11,39.08],[26.16,39.03],[26.39,38.97],[26.55,38.99],[26.49,39.07],[26.58,39.03],[26.58,39.11],[26.53,39.17]],[[23.74,39.08],[23.78,39.11],[23.59,39.21],[23.67,39.1],[23.74,39.08]],[[24.58,38.88],[24.56,38.94],[24.49,38.98],[24.46,38.89],[24.57,38.83],[24.54,38.79],[24.67,38.81],[24.58,38.88]],[[25.57,40.52],[25.45,40.48],[25.57,40.4],[25.69,40.43],[25.57,40.52]],[[25.37,40.02],[25.29,39.96],[25.23,40.01],[25.06,40.0],[25.06,39.85],[25.19,39.83],[25.25,39.89],[25.26,39.82],[25.36,39.81],[25.45,40.03],[25.37,40.02]],[[24.62,40.79],[24.52,40.69],[24.52,40.65],[24.65,40.58],[24.77,40.62],[24.77,40.73],[24.72,40.79],[24.62,40.79]],[[25.74,40.2],[25.67,40.14],[25.74,40.11],[25.97,40.14],[25.98,40.18],[25.92,40.24],[25.74,40.2]],[[-16.07,11.2],[-16.24,11.11],[-16.19,11.04],[-16.07,11.08],[-16.07,11.2]],[[-16.42,19.8],[-16.48,19.71],[-16.44,19.61],[-16.37,19.71],[-16.34,19.87],[-16.42,19.8]],[[-16.69,32.76],[-16.93,32.84],[-17.05,32.82],[-17.19,32.87],[-17.24,32.81],[-17.17,32.72],[-17.02,32.66],[-16.84,32.65],[-16.69,32.76]],[[-16.33,28.38],[-16.12,28.53],[-16.12,28.58],[-16.32,28.56],[-16.56,28.4],[-16.84,28.38],[-16.91,28.34],[-16.79,28.15],[-16.66,28.01],[-16.54,28.03],[-16.42,28.15],[-16.33,28.38]],[[-13.54,29.14],[-13.79,29.06],[-13.86,28.87],[-13.78,28.85],[-13.72,28.91],[-13.48,29.01],[-13.42,29.2],[-13.46,29.24],[-13.54,29.14]],[[-14.03,28.62],[-14.23,28.22],[-14.36,28.13],[-14.49,28.1],[-14.33,28.06],[-14.2,28.17],[-13.93,28.25],[-13.86,28.41],[-13.83,28.69],[-13.86,28.74],[-13.95,28.74],[-14.0,28.71],[-14.03,28.62]],[[-12.62,7.64],[-12.85,7.62],[-12.95,7.57],[-12.61,7.47],[-12.54,7.41],[-12.51,7.58],[-12.62,7.64]],[[-15.4,28.15],[-15.68,28.15],[-15.72,28.06],[-15.81,27.99],[-15.81,27.89],[-15.66,27.76],[-15.56,27.75],[-15.44,27.81],[-15.39,27.87],[-15.4,28.15]],[[-24.98,17.09],[-25.03,17.18],[-25.11,17.19],[-25.34,17.09],[-25.31,16.94],[-25.17,16.95],[-24.98,17.09]],[[-24.99,16.91],[-25.09,16.83],[-25.02,16.8],[-24.89,16.82],[-24.94,16.92],[-24.99,16.91]],[[-17.32,28.12],[-17.23,28.01],[-17.1,28.08],[-17.13,28.16],[-17.21,28.2],[-17.26,28.2],[-17.32,28.12]],[[-15.95,11.43],[-15.9,11.47],[-15.92,11.59],[-15.96,11.6],[-16.02,11.48],[-15.95,11.43]],[[-16.1,11.77],[-16.04,11.76],[-15.99,11.88],[-16.15,11.88],[-16.1,11.77]],[[-18.04,27.77],[-18.16,27.76],[-17.98,27.65],[-17.89,27.81],[-17.92,27.85],[-18.04,27.77]],[[-22.69,16.17],[-22.75,16.22],[-22.92,16.24],[-22.92,16.15],[-22.96,16.05],[-22.82,15.99],[-22.71,16.04],[-22.69,16.17]],[[-24.33,15.02],[-24.39,15.04],[-24.5,14.98],[-24.52,14.93],[-24.49,14.87],[-24.39,14.82],[-24.31,14.86],[-24.3,14.93],[-24.33,15.02]],[[-17.93,28.84],[-18.0,28.76],[-17.86,28.49],[-17.76,28.57],[-17.73,28.72],[-17.8,28.85],[-17.93,28.84]],[[-24.27,16.64],[-24.39,16.66],[-24.4,16.62],[-24.32,16.49],[-24.24,16.6],[-24.03,16.57],[-24.09,16.62],[-24.27,16.64]],[[-22.9,16.73],[-22.9,16.84],[-22.99,16.81],[-22.98,16.7],[-22.92,16.61],[-22.89,16.66],[-22.9,16.73]],[[-23.21,15.32],[-23.25,15.18],[-23.21,15.13],[-23.12,15.17],[-23.14,15.32],[-23.21,15.32]],[[-23.54,15.14],[-23.75,15.33],[-23.79,15.08],[-23.71,14.96],[-23.64,14.92],[-23.5,14.92],[-23.44,15.01],[-23.54,15.14]],[[44.48,-12.08],[44.41,-12.09],[44.38,-12.17],[44.22,-12.17],[44.5,-12.36],[44.53,-12.22],[44.48,-12.08]],[[43.7,-12.26],[43.63,-12.25],[43.66,-12.34],[43.86,-12.37],[43.7,-12.26]],[[45.13,-12.71],[45.09,-12.65],[45.04,-12.7],[45.09,-12.79],[45.07,-12.9],[45.12,-12.98],[45.18,-12.98],[45.22,-12.75],[45.13,-12.71]],[[43.38,-11.61],[43.39,-11.41],[43.34,-11.37],[43.3,-11.37],[43.26,-11.43],[43.23,-11.75],[43.3,-11.84],[43.45,-11.91],[43.49,-11.86],[43.38,-11.61]],[[39.85,-7.73],[39.6,-7.94],[39.64,-7.98],[39.71,-7.98],[39.76,-7.91],[39.82,-7.9],[39.9,-7.73],[39.91,-7.65],[39.85,-7.73]],[[40.98,-2.11],[40.96,-2.17],[40.99,-2.16],[41.14,-2.07],[41.09,-2.04],[40.98,-2.11]],[[39.49,-6.17],[39.43,-6.12],[39.31,-5.72],[39.27,-5.85],[39.19,-5.93],[39.21,-6.08],[39.18,-6.17],[39.24,-6.28],[39.31,-6.28],[39.38,-6.36],[39.42,-6.35],[39.48,-6.45],[39.56,-6.43],[39.57,-6.39],[39.49,-6.17]],[[57.74,-20.1],[57.66,-19.99],[57.58,-20.0],[57.52,-20.06],[57.49,-20.14],[57.39,-20.23],[57.37,-20.41],[57.32,-20.43],[57.33,-20.45],[57.38,-20.5],[57.65,-20.48],[57.78,-20.33],[57.79,-20.21],[57.74,-20.1]],[[55.66,-20.91],[55.45,-20.87],[55.31,-20.9],[55.23,-21.06],[55.36,-21.27],[55.56,-21.36],[55.8,-21.34],[55.84,-21.14],[55.66,-20.91]],[[48.35,-13.31],[48.31,-13.2],[48.27,-13.2],[48.26,-13.26],[48.19,-13.26],[48.21,-13.39],[48.34,-13.4],[48.35,-13.31]],[[49.86,-16.93],[49.82,-17.09],[50.02,-16.7],[49.99,-16.71],[49.86,-16.93]],[[39.75,-5.44],[39.85,-5.26],[39.87,-4.91],[39.78,-4.94],[39.67,-4.93],[39.7,-5.11],[39.65,-5.37],[39.75,-5.44]],[[55.48,-4.69],[55.49,-4.75],[55.54,-4.79],[55.54,-4.69],[55.46,-4.56],[55.38,-4.61],[55.48,-4.69]],[[8.76,3.75],[8.68,3.74],[8.58,3.48],[8.46,3.45],[8.43,3.33],[8.47,3.26],[8.7,3.22],[8.76,3.3],[8.79,3.4],[8.95,3.63],[8.95,3.71],[8.91,3.76],[8.76,3.75]],[[6.63,0.4],[6.48,0.28],[6.5,0.12],[6.56,0.05],[6.66,0.12],[6.75,0.24],[6.75,0.33],[6.69,0.4],[6.63,0.4]],[[7.41,1.7],[7.33,1.6],[7.39,1.54],[7.45,1.63],[7.41,1.7]],[[7.23,4.53],[7.14,4.4],[7.3,4.42],[7.33,4.49],[7.23,4.53]],[[-44.22,-23.08],[-44.36,-23.17],[-44.32,-23.21],[-44.1,-23.17],[-44.22,-23.08]],[[-48.5,-26.22],[-48.54,-26.17],[-48.67,-26.29],[-48.6,-26.41],[-48.5,-26.22]],[[-48.54,-27.57],[-48.55,-27.81],[-48.49,-27.77],[-48.5,-27.71],[-48.38,-27.45],[-48.41,-27.4],[-48.46,-27.44],[-48.54,-27.57]],[[-45.23,-23.83],[-45.3,-23.73],[-45.45,-23.9],[-45.41,-23.93],[-45.3,-23.91],[-45.26,-23.94],[-45.23,-23.83]],[[11.25,34.82],[11.15,34.74],[11.12,34.68],[11.28,34.75],[11.25,34.82]],[[10.92,33.89],[10.75,33.89],[10.72,33.74],[10.86,33.69],[10.99,33.75],[11.03,33.81],[10.92,33.89]],[[-4.41,54.19],[-4.34,54.27],[-4.38,54.39],[-4.42,54.41],[-4.51,54.38],[-4.7,54.22],[-4.79,54.07],[-4.61,54.06],[-4.41,54.19]],[[-6.57,56.66],[-6.66,56.58],[-6.48,56.67],[-6.57,56.66]],[[-5.1,55.57],[-5.16,55.67],[-5.25,55.72],[-5.35,55.69],[-5.39,55.62],[-5.33,55.48],[-5.23,55.45],[-5.11,55.45],[-5.1,55.57]],[[-5.84,56.52],[-5.95,56.53],[-6.1,56.65],[-6.29,56.61],[-6.31,56.55],[-6.14,56.49],[-6.18,56.36],[-6.33,56.32],[-6.31,56.29],[-6.18,56.29],[-5.78,56.34],[-5.76,56.49],[-5.84,56.52]],[[-6.13,55.93],[-6.31,55.86],[-6.41,55.85],[-6.46,55.81],[-6.49,55.7],[-6.3,55.78],[-6.27,55.67],[-6.31,55.61],[-6.09,55.66],[-6.06,55.72],[-6.13,55.93]],[[-5.94,56.05],[-5.97,55.99],[-5.91,55.97],[-6.07,55.89],[-6.04,55.81],[-5.97,55.81],[-5.73,56.12],[-5.94,56.05]],[[-1.09,60.72],[-1.17,60.6],[-1.07,60.5],[-1.03,60.53],[-1.05,60.65],[-0.99,60.69],[-1.01,60.72],[-1.09,60.72]],[[-1.24,60.49],[-1.29,60.47],[-1.3,60.61],[-1.41,60.6],[-1.57,60.49],[-1.45,60.47],[-1.37,60.33],[-1.66,60.28],[-1.64,60.24],[-1.5,60.22],[-1.48,60.17],[-1.32,60.19],[-1.29,60.15],[-1.28,60.11],[-1.36,59.91],[-1.3,59.88],[-1.2,60.01],[-1.05,60.44],[-1.16,60.42],[-1.24,60.49]],[[-0.83,60.68],[-0.77,60.81],[-0.82,60.83],[-0.92,60.81],[-0.92,60.7],[-0.83,60.68]],[[-3.27,58.91],[-3.39,58.91],[-3.37,58.84],[-3.28,58.78],[-3.16,58.79],[-3.21,58.81],[-3.27,58.91]],[[-4.32,53.42],[-4.57,53.39],[-4.55,53.26],[-4.47,53.18],[-4.42,53.18],[-4.37,53.13],[-4.08,53.26],[-4.05,53.31],[-4.15,53.3],[-4.32,53.42]],[[-2.54,59.3],[-2.6,59.29],[-2.66,59.23],[-2.43,59.27],[-2.41,59.3],[-2.54,59.3]],[[-2.82,58.98],[-3.07,59.0],[-3.02,59.08],[-3.25,59.14],[-3.31,59.13],[-3.35,59.02],[-3.33,58.97],[-3.24,59.0],[-3.2,58.93],[-2.99,58.94],[-2.86,58.89],[-2.79,58.91],[-2.76,58.96],[-2.82,58.98]],[[-6.66,61.86],[-6.88,61.9],[-6.84,61.84],[-6.67,61.77],[-6.62,61.81],[-6.66,61.86]],[[-6.7,61.5],[-6.74,61.57],[-6.93,61.63],[-6.89,61.53],[-6.77,61.45],[-6.68,61.41],[-6.7,61.5]],[[-7.38,62.07],[-7.18,62.04],[-7.07,62.07],[-7.24,62.15],[-7.42,62.14],[-7.38,62.07]],[[-7.01,62.09],[-6.73,61.95],[-6.72,61.99],[-6.84,62.12],[-6.82,62.14],[-6.66,62.09],[-6.63,62.23],[-6.96,62.32],[-7.17,62.29],[-7.01,62.09]],[[-2.96,59.27],[-2.86,59.25],[-2.85,59.18],[-2.82,59.16],[-2.73,59.19],[-2.73,59.23],[-2.82,59.24],[-2.98,59.35],[-3.05,59.32],[-2.96,59.27]],[[-6.45,62.19],[-6.41,62.26],[-6.55,62.36],[-6.56,62.22],[-6.45,62.19]],[[-6.85,57.83],[-6.8,57.83],[-6.4,58.04],[-6.44,58.09],[-6.55,58.09],[-6.33,58.19],[-6.2,58.36],[-6.22,58.49],[-6.3,58.49],[-6.78,58.3],[-6.73,58.19],[-6.89,58.18],[-7.01,58.23],[-7.09,58.18],[-7.08,58.08],[-6.99,58.05],[-7.06,58.0],[-6.86,57.92],[-7.08,57.81],[-6.96,57.75],[-6.85,57.83]],[[-6.43,57.02],[-6.35,56.95],[-6.26,56.99],[-6.32,57.05],[-6.43,57.02]],[[-6.36,57.24],[-6.27,57.18],[-6.03,57.2],[-6.01,57.05],[-5.99,57.04],[-5.91,57.06],[-5.67,57.23],[-5.71,57.27],[-5.88,57.26],[-6.14,57.31],[-6.17,57.59],[-6.31,57.67],[-6.36,57.67],[-6.38,57.6],[-6.62,57.56],[-6.58,57.51],[-6.7,57.5],[-6.76,57.44],[-6.68,57.36],[-6.44,57.33],[-6.36,57.24]],[[-7.21,57.68],[-7.47,57.65],[-7.51,57.6],[-7.32,57.53],[-7.18,57.53],[-7.09,57.63],[-7.21,57.68]],[[-7.3,57.38],[-7.41,57.38],[-7.42,57.23],[-7.38,57.13],[-7.29,57.11],[-7.25,57.13],[-7.27,57.37],[-7.3,57.38]],[[-10.14,54.01],[-10.18,54.02],[-10.27,53.98],[-10.06,53.96],[-9.95,53.88],[-9.96,53.99],[-10.14,54.01]],[[21.91,60.39],[21.95,60.4],[21.83,60.47],[21.85,60.41],[21.81,60.4],[21.82,60.38],[21.92,60.33],[21.99,60.34],[21.91,60.39]],[[20.07,60.19],[20.19,60.19],[20.26,60.26],[20.09,60.35],[19.94,60.36],[19.89,60.41],[19.79,60.35],[19.87,60.3],[19.85,60.22],[19.79,60.21],[19.78,60.29],[19.69,60.27],[19.67,60.23],[19.75,60.1],[19.8,60.08],[20.03,60.09],[20.04,60.18],[20.07,60.19]],[[21.37,63.26],[21.23,63.22],[21.24,63.28],[21.08,63.28],[21.15,63.2],[21.25,63.15],[21.37,63.21],[21.42,63.2],[21.42,63.25],[21.37,63.26]],[[19.13,57.98],[19.04,57.91],[19.09,57.86],[19.14,57.86],[19.16,57.92],[19.33,57.96],[19.13,57.98]],[[16.96,57.25],[16.73,56.9],[16.63,56.88],[16.41,56.57],[16.4,56.31],[16.43,56.24],[16.48,56.24],[16.53,56.29],[16.78,56.81],[16.84,56.84],[16.88,56.99],[17.05,57.21],[17.05,57.28],[17.12,57.32],[17.03,57.35],[16.96,57.25]],[[14.77,55.3],[14.71,55.24],[14.68,55.1],[15.05,55.0],[15.14,55.09],[15.13,55.14],[14.77,55.3]],[[13.6,54.43],[13.58,54.46],[13.67,54.54],[13.66,54.56],[13.49,54.62],[13.42,54.7],[13.34,54.7],[13.24,54.64],[13.23,54.58],[13.18,54.54],[13.16,54.4],[13.19,54.33],[13.36,54.25],[13.41,54.25],[13.48,54.34],[13.59,54.34],[13.71,54.28],[13.73,54.32],[13.71,54.38],[13.6,54.43]],[[12.31,55.04],[12.27,55.06],[12.26,55.02],[12.14,54.96],[12.12,54.91],[12.18,54.89],[12.36,54.96],[12.55,54.97],[12.47,55.02],[12.31,55.04]],[[11.66,54.83],[11.54,54.83],[11.26,54.95],[11.06,54.94],[11.04,54.77],[11.46,54.63],[11.77,54.68],[11.74,54.81],[11.66,54.83]],[[10.35,54.91],[10.2,54.96],[10.34,54.86],[10.42,54.84],[10.5,54.86],[10.35,54.91]],[[9.78,55.07],[9.81,54.91],[9.96,54.87],[10.06,54.89],[10.0,54.99],[9.78,55.07]],[[10.74,54.96],[10.62,54.85],[10.69,54.75],[10.73,54.75],[10.95,55.16],[10.74,54.96]],[[10.53,55.78],[10.59,55.77],[10.66,55.88],[10.55,55.99],[10.52,55.96],[10.54,55.91],[10.53,55.78]],[[11.08,54.53],[11.01,54.47],[11.13,54.42],[11.28,54.42],[11.23,54.5],[11.08,54.53]],[[10.93,57.31],[10.87,57.26],[11.01,57.23],[11.17,57.32],[10.93,57.31]],[[8.45,55.06],[8.41,55.06],[8.3,54.91],[8.28,54.77],[8.35,54.85],[8.6,54.87],[8.63,54.89],[8.38,54.9],[8.39,54.99],[8.45,55.06]],[[-1.39,46.05],[-1.37,45.97],[-1.21,45.82],[-1.18,45.9],[-1.29,46.0],[-1.39,46.05]],[[-1.31,50.77],[-1.56,50.67],[-1.31,50.59],[-1.2,50.6],[-1.07,50.69],[-1.31,50.77]],[[4.74,53.09],[4.71,53.04],[4.79,53.0],[4.89,53.07],[4.89,53.18],[4.74,53.09]],[[10.36,42.82],[10.13,42.81],[10.11,42.79],[10.13,42.74],[10.34,42.76],[10.42,42.71],[10.43,42.82],[10.4,42.86],[10.36,42.82]],[[4.06,40.08],[3.85,40.06],[3.84,39.98],[4.29,39.84],[4.32,39.92],[4.23,40.03],[4.06,40.08]],[[1.42,38.74],[1.41,38.67],[1.59,38.67],[1.59,38.7],[1.5,38.71],[1.44,38.77],[1.42,38.74]],[[1.35,39.08],[1.22,38.9],[1.26,38.88],[1.41,38.86],[1.45,38.92],[1.62,39.04],[1.56,39.12],[1.35,39.08]],[[-31.26,39.5],[-31.28,39.39],[-31.18,39.36],[-31.14,39.41],[-31.14,39.48],[-31.2,39.52],[-31.26,39.5]],[[-27.13,38.79],[-27.26,38.8],[-27.39,38.77],[-27.36,38.7],[-27.3,38.66],[-27.1,38.63],[-27.04,38.68],[-27.04,38.74],[-27.13,38.79]],[[-28.31,38.74],[-28.09,38.62],[-27.83,38.54],[-27.78,38.56],[-28.31,38.74]],[[-28.7,38.64],[-28.84,38.6],[-28.74,38.52],[-28.64,38.52],[-28.61,38.55],[-28.7,38.64]],[[-28.4,38.55],[-28.51,38.55],[-28.55,38.52],[-28.53,38.46],[-28.45,38.41],[-28.23,38.38],[-28.06,38.41],[-28.4,38.55]],[[-25.59,37.83],[-25.78,37.91],[-25.85,37.89],[-25.83,37.83],[-25.73,37.76],[-25.44,37.72],[-25.25,37.74],[-25.19,37.76],[-25.18,37.84],[-25.59,37.83]],[[14.45,35.96],[14.35,35.98],[14.35,35.87],[14.44,35.82],[14.53,35.82],[14.57,35.85],[14.45,35.96]],[[15.23,44.06],[15.07,44.16],[15.12,44.09],[15.25,44.03],[15.23,44.06]],[[14.74,45.07],[14.57,45.22],[14.52,45.15],[14.44,45.1],[14.51,45.04],[14.61,45.03],[14.69,44.96],[14.81,44.98],[14.74,45.07]],[[14.86,44.71],[14.75,44.84],[14.67,44.82],[14.68,44.77],[14.86,44.71]],[[14.91,44.49],[15.16,44.31],[15.24,44.35],[14.74,44.7],[14.91,44.49]],[[14.95,44.12],[14.87,44.17],[14.89,44.13],[15.14,43.91],[15.2,43.9],[14.95,44.12]],[[15.37,43.91],[15.44,43.9],[15.37,43.97],[15.27,44.01],[15.37,43.91]],[[14.47,44.73],[14.47,44.97],[14.39,45.03],[14.36,45.17],[14.33,45.16],[14.29,45.14],[14.34,45.02],[14.31,44.9],[14.42,44.67],[14.48,44.62],[14.47,44.73]],[[17.39,42.8],[17.34,42.79],[17.74,42.7],[17.61,42.77],[17.39,42.8]],[[20.79,38.14],[20.7,38.25],[20.62,38.27],[20.61,38.38],[20.56,38.47],[20.52,38.33],[20.48,38.32],[20.44,38.36],[20.35,38.22],[20.35,38.18],[20.45,38.23],[20.52,38.11],[20.57,38.1],[20.61,38.12],[20.76,38.07],[20.79,38.14]],[[20.84,37.84],[20.76,37.85],[20.69,37.93],[20.62,37.86],[20.7,37.74],[20.82,37.66],[20.91,37.73],[20.99,37.71],[20.84,37.84]],[[20.65,38.6],[20.71,38.64],[20.72,38.8],[20.69,38.84],[20.63,38.82],[20.56,38.66],[20.55,38.58],[20.65,38.6]],[[20.7,38.45],[20.62,38.48],[20.65,38.41],[20.71,38.32],[20.76,38.33],[20.7,38.45]],[[19.96,39.47],[19.9,39.62],[19.85,39.67],[19.94,39.75],[19.93,39.77],[19.84,39.82],[19.65,39.77],[19.65,39.73],[19.81,39.59],[19.88,39.46],[20.1,39.38],[20.08,39.43],[19.96,39.47]],[[22.95,36.38],[22.91,36.32],[22.91,36.22],[22.94,36.18],[23.04,36.15],[23.1,36.25],[22.95,36.38]],[[3.95,51.74],[3.79,51.75],[3.7,51.71],[3.73,51.68],[3.82,51.69],[3.95,51.63],[4.08,51.65],[3.95,51.74]],[[-51.35,69.85],[-51.32,69.8],[-51.34,69.73],[-51.31,69.67],[-51.23,69.55],[-51.17,69.52],[-51.01,69.55],[-50.97,69.58],[-50.97,69.66],[-50.91,69.76],[-50.68,69.85],[-51.09,69.92],[-51.21,69.91],[-51.35,69.85]],[[-37.05,65.72],[-37.22,65.7],[-37.24,65.61],[-37.19,65.53],[-37.03,65.53],[-36.99,65.58],[-36.95,65.66],[-37.05,65.72]],[[-53.63,71.03],[-53.49,71.06],[-53.44,71.12],[-53.44,71.19],[-53.58,71.3],[-53.7,71.28],[-53.96,71.13],[-53.9,71.09],[-53.63,71.03]],[[-55.52,72.57],[-55.02,72.79],[-55.03,72.82],[-55.21,72.84],[-55.52,72.78],[-55.99,72.78],[-56.21,72.72],[-56.14,72.67],[-55.87,72.66],[-55.78,72.62],[-55.52,72.57]],[[-51.97,70.98],[-52.11,70.97],[-52.15,70.9],[-52.12,70.87],[-51.61,70.87],[-51.97,70.98]],[[-46.39,60.91],[-46.79,60.78],[-46.79,60.76],[-46.55,60.74],[-46.5,60.69],[-46.38,60.66],[-46.27,60.78],[-46.21,60.94],[-46.39,60.91]],[[-126.12,49.37],[-126.21,49.38],[-126.23,49.3],[-126.06,49.26],[-126.12,49.37]],[[-122.92,48.71],[-123.0,48.65],[-122.99,48.63],[-122.89,48.59],[-122.9,48.66],[-122.84,48.63],[-122.77,48.65],[-122.92,48.71]],[[-123.11,48.61],[-123.17,48.59],[-123.14,48.51],[-122.99,48.47],[-123.11,48.61]],[[-122.5,48.08],[-122.52,48.03],[-122.6,48.2],[-122.7,48.23],[-122.54,48.29],[-122.54,48.32],[-122.63,48.38],[-122.75,48.24],[-122.69,48.17],[-122.62,48.15],[-122.56,47.99],[-122.41,47.92],[-122.37,47.94],[-122.37,47.99],[-122.5,48.08]],[[-124.49,49.67],[-124.14,49.51],[-124.31,49.67],[-124.42,49.73],[-124.55,49.76],[-124.65,49.76],[-124.49,49.67]],[[-123.38,48.88],[-123.38,48.91],[-123.69,49.1],[-123.54,48.95],[-123.38,48.88]],[[-123.47,48.87],[-123.58,48.93],[-123.52,48.75],[-123.48,48.73],[-123.41,48.76],[-123.49,48.85],[-123.47,48.87]],[[-124.98,50.03],[-124.91,50.08],[-124.99,50.22],[-125.03,50.13],[-125.0,50.02],[-124.98,50.03]],[[-126.74,49.84],[-126.83,49.87],[-126.93,49.84],[-126.9,49.78],[-126.95,49.74],[-126.81,49.64],[-126.64,49.61],[-126.65,49.75],[-126.74,49.84]],[[-125.13,50.32],[-125.26,50.42],[-125.3,50.41],[-125.36,50.31],[-125.2,50.04],[-125.18,50.1],[-125.07,50.22],[-125.13,50.32]],[[-118.51,32.96],[-118.56,33.03],[-118.59,33.01],[-118.47,32.84],[-118.35,32.83],[-118.51,32.96]],[[-118.31,29.13],[-118.31,29.18],[-118.37,29.19],[-118.4,29.16],[-118.4,29.11],[-118.29,28.9],[-118.24,28.94],[-118.25,29.04],[-118.31,29.13]],[[-120.25,34.01],[-120.17,33.92],[-120.11,33.9],[-120.04,33.92],[-119.98,33.97],[-120.07,34.03],[-120.25,34.01]],[[-119.68,34.03],[-119.92,34.07],[-119.89,33.99],[-119.81,33.97],[-119.56,34.01],[-119.57,34.05],[-119.68,34.03]],[[-118.47,33.36],[-118.45,33.32],[-118.3,33.31],[-118.39,33.42],[-118.55,33.48],[-118.56,33.44],[-118.51,33.43],[-118.47,33.36]],[[-74.25,39.53],[-74.11,39.75],[-74.25,39.53]],[[-74.19,40.61],[-74.24,40.52],[-74.19,40.52],[-74.08,40.59],[-74.07,40.65],[-74.19,40.61]],[[-64.77,32.31],[-64.85,32.26],[-64.73,32.29],[-64.67,32.38],[-64.77,32.31]],[[-70.67,41.45],[-70.76,41.37],[-70.83,41.36],[-70.79,41.33],[-70.51,41.38],[-70.53,41.41],[-70.62,41.46],[-70.67,41.45]],[[-71.35,41.47],[-71.24,41.49],[-71.23,41.65],[-71.28,41.62],[-71.35,41.47]],[[-70.06,41.33],[-70.23,41.29],[-70.06,41.25],[-69.98,41.27],[-70.04,41.4],[-70.06,41.33]],[[-75.78,35.19],[-75.98,35.12],[-75.78,35.19]],[[-75.23,38.07],[-75.38,37.87],[-75.33,37.89],[-75.2,38.07],[-75.1,38.3],[-75.23,38.07]],[[-75.5,35.77],[-75.48,35.57],[-75.54,35.28],[-75.68,35.21],[-75.54,35.24],[-75.51,35.28],[-75.46,35.56],[-75.5,35.77]],[[-76.44,34.76],[-76.5,34.64],[-76.21,34.94],[-76.44,34.76]],[[-96.52,28.33],[-96.76,28.2],[-96.8,28.15],[-96.41,28.34],[-96.4,28.38],[-96.52,28.33]],[[-97.3,27.52],[-97.38,27.24],[-97.25,27.54],[-97.06,27.82],[-97.13,27.78],[-97.3,27.52]],[[-95.09,29.14],[-94.86,29.25],[-94.77,29.34],[-94.83,29.34],[-95.09,29.14]],[[-97.39,27.2],[-97.4,26.82],[-97.18,26.11],[-97.2,26.3],[-97.35,26.8],[-97.39,27.2]],[[-85.05,29.64],[-85.12,29.63],[-85.01,29.61],[-84.74,29.73],[-85.0,29.63],[-85.05,29.64]],[[-81.46,30.73],[-81.42,30.97],[-81.48,30.9],[-81.46,30.73]],[[-89.18,30.17],[-89.34,30.06],[-89.22,30.04],[-89.18,30.17]],[[-91.8,29.6],[-91.88,29.64],[-92.01,29.61],[-92.0,29.57],[-91.83,29.49],[-91.76,29.54],[-91.75,29.57],[-91.8,29.6]],[[-88.83,29.93],[-88.86,29.78],[-88.81,29.93],[-88.87,30.06],[-88.83,29.93]],[[-77.53,23.94],[-77.56,24.14],[-77.62,24.22],[-77.68,24.12],[-77.76,24.16],[-77.66,24.23],[-77.7,24.29],[-77.88,24.24],[-77.95,24.25],[-78.0,24.22],[-77.85,24.04],[-77.78,23.86],[-77.77,23.75],[-77.57,23.74],[-77.52,23.87],[-77.53,23.94]],[[-77.77,22.08],[-77.92,22.09],[-77.9,22.04],[-77.71,21.92],[-77.67,21.95],[-77.63,22.05],[-77.77,22.08]],[[-78.03,22.29],[-78.15,22.43],[-78.27,22.42],[-78.18,22.32],[-78.05,22.27],[-78.03,22.29]],[[-78.28,22.46],[-78.35,22.54],[-78.7,22.53],[-78.55,22.46],[-78.28,22.46]],[[-77.51,26.85],[-77.33,26.62],[-77.24,26.56],[-77.21,26.49],[-77.25,26.16],[-77.4,26.02],[-77.33,26.0],[-77.25,25.9],[-77.19,25.96],[-77.17,26.24],[-77.04,26.33],[-77.07,26.53],[-77.26,26.64],[-77.27,26.69],[-77.53,26.9],[-77.86,26.94],[-77.94,26.9],[-77.51,26.85]],[[-74.24,22.72],[-74.1,22.67],[-74.03,22.71],[-74.31,22.84],[-74.3,22.76],[-74.27,22.71],[-74.24,22.72]],[[-74.43,24.07],[-74.45,24.13],[-74.53,24.11],[-74.55,23.97],[-74.51,23.96],[-74.43,24.07]],[[-73.66,20.94],[-73.16,20.98],[-73.06,21.12],[-73.01,21.3],[-73.06,21.31],[-73.14,21.2],[-73.24,21.15],[-73.42,21.2],[-73.52,21.19],[-73.59,21.13],[-73.68,21.1],[-73.66,20.94]],[[-73.91,22.57],[-73.94,22.48],[-74.26,22.24],[-74.28,22.18],[-73.97,22.36],[-73.84,22.54],[-73.88,22.68],[-73.85,22.73],[-73.95,22.72],[-73.98,22.64],[-73.91,22.57]],[[-76.34,25.33],[-76.48,25.37],[-76.71,25.56],[-76.78,25.43],[-76.62,25.43],[-76.5,25.34],[-76.37,25.31],[-76.16,25.12],[-76.15,25.03],[-76.2,24.94],[-76.21,24.82],[-76.32,24.82],[-76.17,24.65],[-76.13,25.14],[-76.34,25.33]],[[-75.95,23.65],[-76.01,23.67],[-76.04,23.6],[-75.96,23.59],[-75.78,23.47],[-75.66,23.45],[-75.95,23.65]],[[-75.13,23.27],[-75.14,23.2],[-75.22,23.17],[-74.97,23.07],[-74.85,22.87],[-74.85,23.0],[-74.94,23.09],[-75.06,23.15],[-75.11,23.33],[-75.22,23.55],[-75.32,23.67],[-75.31,23.59],[-75.13,23.27]],[[-75.53,24.45],[-75.65,24.68],[-75.71,24.7],[-75.74,24.65],[-75.66,24.59],[-75.49,24.33],[-75.41,24.27],[-75.41,24.22],[-75.5,24.14],[-75.3,24.15],[-75.31,24.2],[-75.53,24.45]],[[-77.88,22.13],[-77.84,22.15],[-77.89,22.21],[-77.97,22.24],[-78.0,22.3],[-78.04,22.2],[-77.88,22.13]],[[-82.2,26.55],[-82.14,26.45],[-82.07,26.43],[-82.04,26.45],[-82.12,26.46],[-82.2,26.55]],[[-78.37,24.54],[-78.19,24.47],[-78.15,24.49],[-78.14,24.41],[-78.08,24.36],[-78.04,24.29],[-77.88,24.37],[-77.74,24.5],[-77.74,24.71],[-77.84,24.79],[-77.97,25.0],[-77.98,25.08],[-78.16,25.2],[-78.21,25.19],[-78.16,25.02],[-78.18,24.92],[-78.3,24.75],[-78.24,24.65],[-78.32,24.59],[-78.34,24.64],[-78.44,24.63],[-78.37,24.54]],[[-80.26,27.38],[-80.17,27.2],[-80.19,27.28],[-80.44,27.85],[-80.26,27.38]],[[-82.68,21.82],[-82.76,21.91],[-82.99,21.94],[-83.08,21.79],[-82.97,21.59],[-83.05,21.55],[-83.18,21.62],[-83.18,21.59],[-83.07,21.47],[-82.96,21.44],[-82.85,21.44],[-82.65,21.52],[-82.56,21.57],[-82.63,21.77],[-82.68,21.82]],[[-82.09,26.49],[-82.12,26.67],[-82.17,26.7],[-82.09,26.49]],[[-79.38,22.68],[-79.58,22.81],[-79.63,22.81],[-79.52,22.71],[-79.35,22.64],[-79.38,22.68]],[[-78.23,26.64],[-77.93,26.66],[-77.94,26.74],[-78.37,26.7],[-78.49,26.73],[-78.6,26.8],[-78.63,26.66],[-78.71,26.6],[-78.8,26.58],[-78.99,26.69],[-78.74,26.5],[-78.23,26.64]],[[-80.26,25.35],[-80.35,25.3],[-80.35,25.23],[-80.46,25.15],[-80.58,24.95],[-80.38,25.14],[-80.26,25.35]],[[-87.85,18.14],[-87.9,18.15],[-88.0,17.91],[-87.95,17.92],[-87.85,18.14]],[[-87.9,17.43],[-87.93,17.28],[-87.79,17.52],[-87.83,17.55],[-87.9,17.43]],[[-91.82,18.68],[-91.8,18.65],[-91.68,18.68],[-91.54,18.76],[-91.59,18.78],[-91.82,18.68]],[[-81.28,19.36],[-81.34,19.33],[-81.39,19.38],[-81.42,19.37],[-81.4,19.28],[-81.11,19.31],[-81.13,19.35],[-81.28,19.36]],[[-86.93,20.55],[-87.02,20.38],[-86.99,20.27],[-86.76,20.55],[-86.76,20.58],[-86.93,20.55]],[[-62.71,17.35],[-62.79,17.4],[-62.84,17.34],[-62.7,17.29],[-62.66,17.22],[-62.64,17.26],[-62.71,17.35]],[[-60.91,14.09],[-61.0,14.01],[-61.07,13.87],[-61.06,13.78],[-60.95,13.72],[-60.9,13.82],[-60.91,14.09]],[[-60.93,14.69],[-60.93,14.76],[-61.03,14.83],[-61.13,14.88],[-61.21,14.85],[-61.22,14.8],[-61.14,14.65],[-61.01,14.6],[-61.09,14.53],[-61.06,14.47],[-60.9,14.47],[-60.86,14.43],[-60.84,14.44],[-60.83,14.49],[-60.87,14.61],[-60.93,14.69]],[[-60.92,10.84],[-61.37,10.8],[-61.65,10.72],[-61.48,10.6],[-61.5,10.27],[-61.63,10.24],[-61.66,10.19],[-61.91,10.07],[-61.17,10.08],[-61.01,10.13],[-60.97,10.32],[-61.04,10.48],[-61.03,10.67],[-60.92,10.84]],[[-68.37,12.3],[-68.37,12.26],[-68.29,12.17],[-68.25,12.03],[-68.21,12.14],[-68.22,12.23],[-68.37,12.3]],[[-60.71,11.28],[-60.8,11.21],[-60.81,11.17],[-60.76,11.18],[-60.55,11.26],[-60.53,11.33],[-60.71,11.28]],[[-59.59,13.32],[-59.65,13.3],[-59.64,13.15],[-59.61,13.1],[-59.52,13.06],[-59.43,13.15],[-59.59,13.32]],[[-64.01,11.07],[-64.03,11.0],[-64.11,11.01],[-64.21,11.09],[-64.25,11.08],[-64.35,11.05],[-64.4,10.98],[-64.22,10.94],[-64.16,10.96],[-64.05,10.88],[-63.92,10.89],[-63.82,11.0],[-63.85,11.13],[-63.89,11.17],[-64.01,11.07]],[[-63.16,18.17],[-63.0,18.22],[-62.98,18.26],[-63.03,18.27],[-63.16,18.17]],[[-61.66,12.24],[-61.72,12.19],[-61.78,12.01],[-61.63,12.05],[-61.61,12.22],[-61.66,12.24]],[[-61.76,17.55],[-61.75,17.66],[-61.85,17.71],[-61.84,17.6],[-61.76,17.55]],[[-61.86,17.01],[-61.75,17.0],[-61.69,17.1],[-61.82,17.17],[-61.89,17.1],[-61.86,17.01]],[[-61.25,15.37],[-61.28,15.53],[-61.32,15.59],[-61.46,15.63],[-61.48,15.53],[-61.38,15.23],[-61.28,15.25],[-61.25,15.37]],[[-61.17,16.26],[-61.36,16.36],[-61.41,16.47],[-61.47,16.51],[-61.51,16.48],[-61.53,16.43],[-61.5,16.36],[-61.54,16.3],[-61.52,16.23],[-61.17,16.26]],[[-61.64,16.33],[-61.75,16.36],[-61.79,16.3],[-61.76,16.06],[-61.71,15.98],[-61.67,15.96],[-61.56,16.05],[-61.58,16.23],[-61.55,16.27],[-61.64,16.33]],[[-61.13,13.2],[-61.14,13.36],[-61.18,13.36],[-61.27,13.29],[-61.28,13.21],[-61.2,13.14],[-61.13,13.2]],[[-72.98,22.37],[-72.89,22.36],[-72.78,22.29],[-72.75,22.33],[-72.83,22.39],[-73.13,22.46],[-73.16,22.38],[-72.98,22.37]],[[-68.83,12.16],[-69.01,12.23],[-69.08,12.34],[-69.16,12.38],[-69.15,12.3],[-69.0,12.14],[-68.8,12.05],[-68.75,12.06],[-68.83,12.16]],[[-71.72,21.79],[-71.67,21.75],[-71.64,21.79],[-71.67,21.83],[-71.85,21.84],[-71.83,21.79],[-71.72,21.79]],[[-72.19,21.77],[-72.15,21.8],[-72.22,21.8],[-72.33,21.85],[-72.34,21.76],[-72.19,21.77]],[[-161.08,58.67],[-161.13,58.67],[-161.07,58.57],[-160.92,58.58],[-160.72,58.8],[-160.99,58.74],[-161.08,58.67]],[[-153.16,57.09],[-152.91,57.15],[-153.29,57.19],[-153.35,57.13],[-153.37,57.05],[-153.3,57.0],[-153.16,57.09]],[[-151.96,60.5],[-152.0,60.41],[-152.07,60.36],[-151.99,60.37],[-151.89,60.47],[-151.96,60.5]],[[-152.52,58.48],[-152.39,58.54],[-152.37,58.61],[-152.46,58.62],[-152.64,58.54],[-152.52,58.48]],[[-153.24,57.85],[-153.35,57.93],[-153.48,57.97],[-153.52,57.96],[-153.29,57.83],[-153.24,57.85]],[[-155.74,55.83],[-155.72,55.8],[-155.6,55.79],[-155.57,55.82],[-155.57,55.92],[-155.74,55.83]],[[-154.52,56.6],[-154.73,56.5],[-154.77,56.42],[-154.51,56.52],[-154.44,56.57],[-154.52,56.6]],[[-154.22,56.61],[-154.32,56.57],[-154.33,56.54],[-154.26,56.51],[-154.12,56.54],[-154.11,56.6],[-154.22,56.61]],[[-146.37,60.42],[-146.56,60.48],[-146.7,60.4],[-146.6,60.27],[-146.13,60.39],[-146.1,60.41],[-146.12,60.42],[-146.37,60.42]],[[-145.28,60.34],[-145.15,60.31],[-145.1,60.39],[-145.28,60.34]],[[-144.54,59.88],[-144.61,59.81],[-144.57,59.82],[-144.25,59.98],[-144.24,60.02],[-144.35,60.0],[-144.54,59.88]],[[-147.02,60.33],[-147.18,60.36],[-147.34,60.19],[-147.77,59.94],[-147.87,59.83],[-147.85,59.8],[-147.74,59.81],[-147.5,59.89],[-147.32,60.08],[-146.99,60.25],[-146.96,60.29],[-147.02,60.33]],[[-147.91,60.09],[-148.08,60.15],[-148.23,60.11],[-148.27,60.05],[-148.07,60.03],[-147.91,60.09]],[[-147.84,60.35],[-147.89,60.3],[-147.87,60.23],[-147.81,60.23],[-147.82,60.19],[-147.76,60.19],[-147.66,60.35],[-147.69,60.4],[-147.66,60.45],[-147.69,60.49],[-147.76,60.44],[-147.79,60.46],[-147.84,60.35]],[[-147.93,60.83],[-147.96,60.9],[-148.04,60.92],[-148.1,60.92],[-148.12,60.84],[-148.06,60.82],[-147.93,60.83]],[[-132.68,54.73],[-132.62,54.89],[-132.77,54.93],[-132.84,54.88],[-132.98,55.03],[-133.0,55.11],[-133.1,55.21],[-133.3,55.33],[-133.43,55.3],[-133.45,55.26],[-133.42,55.21],[-133.25,55.18],[-133.12,54.97],[-132.89,54.76],[-132.71,54.68],[-132.68,54.73]],[[-133.86,56.58],[-133.77,56.6],[-133.74,56.65],[-133.78,56.73],[-133.83,56.78],[-133.92,56.78],[-134.05,56.9],[-134.14,56.93],[-134.27,56.92],[-134.37,56.84],[-134.38,56.72],[-134.28,56.62],[-134.29,56.58],[-134.08,56.46],[-134.2,56.41],[-134.25,56.2],[-134.19,56.08],[-134.12,56.08],[-134.07,56.13],[-133.99,56.1],[-133.95,56.13],[-133.88,56.29],[-133.86,56.58]],[[-133.63,55.54],[-133.74,55.5],[-133.64,55.41],[-133.65,55.27],[-133.28,55.5],[-133.35,55.56],[-133.45,55.52],[-133.63,55.54]],[[-131.43,55.0],[-131.46,54.93],[-131.41,54.89],[-131.23,54.9],[-131.24,54.95],[-131.4,55.21],[-131.57,55.26],[-131.56,55.14],[-131.6,55.09],[-131.59,55.03],[-131.54,55.05],[-131.43,55.0]],[[-132.91,56.64],[-132.95,56.57],[-132.93,56.52],[-132.88,56.51],[-132.76,56.51],[-132.57,56.58],[-132.66,56.68],[-132.84,56.79],[-132.91,56.64]],[[-132.38,56.5],[-132.6,56.24],[-132.7,56.2],[-132.69,56.13],[-132.66,56.08],[-132.45,56.06],[-132.41,56.03],[-132.42,55.98],[-132.37,55.94],[-132.13,55.94],[-132.07,56.24],[-132.32,56.49],[-132.38,56.5]],[[-132.94,56.44],[-133.02,56.39],[-133.04,56.34],[-132.89,56.26],[-132.78,56.25],[-132.65,56.31],[-132.64,56.44],[-132.94,56.44]],[[-134.31,58.23],[-134.52,58.33],[-134.66,58.29],[-134.46,58.21],[-134.32,58.2],[-134.31,58.23]],[[-129.22,52.8],[-129.26,52.8],[-129.25,52.72],[-128.97,52.46],[-128.94,52.51],[-128.94,52.6],[-129.22,52.8]],[[-130.92,54.61],[-130.95,54.48],[-130.81,54.54],[-130.75,54.6],[-130.92,54.61]],[[-131.11,52.14],[-131.1,52.01],[-131.03,51.96],[-131.01,52.1],[-131.11,52.14]],[[-130.32,54.05],[-130.4,54.09],[-130.49,54.07],[-130.7,53.95],[-130.7,53.89],[-130.64,53.84],[-130.64,53.92],[-130.59,53.94],[-130.47,53.86],[-130.38,53.84],[-130.24,53.96],[-130.32,54.05]],[[-130.04,53.48],[-130.45,53.63],[-130.52,53.54],[-130.15,53.35],[-129.93,53.18],[-129.87,53.16],[-129.75,53.24],[-129.94,53.44],[-130.04,53.48]],[[-127.93,51.61],[-128.0,51.7],[-128.03,51.71],[-128.15,51.63],[-128.09,51.51],[-127.98,51.46],[-127.92,51.47],[-127.93,51.61]],[[-128.3,52.55],[-128.25,52.78],[-128.36,52.78],[-128.44,52.7],[-128.41,52.47],[-128.45,52.39],[-128.34,52.43],[-128.3,52.55]],[[-129.47,53.18],[-129.51,53.18],[-129.48,53.1],[-129.37,53.0],[-129.31,52.99],[-129.47,53.18]],[[-129.17,53.12],[-129.18,53.26],[-129.24,53.33],[-129.31,53.21],[-129.32,53.14],[-129.28,53.11],[-129.17,53.12]],[[-139.29,69.6],[-139.13,69.54],[-139.04,69.58],[-138.88,69.59],[-139.14,69.65],[-139.29,69.6]],[[-61.0,8.87],[-60.86,8.95],[-60.85,9.0],[-60.92,9.07],[-61.07,8.95],[-61.06,8.85],[-61.0,8.87]],[[-80.22,-2.75],[-80.27,-3.0],[-80.15,-3.01],[-80.09,-2.85],[-80.01,-2.82],[-79.91,-2.73],[-80.0,-2.67],[-80.08,-2.67],[-80.22,-2.75]],[[-51.25,-0.54],[-51.42,-0.57],[-51.55,-0.65],[-51.68,-0.86],[-51.68,-1.09],[-51.8,-1.2],[-51.94,-1.45],[-51.64,-1.34],[-51.47,-1.21],[-51.31,-1.02],[-51.28,-1.02],[-51.16,-0.67],[-51.25,-0.54]],[[-60.79,9.18],[-60.74,9.2],[-60.78,9.22],[-60.91,9.18],[-60.94,9.11],[-60.82,9.14],[-60.79,9.18]],[[-44.48,-2.72],[-44.57,-2.78],[-44.6,-3.04],[-44.5,-2.94],[-44.48,-2.72]],[[-38.67,-12.88],[-38.68,-12.97],[-38.79,-13.06],[-38.78,-13.12],[-38.6,-12.99],[-38.61,-12.92],[-38.67,-12.88]],[[-50.13,0.23],[-50.27,0.23],[-50.35,0.13],[-50.34,0.04],[-50.11,0.03],[-50.0,-0.03],[-49.84,0.01],[-49.7,0.22],[-49.74,0.27],[-49.88,0.3],[-50.13,0.23]],[[-50.49,2.13],[-50.51,2.03],[-50.46,1.91],[-50.4,1.89],[-50.3,1.94],[-50.34,2.14],[-50.42,2.16],[-50.49,2.13]],[[-50.65,-0.13],[-50.67,-0.06],[-50.84,-0.05],[-51.0,-0.11],[-51.04,-0.23],[-50.93,-0.33],[-50.65,-0.13]],[[-49.71,-0.14],[-49.44,-0.11],[-49.38,-0.06],[-49.4,0.06],[-49.5,0.08],[-49.71,0.02],[-49.83,-0.09],[-49.71,-0.14]],[[-50.34,0.38],[-50.35,0.58],[-50.42,0.56],[-50.45,0.33],[-50.61,0.2],[-50.62,0.05],[-50.44,-0.01],[-50.43,0.14],[-50.33,0.26],[-50.34,0.38]],[[-50.26,0.36],[-50.15,0.39],[-50.04,0.52],[-50.06,0.64],[-50.25,0.59],[-50.28,0.52],[-50.26,0.36]],[[-90.27,-0.48],[-90.47,-0.52],[-90.53,-0.58],[-90.54,-0.68],[-90.39,-0.77],[-90.26,-0.74],[-90.19,-0.66],[-90.19,-0.54],[-90.27,-0.48]],[[-89.42,-0.72],[-89.61,-0.89],[-89.6,-0.91],[-89.54,-0.95],[-89.42,-0.91],[-89.29,-0.79],[-89.26,-0.73],[-89.29,-0.69],[-89.42,-0.72]],[[-81.71,7.49],[-81.67,7.52],[-81.75,7.62],[-81.81,7.59],[-81.85,7.45],[-81.77,7.37],[-81.6,7.33],[-81.61,7.38],[-81.69,7.42],[-81.71,7.49]],[[-91.4,-0.32],[-91.46,-0.26],[-91.65,-0.28],[-91.65,-0.39],[-91.61,-0.44],[-91.53,-0.48],[-91.43,-0.46],[-91.4,-0.32]],[[-90.96,-0.6],[-90.98,-0.42],[-91.18,-0.22],[-91.21,-0.04],[-91.31,0.09],[-91.36,0.13],[-91.49,0.11],[-91.59,-0.01],[-91.55,-0.05],[-91.47,-0.01],[-91.43,-0.02],[-91.37,-0.29],[-91.25,-0.37],[-91.2,-0.5],[-91.12,-0.56],[-91.14,-0.62],[-91.33,-0.71],[-91.46,-0.8],[-91.5,-0.86],[-91.48,-0.92],[-91.37,-1.02],[-91.13,-1.02],[-90.91,-0.94],[-90.8,-0.75],[-90.96,-0.6]],[[-90.67,-0.19],[-90.78,-0.16],[-90.87,-0.27],[-90.81,-0.33],[-90.62,-0.36],[-90.55,-0.28],[-90.67,-0.19]],[[-109.39,-27.07],[-109.43,-27.17],[-109.22,-27.1],[-109.39,-27.07]],[[-106.52,21.65],[-106.6,21.71],[-106.64,21.7],[-106.61,21.56],[-106.53,21.53],[-106.5,21.61],[-106.52,21.65]],[[-110.7,25.05],[-110.66,24.97],[-110.54,24.89],[-110.6,25.04],[-110.69,25.09],[-110.7,25.05]],[[-109.89,24.34],[-109.88,24.2],[-109.81,24.15],[-109.79,24.18],[-109.89,24.34]],[[-113.2,29.3],[-113.37,29.34],[-113.42,29.49],[-113.51,29.56],[-113.59,29.57],[-113.58,29.41],[-113.26,29.1],[-113.16,29.05],[-113.2,29.3]],[[-115.23,28.37],[-115.27,28.34],[-115.26,28.22],[-115.35,28.1],[-115.18,28.04],[-115.15,28.17],[-115.23,28.37]],[[-111.86,24.54],[-112.01,24.53],[-111.71,24.35],[-111.7,24.39],[-111.86,24.54]],[[-111.09,26.08],[-111.18,26.04],[-111.22,25.84],[-111.14,26.0],[-111.09,25.98],[-111.09,26.08]],[[-112.2,29.01],[-112.29,29.24],[-112.42,29.2],[-112.47,29.17],[-112.53,28.89],[-112.51,28.85],[-112.36,28.77],[-112.28,28.77],[-112.2,29.01]],[[-112.16,24.8],[-112.2,24.89],[-112.13,25.22],[-112.16,25.29],[-112.22,24.95],[-112.3,24.79],[-112.18,24.73],[-112.16,24.65],[-112.08,24.53],[-112.07,24.58],[-112.13,24.65],[-112.16,24.8]],[[125.23,10.12],[125.13,10.16],[125.16,10.06],[125.29,9.93],[125.23,10.12]],[[122.91,7.43],[122.87,7.4],[122.82,7.43],[122.8,7.32],[122.94,7.36],[122.91,7.43]],[[125.78,7.13],[125.71,7.19],[125.68,7.07],[125.77,6.91],[125.78,7.13]],[[125.97,9.76],[125.92,9.62],[125.95,9.57],[125.99,9.68],[125.97,9.76]],[[124.56,11.64],[124.51,11.69],[124.36,11.67],[124.48,11.49],[124.61,11.49],[124.62,11.55],[124.56,11.64]],[[124.79,11.68],[124.73,11.72],[124.74,11.66],[124.84,11.54],[124.85,11.59],[124.79,11.68]],[[127.83,-3.0],[127.94,-3.02],[127.99,-2.94],[127.83,-3.0]],[[123.01,-8.45],[122.93,-8.5],[122.89,-8.59],[122.95,-8.6],[123.03,-8.49],[123.15,-8.48],[123.09,-8.44],[123.01,-8.45]],[[117.55,-8.15],[117.49,-8.18],[117.48,-8.24],[117.49,-8.35],[117.53,-8.37],[117.67,-8.19],[117.67,-8.15],[117.55,-8.15]],[[70.06,66.6],[70.08,66.7],[69.5,66.75],[69.47,66.72],[69.65,66.57],[69.84,66.49],[70.06,66.52],[70.11,66.57],[70.06,66.6]],[[96.85,76.2],[96.97,76.24],[97.05,76.3],[96.99,76.34],[96.84,76.34],[96.74,76.26],[96.74,76.21],[96.85,76.2]],[[100.07,79.7],[99.96,79.69],[99.92,79.6],[100.14,79.61],[100.3,79.67],[100.07,79.7]],[[161.52,69.63],[161.11,69.47],[161.08,69.41],[161.16,69.33],[161.13,69.2],[161.14,69.11],[161.46,69.0],[161.42,68.9],[161.51,68.93],[161.52,68.97],[161.39,69.11],[161.35,69.37],[161.37,69.41],[161.54,69.44],[161.61,69.5],[161.62,69.59],[161.52,69.63]],[[126.39,36.57],[126.32,36.61],[126.34,36.47],[126.4,36.43],[126.42,36.49],[126.39,36.57]],[[113.46,22.9],[113.4,22.9],[113.43,22.86],[113.56,22.76],[113.46,22.9]],[[112.78,21.77],[112.71,21.7],[112.77,21.58],[112.8,21.69],[112.86,21.75],[112.78,21.77]],[[114.0,22.21],[114.04,22.33],[113.84,22.24],[113.88,22.21],[114.0,22.21]],[[8.51,54.76],[8.4,54.71],[8.55,54.69],[8.59,54.71],[8.57,54.75],[8.51,54.76]],[[6.75,53.63],[6.64,53.58],[6.73,53.58],[6.8,53.63],[6.75,53.63]],[[-62.62,66.02],[-62.45,65.95],[-62.38,65.83],[-62.61,65.72],[-62.66,65.64],[-62.97,65.62],[-63.17,65.66],[-63.46,65.85],[-63.41,65.76],[-63.42,65.71],[-63.65,65.67],[-63.34,65.62],[-63.36,65.54],[-63.36,65.23],[-63.4,65.12],[-63.61,64.93],[-63.9,65.11],[-64.06,65.12],[-64.15,65.07],[-64.35,65.17],[-64.27,65.4],[-64.47,65.25],[-64.56,65.12],[-65.11,65.46],[-65.18,65.57],[-65.4,65.76],[-65.38,65.82],[-65.18,65.94],[-64.85,66.02],[-64.67,66.19],[-64.45,66.32],[-64.66,66.29],[-65.0,66.08],[-65.42,65.99],[-65.83,66.0],[-65.89,66.02],[-65.86,66.09],[-65.66,66.2],[-65.86,66.14],[-66.06,66.13],[-66.21,66.21],[-66.48,66.28],[-66.71,66.46],[-66.79,66.56],[-66.99,66.63],[-67.01,66.62],[-66.97,66.55],[-67.08,66.53],[-67.31,66.57],[-67.32,66.52],[-67.19,66.43],[-67.19,66.32],[-67.23,66.31],[-67.37,66.32],[-67.74,66.46],[-67.87,66.49],[-67.88,66.47],[-67.7,66.27],[-67.18,66.03],[-67.35,65.93],[-67.55,65.92],[-67.83,65.97],[-68.46,66.25],[-68.75,66.2],[-68.47,66.17],[-68.22,66.08],[-68.2,66.04],[-68.26,65.99],[-68.26,65.94],[-68.19,65.87],[-68.12,65.83],[-67.87,65.77],[-67.95,65.62],[-67.94,65.56],[-67.57,65.64],[-67.4,65.59],[-67.3,65.48],[-67.12,65.44],[-67.34,65.35],[-67.07,65.24],[-67.0,65.17],[-66.97,65.08],[-66.83,65.07],[-66.7,64.82],[-66.68,64.81],[-66.67,64.97],[-66.64,65.0],[-66.22,64.85],[-66.21,64.83],[-66.3,64.78],[-66.21,64.72],[-66.15,64.73],[-66.03,64.85],[-65.94,64.89],[-65.77,64.85],[-65.51,64.71],[-65.43,64.73],[-65.27,64.63],[-65.53,64.5],[-65.18,64.51],[-65.09,64.48],[-65.07,64.44],[-65.21,64.3],[-65.51,64.32],[-65.59,64.31],[-65.58,64.29],[-65.35,64.23],[-65.15,64.09],[-65.17,64.03],[-64.68,64.03],[-64.69,63.96],[-64.8,63.92],[-64.58,63.9],[-64.41,63.71],[-64.56,63.68],[-64.5,63.46],[-64.51,63.26],[-64.66,63.25],[-64.93,63.6],[-65.19,63.76],[-65.09,63.61],[-65.0,63.33],[-65.07,63.26],[-64.67,62.92],[-64.87,62.88],[-65.13,62.95],[-65.16,62.93],[-65.05,62.7],[-65.05,62.65],[-65.11,62.63],[-65.57,62.87],[-65.74,62.93],[-65.83,62.91],[-66.22,63.11],[-66.25,63.11],[-66.2,63.01],[-66.23,62.99],[-66.41,63.03],[-66.65,63.26],[-66.64,63.08],[-66.7,63.07],[-66.77,63.16],[-66.97,63.26],[-67.02,63.32],[-67.18,63.31],[-67.26,63.34],[-67.89,63.73],[-67.74,63.49],[-67.72,63.42],[-67.76,63.42],[-68.49,63.73],[-68.86,63.75],[-68.91,63.7],[-68.79,63.6],[-68.37,63.35],[-68.14,63.17],[-67.92,63.11],[-67.68,63.09],[-67.66,63.07],[-67.74,63.01],[-67.37,62.91],[-66.98,62.7],[-66.64,62.6],[-66.28,62.3],[-65.98,62.21],[-66.03,62.14],[-66.13,62.1],[-66.06,61.97],[-66.06,61.91],[-66.26,61.87],[-67.44,62.15],[-68.54,62.26],[-69.13,62.42],[-69.6,62.77],[-69.8,62.79],[-70.24,62.76],[-71.11,63.0],[-70.95,63.12],[-71.25,63.04],[-71.5,63.13],[-71.99,63.42],[-71.61,63.44],[-71.46,63.51],[-71.38,63.58],[-71.51,63.59],[-71.73,63.71],[-71.84,63.72],[-72.29,63.73],[-72.17,63.89],[-72.5,63.82],[-72.68,64.02],[-72.91,64.12],[-73.27,64.33],[-73.45,64.4],[-73.27,64.58],[-73.63,64.6],[-73.73,64.57],[-73.91,64.58],[-73.95,64.47],[-74.06,64.42],[-74.1,64.44],[-74.13,64.61],[-74.46,64.64],[-74.63,64.82],[-74.68,64.83],[-74.92,64.79],[-74.92,64.77],[-74.64,64.56],[-74.69,64.5],[-75.07,64.46],[-75.49,64.54],[-75.72,64.52],[-75.77,64.39],[-76.12,64.38],[-76.41,64.3],[-76.56,64.3],[-76.72,64.24],[-76.86,64.24],[-77.79,64.37],[-78.05,64.5],[-78.17,64.62],[-78.19,64.75],[-78.06,64.98],[-77.88,65.07],[-77.36,65.2],[-77.46,65.36],[-77.33,65.45],[-76.48,65.37],[-75.83,65.23],[-75.52,65.06],[-75.5,65.01],[-75.59,64.91],[-75.45,64.84],[-75.36,65.01],[-75.45,65.1],[-75.77,65.26],[-75.8,65.3],[-75.71,65.32],[-75.17,65.28],[-74.98,65.38],[-74.49,65.37],[-74.24,65.48],[-73.99,65.52],[-73.55,65.49],[-73.56,65.54],[-73.75,65.77],[-74.03,65.88],[-74.28,66.01],[-74.4,66.1],[-74.43,66.14],[-74.42,66.17],[-74.37,66.21],[-73.58,66.51],[-73.28,66.67],[-73.03,66.73],[-72.99,66.77],[-72.95,66.88],[-72.79,67.03],[-72.36,67.13],[-72.22,67.25],[-72.35,67.34],[-72.58,67.66],[-72.73,67.81],[-73.06,68.11],[-73.33,68.27],[-73.33,68.31],[-73.28,68.36],[-73.64,68.29],[-73.82,68.36],[-73.88,68.43],[-73.78,68.62],[-73.85,68.7],[-74.12,68.7],[-73.97,68.58],[-73.99,68.55],[-74.27,68.54],[-74.42,68.58],[-74.65,68.71],[-74.7,68.76],[-74.7,68.81],[-74.81,68.8],[-74.91,68.82],[-74.74,68.91],[-74.95,68.96],[-74.72,69.05],[-74.85,69.07],[-75.21,68.91],[-75.52,68.95],[-75.62,68.89],[-76.23,68.73],[-76.4,68.69],[-76.59,68.7],[-76.62,68.72],[-76.62,68.76],[-76.57,68.85],[-76.59,68.97],[-76.56,69.01],[-76.38,69.05],[-76.09,69.03],[-75.86,69.06],[-75.67,69.16],[-75.65,69.21],[-75.75,69.3],[-76.46,69.47],[-76.52,69.52],[-76.52,69.59],[-76.23,69.66],[-76.51,69.68],[-76.74,69.57],[-77.09,69.64],[-77.13,69.65],[-77.11,69.67],[-76.87,69.75],[-76.86,69.78],[-77.02,69.84],[-77.59,69.85],[-77.77,70.24],[-78.28,70.23],[-78.62,70.35],[-78.98,70.58],[-79.07,70.6],[-79.35,70.48],[-79.41,70.4],[-78.93,70.29],[-78.81,70.18],[-78.77,70.1],[-78.78,70.05],[-78.82,70.01],[-79.09,69.93],[-79.52,69.89],[-80.67,70.05],[-81.56,70.11],[-81.65,70.09],[-81.2,69.98],[-80.92,69.85],[-80.84,69.77],[-80.92,69.73],[-81.56,69.94],[-82.29,69.84],[-83.15,70.01],[-83.86,69.96],[-84.52,70.01],[-84.91,70.08],[-85.43,70.11],[-85.78,70.04],[-86.32,70.15],[-86.48,70.29],[-86.5,70.35],[-86.4,70.47],[-86.7,70.39],[-87.12,70.41],[-87.17,70.4],[-87.06,70.33],[-87.62,70.32],[-87.9,70.25],[-88.4,70.44],[-88.85,70.52],[-89.21,70.76],[-89.37,71.0],[-89.46,71.06],[-88.7,71.05],[-87.84,70.94],[-87.18,70.99],[-87.14,71.01],[-87.87,71.21],[-89.08,71.29],[-89.69,71.42],[-89.85,71.49],[-90.03,71.95],[-89.93,72.05],[-89.66,72.16],[-89.82,72.21],[-89.86,72.25],[-89.87,72.37],[-89.82,72.47],[-89.36,72.8],[-89.29,73.02],[-89.23,73.11],[-88.98,73.25],[-88.76,73.31],[-88.71,73.4],[-87.72,73.72],[-86.41,73.85],[-85.11,73.81],[-85.01,73.78],[-84.95,73.72],[-85.2,73.6],[-85.68,73.46],[-86.0,73.31],[-86.63,72.87],[-86.67,72.76],[-86.59,72.66],[-86.32,72.46],[-86.34,72.12],[-86.22,71.9],[-86.04,71.77],[-85.08,71.4],[-85.02,71.35],[-85.41,71.23],[-85.95,71.16],[-86.47,71.04],[-86.59,71.01],[-86.55,70.99],[-85.64,71.15],[-85.0,71.14],[-85.07,71.08],[-85.05,71.06],[-84.87,71.0],[-84.79,71.09],[-84.67,71.44],[-84.66,71.59],[-84.7,71.63],[-85.34,71.7],[-85.6,71.87],[-85.91,71.99],[-85.55,72.1],[-85.41,72.21],[-85.32,72.23],[-85.02,72.22],[-84.28,72.04],[-84.35,72.09],[-84.64,72.19],[-84.84,72.31],[-84.62,72.38],[-84.85,72.41],[-85.16,72.38],[-85.34,72.42],[-85.62,72.6],[-85.65,72.72],[-85.62,72.82],[-85.39,72.95],[-84.99,72.92],[-84.26,72.8],[-84.27,72.84],[-85.38,73.05],[-85.45,73.11],[-85.02,73.34],[-84.62,73.39],[-84.42,73.46],[-84.09,73.46],[-83.78,73.42],[-83.91,73.51],[-83.9,73.53],[-82.84,73.72],[-82.2,73.74],[-81.61,73.7],[-81.34,73.6],[-81.24,73.48],[-81.15,73.31],[-81.03,73.25],[-80.82,73.21],[-80.6,73.12],[-80.58,73.06],[-80.62,73.0],[-80.59,72.93],[-80.43,72.82],[-80.28,72.77],[-80.27,72.75],[-81.23,72.31],[-81.24,72.28],[-80.76,72.46],[-80.61,72.45],[-80.6,72.43],[-80.7,72.34],[-80.94,72.21],[-80.69,72.1],[-80.92,72.07],[-80.95,71.92],[-80.93,71.91],[-80.8,71.93],[-80.39,72.15],[-80.18,72.21],[-79.88,72.18],[-80.11,72.33],[-80.04,72.39],[-79.83,72.45],[-79.58,72.31],[-79.43,72.34],[-79.32,72.39],[-79.0,72.27],[-79.01,72.04],[-78.78,71.93],[-78.59,71.88],[-78.86,72.1],[-78.82,72.27],[-78.7,72.35],[-78.43,72.28],[-78.12,72.28],[-77.73,72.18],[-77.52,72.18],[-77.54,72.22],[-78.29,72.36],[-78.48,72.47],[-78.46,72.54],[-78.35,72.6],[-77.75,72.72],[-76.89,72.72],[-76.19,72.57],[-75.7,72.57],[-75.19,72.43],[-75.04,72.27],[-75.05,72.23],[-75.39,72.04],[-75.54,72.01],[-75.92,71.72],[-75.82,71.75],[-75.6,71.92],[-75.43,71.98],[-74.9,72.1],[-74.38,72.07],[-74.27,72.04],[-74.21,71.98],[-74.21,71.94],[-74.32,71.84],[-74.89,71.73],[-75.2,71.71],[-74.96,71.67],[-74.7,71.68],[-74.83,71.57],[-74.87,71.5],[-74.84,71.41],[-75.04,71.23],[-75.0,71.22],[-74.76,71.34],[-74.6,71.58],[-74.49,71.65],[-74.14,71.68],[-73.99,71.75],[-73.81,71.77],[-73.71,71.75],[-73.71,71.72],[-74.2,71.4],[-74.06,71.43],[-73.71,71.59],[-73.48,71.48],[-73.4,71.37],[-73.18,71.28],[-73.19,71.35],[-73.31,71.48],[-73.28,71.54],[-72.9,71.68],[-72.58,71.61],[-72.12,71.59],[-71.64,71.52],[-71.26,71.36],[-71.19,71.28],[-71.22,71.24],[-71.5,71.11],[-71.94,71.09],[-72.63,70.83],[-72.31,70.83],[-72.01,71.01],[-71.74,71.05],[-71.37,70.98],[-71.19,70.98],[-70.83,71.11],[-70.67,71.05],[-70.64,71.01],[-70.64,70.9],[-70.76,70.79],[-71.02,70.67],[-71.59,70.57],[-71.89,70.43],[-71.73,70.4],[-71.56,70.51],[-71.43,70.55],[-71.28,70.5],[-71.28,70.43],[-71.43,70.13],[-71.31,70.21],[-70.98,70.58],[-70.56,70.74],[-70.08,70.83],[-69.95,70.85],[-69.8,70.83],[-69.7,70.79],[-69.29,70.78],[-68.45,70.59],[-68.36,70.52],[-68.36,70.48],[-68.48,70.41],[-68.84,70.31],[-69.44,70.25],[-70.06,70.07],[-70.06,70.04],[-69.8,70.05],[-69.63,70.13],[-69.48,70.16],[-68.78,70.2],[-68.72,70.15],[-69.01,69.98],[-68.74,69.94],[-68.49,70.06],[-68.23,70.11],[-68.21,70.13],[-68.33,70.18],[-68.12,70.31],[-67.86,70.28],[-67.32,70.0],[-67.17,69.8],[-67.22,69.73],[-68.02,69.77],[-68.37,69.64],[-68.84,69.62],[-69.23,69.55],[-69.25,69.51],[-68.51,69.58],[-67.91,69.46],[-67.24,69.46],[-66.72,69.31],[-66.68,69.26],[-66.68,69.19],[-66.8,69.15],[-67.33,69.18],[-67.48,69.17],[-67.94,69.25],[-68.2,69.2],[-68.41,69.23],[-69.04,69.1],[-68.99,69.08],[-68.42,69.17],[-67.83,69.07],[-67.75,69.04],[-67.75,68.93],[-67.88,68.78],[-68.32,68.84],[-68.73,68.81],[-69.34,68.87],[-68.87,68.76],[-68.21,68.7],[-68.15,68.68],[-68.15,68.62],[-67.94,68.52],[-67.66,68.55],[-67.2,68.47],[-66.74,68.46],[-66.71,68.45],[-66.76,68.42],[-67.0,68.37],[-67.03,68.33],[-66.83,68.22],[-66.92,68.07],[-66.73,68.13],[-66.7,68.12],[-66.68,68.03],[-66.66,68.03],[-66.61,68.11],[-66.63,68.21],[-66.53,68.25],[-66.21,68.28],[-66.27,68.04],[-66.41,67.9],[-66.53,67.86],[-66.44,67.83],[-66.34,67.85],[-66.23,67.96],[-65.94,68.07],[-65.97,67.96],[-65.86,67.92],[-65.7,67.99],[-65.51,67.97],[-65.49,67.94],[-65.55,67.8],[-65.54,67.77],[-65.4,67.67],[-65.44,67.83],[-65.42,67.88],[-65.06,68.03],[-64.92,68.03],[-64.84,67.99],[-65.03,67.89],[-65.07,67.82],[-65.02,67.79],[-64.83,67.78],[-64.64,67.84],[-64.53,67.81],[-64.16,67.62],[-64.02,67.65],[-63.85,67.57],[-64.08,67.5],[-64.01,67.35],[-64.7,67.35],[-64.38,67.3],[-64.36,67.26],[-63.84,67.26],[-63.82,67.32],[-63.59,67.38],[-63.32,67.34],[-63.04,67.24],[-63.16,67.17],[-63.26,67.02],[-63.7,66.82],[-62.96,66.95],[-62.77,66.93],[-62.71,66.95],[-62.38,66.91],[-62.12,67.05],[-61.97,67.02],[-61.35,66.69],[-61.3,66.65],[-61.31,66.61],[-61.53,66.56],[-61.9,66.68],[-62.12,66.64],[-61.65,66.5],[-61.57,66.37],[-61.96,66.31],[-62.37,66.41],[-62.55,66.41],[-62.41,66.32],[-62.53,66.23],[-62.24,66.15],[-61.99,66.04],[-62.24,66.01],[-62.62,66.02]],[[-68.72,81.26],[-68.69,81.29],[-66.91,81.49],[-66.63,81.62],[-65.7,81.65],[-65.23,81.74],[-64.44,81.74],[-62.18,82.04],[-61.27,82.28],[-61.21,82.34],[-61.48,82.47],[-61.7,82.49],[-62.48,82.52],[-63.25,82.45],[-63.09,82.53],[-63.09,82.57],[-63.64,82.71],[-63.47,82.77],[-63.5,82.79],[-63.98,82.83],[-64.5,82.78],[-64.9,82.9],[-65.11,82.89],[-65.3,82.8],[-65.73,82.84],[-67.4,82.67],[-68.47,82.65],[-66.84,82.82],[-66.42,82.93],[-68.11,82.96],[-68.41,83.01],[-69.49,83.02],[-69.97,83.12],[-70.87,83.1],[-71.42,83.02],[-70.94,82.9],[-71.98,83.1],[-72.81,83.08],[-73.33,83.0],[-73.44,82.95],[-73.44,82.9],[-72.66,82.72],[-73.27,82.77],[-73.7,82.85],[-74.2,82.99],[-74.41,83.01],[-75.74,83.05],[-77.12,83.01],[-76.91,82.92],[-75.64,82.64],[-75.57,82.61],[-76.01,82.54],[-76.15,82.55],[-76.42,82.67],[-77.62,82.9],[-78.52,82.89],[-79.89,82.94],[-80.15,82.91],[-79.83,82.82],[-78.75,82.68],[-80.08,82.71],[-81.01,82.78],[-81.18,82.74],[-80.81,82.59],[-80.86,82.57],[-81.58,82.64],[-82.12,82.63],[-82.12,82.6],[-81.68,82.52],[-82.27,82.46],[-82.45,82.43],[-82.45,82.4],[-82.0,82.28],[-81.47,82.19],[-80.13,82.03],[-79.63,81.93],[-79.42,81.85],[-79.47,81.85],[-80.15,81.98],[-82.54,82.25],[-82.64,82.25],[-82.75,82.2],[-82.33,82.09],[-82.36,82.07],[-82.63,82.08],[-83.01,82.14],[-83.59,82.33],[-84.37,82.37],[-84.9,82.45],[-85.28,82.41],[-85.79,82.29],[-86.62,82.22],[-86.58,82.19],[-85.31,82.04],[-85.04,81.98],[-85.65,81.95],[-86.16,82.03],[-86.63,82.05],[-86.83,82.03],[-87.0,81.99],[-87.02,81.96],[-87.4,82.05],[-88.06,82.1],[-88.57,82.06],[-89.38,81.92],[-90.49,81.88],[-90.94,81.83],[-91.42,81.74],[-91.65,81.68],[-91.68,81.64],[-91.29,81.57],[-90.63,81.66],[-89.82,81.63],[-90.55,81.46],[-90.61,81.43],[-90.3,81.4],[-88.98,81.54],[-88.48,81.56],[-87.6,81.53],[-88.62,81.5],[-89.67,81.33],[-89.21,81.25],[-89.95,81.17],[-89.98,81.12],[-89.62,81.03],[-87.28,81.08],[-86.62,81.12],[-85.4,81.29],[-84.94,81.29],[-85.81,81.12],[-86.48,81.04],[-87.39,80.99],[-88.41,81.0],[-89.17,80.94],[-89.26,80.91],[-89.06,80.83],[-87.71,80.66],[-87.33,80.67],[-86.23,80.95],[-85.78,81.04],[-83.29,81.15],[-83.35,81.1],[-85.25,80.99],[-85.64,80.92],[-86.44,80.73],[-86.6,80.66],[-86.62,80.63],[-86.53,80.6],[-86.25,80.57],[-85.73,80.58],[-85.15,80.52],[-84.22,80.54],[-83.4,80.71],[-82.22,80.77],[-82.88,80.58],[-82.37,80.56],[-81.01,80.65],[-80.13,80.76],[-79.76,80.84],[-79.55,80.91],[-79.4,81.04],[-79.2,81.12],[-78.73,81.15],[-77.97,81.33],[-76.89,81.43],[-78.29,81.17],[-78.63,81.04],[-78.72,80.95],[-78.55,80.92],[-77.12,80.9],[-76.86,80.86],[-78.39,80.78],[-79.63,80.65],[-80.05,80.53],[-80.98,80.45],[-82.54,80.38],[-82.99,80.32],[-82.96,80.28],[-82.68,80.17],[-81.01,79.69],[-80.12,79.67],[-80.48,79.61],[-81.04,79.61],[-81.69,79.69],[-82.68,79.99],[-83.72,80.23],[-84.06,80.26],[-86.31,80.32],[-86.5,80.26],[-86.61,80.12],[-86.49,80.02],[-86.42,79.85],[-86.03,79.72],[-85.27,79.66],[-84.2,79.23],[-83.58,79.05],[-84.38,79.12],[-84.57,79.07],[-84.41,79.0],[-84.15,78.96],[-82.44,78.9],[-81.75,78.98],[-82.15,78.86],[-82.99,78.84],[-83.27,78.77],[-85.0,78.91],[-86.81,78.77],[-86.95,78.66],[-87.49,78.42],[-87.49,78.28],[-87.55,78.18],[-87.34,78.13],[-86.91,78.13],[-86.43,78.2],[-85.92,78.34],[-86.06,78.19],[-86.22,78.08],[-85.59,78.11],[-85.42,78.14],[-85.02,78.31],[-84.78,78.53],[-84.91,78.24],[-84.55,78.25],[-84.22,78.18],[-84.62,78.2],[-85.55,77.93],[-85.29,77.76],[-85.29,77.56],[-84.86,77.5],[-84.49,77.56],[-84.17,77.52],[-83.78,77.53],[-83.43,77.62],[-82.7,77.96],[-82.6,77.99],[-82.66,77.89],[-82.9,77.73],[-83.61,77.44],[-83.97,77.39],[-84.74,77.36],[-85.59,77.46],[-86.17,77.75],[-86.39,77.81],[-87.02,77.89],[-87.76,77.84],[-88.02,77.78],[-88.09,77.72],[-87.94,77.6],[-87.59,77.39],[-87.43,77.35],[-87.18,77.33],[-86.81,77.18],[-87.36,77.14],[-88.4,77.1],[-89.5,76.83],[-89.57,76.49],[-88.55,76.42],[-88.61,76.65],[-88.5,76.77],[-88.48,76.58],[-88.4,76.41],[-87.5,76.39],[-87.49,76.59],[-87.35,76.45],[-86.68,76.38],[-86.56,76.52],[-86.45,76.58],[-86.3,76.49],[-86.12,76.43],[-85.68,76.35],[-85.14,76.3],[-84.28,76.36],[-84.22,76.68],[-83.99,76.5],[-83.89,76.45],[-82.23,76.47],[-82.21,76.51],[-82.26,76.57],[-82.53,76.72],[-82.31,76.66],[-82.03,76.63],[-81.72,76.49],[-81.17,76.51],[-80.97,76.47],[-80.83,76.41],[-80.83,76.37],[-81.0,76.21],[-80.96,76.18],[-80.8,76.17],[-79.51,76.31],[-78.28,76.57],[-78.12,76.64],[-77.98,76.75],[-78.0,76.85],[-78.29,76.98],[-78.46,76.97],[-78.79,76.88],[-79.22,76.94],[-79.32,76.98],[-79.27,77.03],[-79.28,77.09],[-79.34,77.16],[-79.5,77.2],[-79.92,77.19],[-80.22,77.15],[-80.67,77.24],[-81.12,77.27],[-81.53,77.21],[-81.84,77.21],[-82.06,77.3],[-81.52,77.31],[-81.28,77.37],[-81.5,77.43],[-81.66,77.53],[-80.57,77.31],[-79.91,77.3],[-78.49,77.37],[-78.28,77.41],[-78.08,77.52],[-78.05,77.62],[-78.08,77.85],[-78.01,77.95],[-76.97,77.93],[-76.36,77.99],[-75.97,77.99],[-75.87,78.01],[-75.55,78.22],[-75.19,78.33],[-75.49,78.4],[-76.42,78.51],[-74.88,78.54],[-74.55,78.62],[-74.54,78.66],[-74.43,78.72],[-75.1,78.86],[-75.8,78.89],[-75.95,78.96],[-76.26,79.01],[-76.82,79.02],[-77.88,78.94],[-78.58,79.08],[-77.4,79.06],[-75.91,79.12],[-75.23,79.04],[-74.53,79.05],[-74.48,79.23],[-75.09,79.2],[-75.6,79.24],[-76.12,79.33],[-76.3,79.41],[-76.9,79.51],[-75.5,79.41],[-73.36,79.5],[-73.2,79.6],[-73.23,79.64],[-73.47,79.76],[-74.54,79.82],[-74.66,79.84],[-74.39,79.87],[-73.45,79.83],[-72.44,79.69],[-71.96,79.7],[-71.39,79.76],[-71.11,79.85],[-71.11,79.88],[-71.36,79.91],[-70.76,80.0],[-70.56,80.07],[-70.57,80.09],[-70.88,80.12],[-71.62,80.07],[-71.95,80.09],[-72.06,80.12],[-70.26,80.23],[-70.21,80.28],[-70.71,80.54],[-70.14,80.4],[-69.73,80.37],[-69.55,80.38],[-68.63,80.68],[-66.73,81.04],[-66.31,81.15],[-65.48,81.28],[-64.83,81.44],[-64.78,81.49],[-65.74,81.49],[-68.32,81.26],[-68.72,81.26]],[[-120.68,69.57],[-120.96,69.66],[-121.53,69.78],[-122.07,69.82],[-122.96,69.82],[-123.08,69.78],[-123.21,69.54],[-123.36,69.5],[-123.53,69.39],[-124.34,69.36],[-124.43,69.38],[-124.48,69.43],[-124.14,69.65],[-124.12,69.69],[-124.41,69.77],[-124.47,69.92],[-124.44,70.11],[-124.56,70.15],[-124.99,70.03],[-124.77,69.99],[-125.08,69.82],[-125.2,69.83],[-125.22,69.73],[-125.35,69.66],[-125.36,69.63],[-125.17,69.48],[-125.17,69.43],[-125.39,69.35],[-125.52,69.35],[-125.91,69.42],[-126.25,69.55],[-126.68,69.78],[-126.93,70.06],[-127.23,70.3],[-127.75,70.52],[-127.99,70.57],[-128.13,70.52],[-128.17,70.48],[-128.17,70.42],[-127.99,70.36],[-128.04,70.33],[-127.97,70.29],[-127.68,70.26],[-128.28,70.11],[-128.39,69.96],[-128.85,69.75],[-129.05,69.7],[-129.1,69.72],[-129.16,69.8],[-129.14,69.83],[-128.94,69.88],[-128.9,69.97],[-129.11,69.88],[-130.12,69.72],[-130.35,69.66],[-130.52,69.57],[-130.88,69.32],[-130.97,69.21],[-130.99,69.36],[-131.01,69.43],[-131.06,69.45],[-131.16,69.45],[-131.32,69.36],[-131.3,69.42],[-131.34,69.44],[-131.56,69.46],[-131.79,69.43],[-131.82,69.4],[-131.79,69.37],[-131.92,69.29],[-132.72,69.08],[-132.77,69.01],[-132.74,68.92],[-132.53,68.88],[-132.71,68.81],[-133.3,68.85],[-133.34,68.84],[-133.32,68.82],[-133.14,68.75],[-133.2,68.74],[-133.35,68.77],[-133.42,68.84],[-132.82,69.21],[-132.69,69.26],[-132.33,69.31],[-131.94,69.53],[-130.83,69.65],[-129.65,70.0],[-129.54,70.07],[-129.54,70.11],[-129.68,70.19],[-129.94,70.09],[-130.17,70.09],[-130.5,70.14],[-130.67,70.13],[-130.93,70.05],[-131.14,69.91],[-131.44,69.92],[-132.16,69.7],[-132.33,69.75],[-132.49,69.74],[-132.57,69.7],[-132.4,69.66],[-132.92,69.63],[-133.03,69.51],[-133.16,69.43],[-133.69,69.37],[-134.17,69.25],[-133.88,69.51],[-134.08,69.56],[-134.24,69.67],[-134.41,69.68],[-134.45,69.67],[-134.5,69.57],[-134.46,69.48],[-135.14,69.47],[-135.23,69.43],[-135.25,69.32],[-135.29,69.31],[-135.5,69.34],[-135.61,69.29],[-135.69,69.31],[-135.91,69.11],[-135.58,69.03],[-135.92,68.99],[-135.94,68.97],[-135.89,68.93],[-135.43,68.84],[-135.23,68.69],[-135.26,68.68],[-136.12,68.88],[-136.44,68.9]],[[-136.44,68.9],[-136.72,68.89],[-137.26,68.96],[-137.87,69.09],[-138.69,69.32],[-139.18,69.52],[-139.98,69.62],[-140.41,69.6],[-141.08,69.66],[-141.41,69.65],[-141.7,69.77],[-142.3,69.87],[-142.71,70.03],[-143.22,70.12],[-144.42,70.04],[-144.62,69.98],[-145.2,70.01],[-145.82,70.16],[-146.74,70.19],[-147.06,70.17],[-147.71,70.22],[-147.87,70.3],[-148.14,70.36],[-148.48,70.32],[-148.69,70.42],[-149.27,70.5],[-149.87,70.51],[-150.27,70.43],[-150.66,70.51],[-151.22,70.42],[-151.94,70.45],[-151.77,70.56],[-152.17,70.56],[-152.25,70.57],[-152.27,70.61],[-152.47,70.65],[-152.44,70.73],[-152.23,70.81],[-152.3,70.85],[-153.23,70.93],[-153.5,70.89],[-153.92,70.88],[-154.2,70.8],[-154.79,70.89],[-154.67,70.99],[-154.94,71.08],[-155.17,71.1],[-155.58,70.89],[-155.87,70.83],[-155.97,70.84],[-156.04,70.9],[-156.15,70.93],[-155.8,71.0],[-155.63,71.06],[-155.58,71.12],[-155.65,71.18],[-156.47,71.29],[-156.57,71.34],[-156.4,71.4],[-156.47,71.41],[-156.78,71.32],[-157.32,71.04],[-157.91,70.86],[-158.48,70.84],[-158.62,70.8],[-159.0,70.8],[-159.25,70.75],[-159.34,70.78],[-159.18,70.83],[-159.19,70.86],[-159.31,70.88],[-159.68,70.79],[-160.08,70.63],[-159.96,70.63],[-159.75,70.53],[-159.39,70.52],[-159.68,70.48],[-159.81,70.5],[-159.87,70.28],[-159.91,70.33],[-160.1,70.33],[-160.01,70.45],[-160.11,70.47],[-159.96,70.57],[-160.12,70.59],[-160.63,70.45],[-161.0,70.3],[-162.07,70.16],[-161.76,70.26],[-161.88,70.33],[-162.95,69.76],[-163.09,69.61],[-163.16,69.39],[-163.21,69.39],[-163.54,69.17],[-164.15,68.96],[-165.04,68.88],[-166.21,68.89],[-166.18,68.8],[-166.38,68.43],[-166.57,68.36],[-166.65,68.37],[-166.55,68.42],[-166.79,68.36],[-166.24,68.28],[-165.96,68.16],[-165.39,68.05],[-164.13,67.61],[-163.94,67.48],[-163.72,67.2],[-163.53,67.1],[-163.0,67.03],[-162.58,67.02],[-162.41,67.1],[-162.39,67.02],[-161.97,67.05],[-161.72,67.02],[-161.62,66.98],[-161.88,66.8],[-161.86,66.7],[-161.57,66.59],[-161.4,66.55],[-161.05,66.65],[-160.86,66.67],[-160.64,66.6],[-160.36,66.61],[-160.26,66.57],[-160.23,66.51],[-160.23,66.42],[-160.65,66.37],[-160.78,66.38],[-161.16,66.5],[-161.59,66.46],[-161.91,66.56],[-162.05,66.67],[-162.02,66.78],[-162.13,66.8],[-162.25,66.92],[-162.36,66.95],[-162.61,66.89],[-162.54,66.81],[-162.47,66.74],[-162.32,66.73],[-162.19,66.69],[-161.89,66.49],[-161.92,66.41],[-161.83,66.37],[-161.54,66.41],[-161.12,66.33],[-161.07,66.29],[-161.03,66.19],[-161.11,66.24],[-161.2,66.22],[-161.46,66.28],[-161.56,66.25],[-161.82,66.05],[-161.93,66.04],[-162.21,66.07],[-162.59,66.05],[-162.89,66.1],[-163.7,66.08],[-164.03,66.22],[-163.89,66.29],[-163.9,66.38],[-163.78,66.53],[-163.89,66.58],[-163.64,66.57],[-163.73,66.62],[-164.46,66.59],[-165.06,66.44],[-165.45,66.41],[-165.78,66.32],[-165.84,66.25],[-165.56,66.17],[-165.63,66.13],[-166.01,66.12],[-166.21,66.17],[-166.4,66.14],[-166.75,66.05],[-167.07,65.88],[-167.41,65.86],[-167.58,65.76],[-167.91,65.68],[-167.93,65.75],[-168.09,65.66],[-167.99,65.57],[-167.4,65.42],[-166.16,65.29],[-166.12,65.26],[-166.45,65.25],[-166.53,65.15],[-166.76,65.13],[-166.93,65.16],[-166.55,64.95],[-166.42,64.93],[-166.41,64.83],[-166.48,64.8],[-166.48,64.73],[-166.33,64.63],[-166.14,64.58],[-164.98,64.45],[-164.76,64.53],[-164.69,64.51],[-164.3,64.58],[-163.71,64.59],[-163.49,64.55],[-163.14,64.42],[-163.05,64.52],[-163.17,64.53],[-163.3,64.61],[-163.2,64.65],[-162.88,64.52],[-162.81,64.37],[-162.71,64.38],[-162.64,64.45],[-162.33,64.61],[-161.87,64.74],[-161.76,64.82],[-161.47,64.79],[-161.13,64.93],[-160.86,64.76],[-160.84,64.68],[-160.93,64.58],[-161.19,64.52],[-161.41,64.53],[-161.49,64.43],[-161.39,64.44],[-161.22,64.4],[-160.99,64.25],[-160.9,64.03],[-160.78,63.82],[-160.83,63.73],[-161.1,63.56],[-161.27,63.5],[-161.51,63.47],[-161.97,63.45],[-162.06,63.47],[-162.11,63.53],[-162.28,63.53],[-162.62,63.27],[-162.81,63.21],[-162.95,63.11],[-163.29,63.05],[-163.5,63.11],[-163.74,63.02],[-163.62,63.13],[-163.74,63.19],[-163.94,63.25],[-164.11,63.26],[-164.41,63.22],[-164.53,63.13],[-164.38,63.05],[-164.38,63.03],[-164.68,63.02],[-164.8,62.92],[-164.85,62.8],[-164.79,62.62],[-164.59,62.71],[-164.69,62.61],[-164.84,62.58],[-164.76,62.5],[-165.0,62.53],[-165.19,62.47],[-165.71,62.1],[-165.74,62.01],[-165.73,61.96],[-165.61,61.87],[-166.08,61.8],[-166.02,61.75],[-165.81,61.7],[-166.17,61.65],[-166.15,61.55],[-166.09,61.51],[-165.96,61.55],[-165.85,61.54],[-165.8,61.49],[-165.91,61.4],[-165.86,61.34],[-165.69,61.3],[-165.57,61.1],[-165.38,61.11],[-165.39,61.21],[-165.33,61.27],[-165.27,61.27],[-165.24,61.27],[-165.34,61.2],[-165.28,61.17],[-165.2,61.15],[-165.13,61.19],[-165.14,61.13],[-165.08,61.09],[-164.87,61.11],[-165.18,60.97],[-165.11,60.93],[-164.75,60.93],[-164.44,60.87],[-163.99,60.86],[-163.75,60.97],[-163.59,60.9],[-163.91,60.85],[-163.62,60.82],[-163.42,60.76],[-163.53,60.66],[-163.73,60.59],[-163.89,60.75],[-164.0,60.77],[-164.37,60.59],[-164.27,60.72],[-164.32,60.77],[-164.81,60.89],[-164.9,60.87],[-165.02,60.74],[-165.35,60.54],[-165.03,60.5],[-165.06,60.41],[-164.8,60.31],[-164.66,60.3],[-164.47,60.15],[-164.13,59.99],[-164.14,59.9],[-163.91,59.81],[-163.68,59.8],[-163.22,59.85],[-162.88,59.92],[-162.73,59.99],[-162.57,59.99],[-162.5,60.13],[-162.53,60.2],[-162.55,60.23],[-162.68,60.27],[-162.47,60.39],[-162.14,60.69],[-161.96,60.7],[-162.14,60.61],[-162.42,60.28],[-162.24,60.18],[-162.14,59.98],[-161.83,59.59],[-161.87,59.43],[-162.02,59.28],[-161.98,59.15],[-161.89,59.08],[-161.79,59.11],[-161.64,59.11],[-161.79,59.02],[-161.78,58.9],[-161.72,58.79],[-161.86,58.72],[-162.14,58.64],[-161.76,58.61],[-161.36,58.67],[-161.33,58.74],[-161.25,58.8],[-160.82,58.87],[-160.36,59.05],[-160.15,58.91],[-159.92,58.82],[-159.67,58.91],[-159.45,58.79],[-159.08,58.47],[-158.95,58.4],[-158.79,58.44],[-158.77,58.52],[-158.86,58.72],[-158.78,58.9],[-158.81,58.97],[-158.68,58.93],[-158.51,59.07],[-158.42,59.09],[-158.08,58.98],[-158.43,59.0],[-158.5,58.85],[-158.3,58.64],[-158.19,58.61],[-157.14,58.88],[-156.96,58.99],[-156.81,59.13],[-157.04,58.77],[-156.97,58.74],[-157.23,58.64],[-157.46,58.5],[-157.52,58.42],[-157.49,58.25],[-157.19,58.19],[-157.56,58.14],[-157.61,58.05],[-157.62,57.9],[-157.7,57.68],[-157.57,57.54],[-157.46,57.51],[-157.54,57.48],[-157.74,57.55],[-157.85,57.53],[-158.13,57.37],[-158.32,57.3],[-158.66,57.04],[-158.68,56.79],[-158.89,56.82],[-158.92,56.88],[-159.28,56.69],[-159.79,56.56],[-160.3,56.31],[-160.54,56.01],[-160.48,55.94],[-160.31,55.86],[-160.27,55.83],[-160.29,55.81],[-160.44,55.82],[-160.53,55.86],[-160.71,55.87],[-160.76,55.85],[-160.75,55.77],[-160.8,55.75],[-161.01,55.89],[-161.01,55.91],[-160.9,55.94],[-160.88,55.97],[-160.9,55.99],[-161.19,55.95],[-161.22,55.98],[-161.18,56.01],[-161.22,56.02],[-161.7,55.91],[-162.16,55.72],[-162.91,55.2],[-163.11,55.19],[-163.28,55.12],[-163.34,54.84],[-163.13,54.92],[-163.1,54.97],[-163.12,55.06],[-163.0,55.05],[-162.87,54.95],[-162.67,55.0],[-162.62,55.04],[-162.63,55.25],[-162.54,55.24],[-162.5,55.21],[-162.41,55.11],[-162.46,55.08],[-162.39,55.05],[-162.27,55.07],[-162.17,55.14],[-162.07,55.14],[-161.74,55.39],[-161.65,55.56],[-161.52,55.62],[-161.36,55.61],[-161.2,55.54],[-161.41,55.54],[-161.48,55.46],[-161.46,55.38],[-161.18,55.39],[-160.9,55.51],[-160.77,55.48],[-160.63,55.55],[-160.5,55.54],[-160.37,55.64],[-159.77,55.84],[-159.68,55.82],[-159.66,55.63],[-159.57,55.7],[-159.52,55.81],[-158.79,55.99],[-158.7,56.04],[-158.59,56.18],[-158.54,56.17],[-158.52,56.07],[-158.48,56.08],[-158.28,56.2],[-158.39,56.3],[-158.55,56.31],[-158.41,56.44],[-157.93,56.52],[-158.08,56.55],[-158.03,56.59],[-157.87,56.65],[-157.58,56.63],[-157.44,56.79],[-157.14,56.83],[-156.78,57.01],[-156.63,57.01],[-156.59,57.07],[-156.48,57.11],[-156.4,57.2],[-156.4,57.24],[-156.48,57.33],[-156.44,57.36],[-156.24,57.45],[-156.06,57.45],[-156.04,57.53],[-156.0,57.54],[-155.78,57.57],[-155.6,57.7],[-155.59,57.73],[-155.15,57.88],[-155.01,58.02],[-154.58,58.06],[-154.57,58.12],[-154.25,58.16],[-154.21,58.29],[-154.29,58.3],[-154.09,58.37],[-154.02,58.49],[-153.86,58.59],[-153.62,58.65],[-153.44,58.75],[-153.33,58.88],[-153.42,58.96],[-153.66,59.04],[-154.13,59.12],[-154.18,59.16],[-154.07,59.34],[-154.09,59.36],[-153.75,59.51],[-153.61,59.62],[-153.67,59.63],[-153.65,59.65],[-153.41,59.74],[-153.37,59.73],[-153.36,59.66],[-153.09,59.71],[-153.05,59.73],[-153.02,59.79],[-153.21,59.84],[-152.76,59.92],[-152.66,60.0],[-152.63,60.04],[-152.66,60.13],[-153.03,60.3],[-152.73,60.24],[-152.54,60.27],[-152.26,60.41],[-152.31,60.45],[-152.27,60.53],[-152.0,60.68],[-151.75,60.75],[-151.78,60.86],[-151.59,60.98],[-151.28,61.04],[-150.95,61.2],[-150.61,61.3],[-150.53,61.3],[-150.47,61.26],[-149.98,61.28],[-149.82,61.41],[-149.63,61.49],[-149.33,61.5],[-149.74,61.36],[-149.9,61.23],[-150.05,61.17],[-149.59,60.99],[-149.14,60.94],[-149.08,60.88],[-149.63,60.95],[-150.11,60.93],[-150.35,61.02],[-150.44,61.02],[-151.36,60.72],[-151.31,60.47],[-151.4,60.27],[-151.73,59.99],[-151.85,59.78],[-151.82,59.72],[-151.76,59.7],[-151.45,59.65],[-151.09,59.79],[-151.05,59.77],[-151.19,59.64],[-151.4,59.52],[-151.69,59.46],[-151.88,59.39],[-151.96,59.29],[-151.95,59.27],[-151.74,59.19],[-151.37,59.25],[-151.17,59.24],[-151.18,59.3],[-150.93,59.25],[-150.85,59.34],[-150.68,59.43],[-150.62,59.48],[-150.61,59.56],[-150.49,59.54],[-150.34,59.58],[-150.2,59.57],[-149.97,59.69],[-150.01,59.78],[-149.78,59.75],[-149.79,59.86],[-149.71,59.92],[-149.6,59.77],[-149.55,59.89],[-149.43,60.0],[-149.4,60.11],[-149.27,60.0],[-149.12,60.03],[-149.0,59.98],[-148.75,59.95],[-148.43,59.99],[-148.33,60.12],[-148.2,60.17],[-148.22,60.32],[-148.18,60.39],[-148.05,60.43],[-147.96,60.48],[-148.05,60.57],[-148.12,60.58],[-148.64,60.49],[-148.51,60.57],[-148.3,60.58],[-148.26,60.68],[-148.56,60.8],[-148.56,60.83],[-148.34,60.85],[-148.21,61.03],[-148.4,61.01],[-148.34,61.06],[-148.05,61.08],[-147.75,61.22],[-148.01,60.97],[-147.89,60.89],[-147.66,60.91],[-147.57,60.99],[-147.36,60.91],[-147.2,61.0],[-146.98,60.98],[-146.87,61.0],[-146.58,61.13],[-146.28,61.11],[-146.6,61.05],[-146.64,60.99],[-146.64,60.9],[-146.39,60.81],[-146.57,60.73],[-146.5,60.7],[-146.25,60.75],[-146.18,60.73],[-146.15,60.66],[-145.67,60.65],[-145.9,60.48],[-145.25,60.38],[-144.69,60.67],[-144.82,60.53],[-144.9,60.34],[-144.64,60.22],[-144.19,60.15],[-144.09,60.08],[-144.08,60.06],[-144.16,60.05],[-144.15,60.02],[-143.81,60.01],[-142.95,60.1],[-142.55,60.09],[-141.67,59.97],[-141.45,60.02],[-141.41,60.04],[-141.41,60.12],[-141.33,60.08],[-141.29,60.0],[-141.41,59.9],[-140.84,59.75],[-140.42,59.71],[-140.22,59.73],[-139.92,59.81],[-139.52,60.02],[-139.43,60.01],[-139.24,59.89],[-138.99,59.84],[-139.22,59.82],[-139.29,59.61],[-139.33,59.88],[-139.45,59.96],[-139.51,59.95],[-139.57,59.91],[-139.58,59.85],[-139.51,59.7],[-139.61,59.61],[-139.8,59.55],[-139.77,59.53],[-138.88,59.24],[-138.51,59.17],[-138.56,59.13],[-138.54,59.12],[-138.35,59.09],[-138.03,58.94],[-137.86,58.79],[-137.56,58.63],[-137.54,58.58],[-136.61,58.24],[-136.46,58.33],[-136.08,58.36],[-136.06,58.38],[-136.06,58.45],[-136.22,58.6],[-136.48,58.62],[-136.41,58.7],[-136.53,58.74],[-136.61,58.81],[-136.88,58.88],[-137.06,58.87],[-136.95,58.93],[-137.0,59.02],[-136.57,58.94],[-136.45,58.85],[-136.23,58.77],[-136.12,58.82],[-136.12,58.89],[-136.16,58.95],[-136.15,59.05],[-136.02,58.87],[-135.83,58.9],[-136.04,58.82],[-136.05,58.79],[-135.86,58.58],[-135.9,58.4],[-135.57,58.41],[-135.45,58.38],[-135.3,58.26],[-135.09,58.25],[-135.05,58.31],[-135.06,58.34],[-135.33,58.91],[-135.39,59.09],[-135.5,59.2],[-135.4,59.21],[-135.48,59.31],[-135.41,59.32],[-135.36,59.42],[-135.33,59.24],[-135.22,59.08],[-135.13,58.84],[-134.99,58.77],[-134.94,58.65],[-134.78,58.45],[-134.66,58.38],[-134.49,58.37],[-134.21,58.23],[-134.13,58.28],[-133.94,58.5],[-133.88,58.52],[-134.05,58.29],[-134.06,58.21],[-134.03,58.07],[-133.72,57.84],[-133.66,57.84],[-133.56,57.92],[-133.19,57.88],[-133.51,57.88],[-133.54,57.83],[-133.52,57.78],[-133.12,57.57],[-133.55,57.7],[-133.6,57.69],[-133.65,57.64],[-133.54,57.55],[-133.44,57.34],[-133.47,57.17],[-132.91,57.05],[-132.82,57.06],[-132.84,56.96],[-132.8,56.9],[-132.64,56.8],[-132.49,56.77],[-132.48,56.65],[-132.36,56.63],[-132.3,56.52],[-132.18,56.42],[-132.02,56.38],[-131.89,56.24],[-131.55,56.21],[-131.84,56.16],[-132.01,55.93],[-132.21,55.75],[-132.22,55.72],[-132.12,55.57],[-131.98,55.54],[-131.95,55.55],[-131.8,55.77],[-131.83,55.84],[-131.78,55.88],[-131.03,56.09],[-131.14,56.0],[-131.13,55.96],[-130.92,55.74],[-130.86,55.36],[-130.75,55.32],[-130.98,55.24],[-131.05,55.16],[-130.85,54.81],[-130.62,54.79],[-130.54,54.75],[-130.35,54.81],[-130.2,54.95],[-130.22,55.06],[-130.04,55.3],[-130.15,55.65],[-130.11,55.78],[-130.03,55.89],[-130.09,55.69],[-130.08,55.56],[-129.99,55.36],[-130.0,55.26],[-130.09,55.11],[-130.05,55.06],[-129.84,55.32],[-129.8,55.56],[-129.7,55.44],[-129.56,55.46],[-129.89,55.16],[-130.22,54.73],[-130.35,54.66],[-130.43,54.42],[-130.4,54.35],[-130.29,54.27],[-130.08,54.18],[-129.9,54.23],[-129.63,54.23],[-129.79,54.17],[-130.04,54.13],[-130.09,53.98],[-130.23,53.87],[-130.34,53.72],[-130.26,53.65],[-130.07,53.58],[-129.91,53.55],[-129.82,53.41],[-129.56,53.25],[-129.46,53.35],[-129.26,53.42],[-129.21,53.64],[-128.96,53.84],[-128.89,53.83],[-128.7,53.92],[-128.53,53.86],[-128.71,53.81],[-128.76,53.75],[-128.75,53.66],[-128.68,53.55],[-128.51,53.48],[-128.21,53.48],[-127.95,53.33],[-127.93,53.27],[-128.13,53.42],[-128.36,53.46],[-128.48,53.41],[-128.54,53.42],[-128.91,53.56],[-128.85,53.7],[-129.02,53.69],[-129.11,53.64],[-129.17,53.53],[-129.08,53.37],[-128.87,53.33],[-128.65,53.24],[-128.52,53.14],[-128.45,52.88],[-128.37,52.83],[-128.05,52.91],[-128.13,52.81],[-128.28,52.44],[-128.27,52.36],[-128.04,52.53],[-127.94,52.55],[-128.05,52.45],[-128.04,52.32],[-128.36,52.16],[-128.19,52.0],[-128.1,51.79],[-127.83,52.25],[-127.71,52.32],[-127.52,52.36],[-127.07,52.65],[-127.01,52.72],[-127.01,52.84],[-126.95,52.72],[-127.0,52.66],[-127.19,52.54],[-127.19,52.46],[-127.13,52.37],[-126.94,52.31],[-126.9,52.23],[-126.71,52.06],[-127.01,52.29],[-127.18,52.31],[-127.24,52.4],[-127.44,52.36],[-127.8,52.19],[-127.86,51.99],[-127.73,51.99],[-127.86,51.82],[-127.85,51.67],[-127.73,51.51],[-127.67,51.48],[-127.44,51.68],[-127.34,51.71],[-126.69,51.7],[-127.28,51.65],[-127.42,51.61],[-127.63,51.43],[-127.69,51.34],[-127.71,51.15],[-127.36,50.95],[-127.06,50.87],[-126.63,50.92],[-126.56,50.97],[-126.52,51.06],[-126.48,50.96],[-126.52,50.87],[-126.37,50.84],[-126.52,50.72],[-126.51,50.68],[-125.9,50.7],[-125.9,50.68],[-126.45,50.59],[-126.45,50.55],[-126.4,50.53],[-126.09,50.5],[-125.77,50.51],[-125.64,50.47],[-125.54,50.65],[-125.53,50.53],[-125.48,50.5],[-125.21,50.48],[-125.06,50.51],[-124.94,50.67],[-124.93,50.81],[-124.86,50.87],[-124.86,50.64],[-125.06,50.42],[-125.04,50.36],[-124.99,50.36],[-124.93,50.3],[-124.93,50.26],[-124.78,50.07],[-124.78,50.02],[-124.7,49.96],[-124.41,49.78],[-124.14,49.79],[-123.97,49.89],[-123.97,49.97],[-123.87,50.07],[-123.95,50.18],[-123.88,50.17],[-123.78,50.09],[-123.9,49.98],[-123.9,49.8],[-123.87,49.74],[-123.76,49.66],[-123.58,49.68],[-123.74,49.59],[-123.82,49.59],[-123.92,49.72],[-123.99,49.74],[-124.05,49.66],[-123.95,49.53],[-123.86,49.48],[-123.53,49.4],[-123.44,49.45],[-123.34,49.46],[-123.33,49.58],[-123.19,49.68],[-123.28,49.34],[-123.02,49.32],[-122.88,49.4],[-122.95,49.29],[-123.23,49.26],[-123.19,49.22],[-123.2,49.15],[-123.08,49.13],[-123.12,49.06],[-123.08,48.98],[-122.96,49.07],[-122.83,49.03],[-122.69,48.79],[-122.65,48.76],[-122.55,48.76],[-122.5,48.51],[-122.66,48.49],[-122.66,48.45],[-122.54,48.41],[-122.41,48.29],[-122.4,48.27],[-122.52,48.23],[-122.49,48.13],[-122.39,48.08],[-122.42,48.18],[-122.24,48.01],[-122.4,47.78],[-122.38,47.72],[-122.41,47.65],[-122.37,47.6],[-122.35,47.37],[-122.42,47.31],[-122.54,47.28],[-122.63,47.14],[-122.7,47.11],[-122.81,47.15],[-123.03,47.14],[-122.92,47.29],[-122.83,47.34],[-122.77,47.22],[-122.71,47.32],[-122.65,47.28],[-122.58,47.29],[-122.56,47.46],[-122.68,47.61],[-122.61,47.62],[-122.63,47.69],[-122.52,47.77],[-122.53,47.92],[-122.59,47.93],[-122.61,47.84],[-122.76,47.7],[-122.98,47.56],[-123.05,47.48],[-123.07,47.4],[-122.92,47.41],[-123.03,47.36],[-123.14,47.36],[-123.13,47.44],[-123.05,47.55],[-122.82,47.79],[-122.8,47.74],[-122.78,47.74],[-122.66,47.88],[-122.78,48.14],[-122.97,48.07],[-123.16,48.15],[-123.29,48.12],[-123.98,48.17],[-124.71,48.38],[-124.66,47.97],[-124.62,47.9],[-124.46,47.78],[-124.38,47.66],[-124.31,47.4],[-124.2,47.21],[-124.14,46.95],[-124.11,47.04],[-123.84,46.96],[-124.11,46.86],[-124.07,46.74],[-123.89,46.66],[-123.95,46.43],[-124.04,46.61],[-124.07,46.28],[-123.96,46.3],[-123.9,46.27],[-123.69,46.3],[-123.65,46.27],[-123.46,46.27],[-123.22,46.15],[-123.4,46.15],[-123.52,46.22],[-123.67,46.18],[-123.91,46.18],[-123.99,46.22],[-123.95,46.14],[-123.96,45.84],[-123.93,45.58],[-124.06,44.78],[-124.05,44.43],[-124.1,44.33],[-124.15,43.69],[-124.29,43.41],[-124.2,43.42],[-124.35,43.34],[-124.54,42.81],[-124.41,42.58],[-124.42,42.38],[-124.36,42.12],[-124.21,41.98],[-124.24,41.79],[-124.16,41.72],[-124.07,41.46],[-124.14,41.16],[-124.13,40.97],[-124.22,40.79],[-124.19,40.77],[-124.22,40.7],[-124.25,40.74],[-124.28,40.71],[-124.37,40.49],[-124.36,40.37],[-124.32,40.25],[-124.11,40.09],[-123.83,39.78],[-123.78,39.51],[-123.82,39.37],[-123.72,39.11],[-123.7,38.91],[-123.29,38.54],[-123.12,38.45],[-123.05,38.31],[-122.91,38.2],[-122.88,38.12],[-122.98,38.23],[-122.97,38.1],[-123.0,37.99],[-122.93,38.06],[-122.52,37.83],[-122.47,37.84],[-122.49,37.95],[-122.48,38.11],[-122.39,38.14],[-122.15,38.07],[-122.03,38.12],[-121.88,38.08],[-121.63,38.08],[-121.53,38.06],[-122.09,38.05],[-122.31,38.01],[-122.39,37.96],[-122.07,37.48],[-122.17,37.5],[-122.3,37.59],[-122.37,37.66],[-122.38,37.79],[-122.45,37.8],[-122.51,37.77],[-122.5,37.54],[-122.41,37.37],[-122.39,37.21],[-122.16,36.99],[-121.88,36.94],[-121.81,36.85],[-121.79,36.73],[-121.92,36.57],[-121.88,36.33],[-121.66,36.15],[-121.34,35.79],[-121.28,35.68],[-121.14,35.61],[-121.02,35.48],[-120.9,35.43],[-120.86,35.37],[-120.88,35.27],[-120.86,35.21],[-120.66,35.12],[-120.63,35.08],[-120.66,34.95],[-120.62,34.81],[-120.64,34.58],[-120.48,34.47],[-120.05,34.47],[-119.71,34.4],[-119.61,34.42],[-119.27,34.26],[-119.24,34.16],[-119.14,34.11],[-118.83,34.02],[-118.51,34.02],[-118.39,33.86],[-118.41,33.74],[-118.29,33.71],[-118.26,33.76],[-118.08,33.72],[-117.47,33.3],[-117.32,33.1],[-117.26,32.94],[-117.24,32.66],[-117.18,32.69],[-117.14,32.65],[-117.06,32.34],[-116.91,32.2],[-116.85,32.0],[-116.62,31.85],[-116.62,31.76],[-116.72,31.73],[-116.67,31.7],[-116.66,31.56],[-116.33,31.2],[-116.3,30.97],[-116.06,30.8],[-116.0,30.41],[-115.86,30.36],[-115.82,30.3],[-115.79,30.08],[-115.81,29.96],[-115.75,29.94],[-115.67,29.76],[-115.17,29.43],[-114.94,29.35],[-114.31,28.73],[-114.15,28.61],[-114.05,28.43],[-114.09,28.22],[-114.19,28.01],[-114.27,27.93],[-114.25,27.91],[-114.16,27.92],[-114.18,27.83],[-114.14,27.73],[-114.07,27.68],[-114.14,27.67],[-114.3,27.78],[-114.3,27.87],[-114.45,27.8],[-114.57,27.78],[-115.04,27.84],[-114.99,27.74],[-114.54,27.43],[-114.45,27.22],[-114.33,27.16],[-114.11,27.11],[-114.0,26.99],[-113.84,26.97],[-113.7,26.79],[-113.6,26.72],[-113.43,26.8],[-113.27,26.79],[-113.16,26.95],[-113.12,26.72],[-113.02,26.58],[-112.66,26.32],[-112.38,26.21],[-112.17,25.91],[-112.12,25.77],[-112.11,25.63],[-112.07,25.57],[-112.06,25.49],[-112.13,25.04],[-112.07,24.84],[-111.85,24.67],[-111.8,24.54],[-111.68,24.56],[-111.42,24.33],[-111.04,24.11],[-110.63,23.74],[-110.36,23.6],[-110.18,23.34],[-110.09,23.01],[-110.01,22.89],[-109.92,22.89],[-109.82,22.92],[-109.5,23.16],[-109.46,23.21],[-109.42,23.48],[-109.51,23.6],[-109.68,23.66],[-109.71,23.8],[-109.81,23.94],[-110.02,24.17],[-110.26,24.34],[-110.33,24.31],[-110.3,24.19],[-110.37,24.1],[-110.42,24.18],[-110.55,24.21],[-110.66,24.34],[-110.73,24.59],[-110.68,24.79],[-110.69,24.87],[-110.76,24.99],[-110.89,25.14],[-111.03,25.53],[-111.15,25.57],[-111.29,25.79],[-111.33,25.93],[-111.33,26.13],[-111.46,26.41],[-111.47,26.51],[-111.55,26.58],[-111.57,26.71],[-111.8,26.88],[-111.82,26.87],[-111.82,26.76],[-111.7,26.58],[-111.75,26.57],[-111.86,26.68],[-111.88,26.84],[-112.01,26.97],[-112.0,27.08],[-112.19,27.19],[-112.28,27.35],[-112.33,27.52],[-112.55,27.66],[-112.73,27.83],[-112.75,27.99],[-112.81,28.09],[-112.8,28.21],[-112.87,28.29],[-112.87,28.42],[-113.09,28.51],[-113.21,28.8],[-113.32,28.81],[-113.38,28.95],[-113.5,28.93],[-113.55,29.1],[-113.76,29.37],[-114.18,29.73],[-114.37,29.83],[-114.4,29.9],[-114.55,30.02],[-114.63,30.16],[-114.63,30.51],[-114.76,30.96],[-114.88,31.16],[-114.85,31.54],[-114.79,31.65],[-114.84,31.8],[-114.93,31.9],[-114.55,31.73],[-114.15,31.51],[-114.0,31.53],[-113.95,31.63],[-113.76,31.56],[-113.63,31.47],[-113.62,31.35],[-113.23,31.26],[-113.05,31.18],[-113.04,31.09],[-113.07,31.06],[-113.11,31.08],[-113.12,31.05],[-113.09,30.94],[-113.11,30.79],[-113.06,30.65],[-112.82,30.3],[-112.74,29.99],[-112.57,29.72],[-112.41,29.54],[-112.38,29.35],[-112.22,29.27],[-112.16,29.02],[-111.94,28.82],[-111.68,28.47],[-111.47,28.38],[-111.28,28.12],[-111.12,27.97],[-110.92,27.89],[-110.76,27.92],[-110.53,27.86],[-110.62,27.65],[-110.56,27.45],[-110.48,27.32],[-110.28,27.16],[-109.94,27.08],[-109.89,26.88],[-109.75,26.7],[-109.48,26.71],[-109.28,26.53],[-109.22,26.36],[-109.12,26.25],[-109.2,26.31],[-109.43,26.03],[-109.38,25.73],[-109.3,25.63],[-109.2,25.59],[-109.08,25.62],[-108.89,25.73],[-108.88,25.7],[-108.97,25.59],[-109.07,25.55],[-109.03,25.48],[-108.79,25.54],[-108.75,25.42],[-108.7,25.38],[-108.37,25.19],[-108.05,25.07],[-108.04,25.04],[-108.14,25.02],[-108.28,25.08],[-108.02,24.78],[-108.01,24.69],[-107.95,24.61],[-107.82,24.54],[-107.51,24.49],[-107.49,24.37],[-107.53,24.36],[-107.76,24.47],[-107.08,24.02],[-106.94,23.88],[-106.57,23.45],[-106.4,23.2],[-105.79,22.63],[-105.65,22.33],[-105.65,21.99],[-105.43,21.62],[-105.21,21.49],[-105.24,21.12],[-105.51,20.81],[-105.49,20.78],[-105.33,20.75],[-105.25,20.67],[-105.26,20.58],[-105.38,20.51],[-105.54,20.5],[-105.67,20.39],[-105.57,20.23],[-105.48,19.98],[-105.29,19.71],[-105.11,19.56],[-104.94,19.31],[-104.41,19.09],[-103.91,18.83],[-103.7,18.63],[-103.44,18.33],[-102.7,18.06],[-102.22,17.96],[-101.92,17.96],[-101.76,17.84],[-101.6,17.65],[-101.49,17.62],[-101.39,17.51],[-100.85,17.2],[-100.02,16.92],[-99.69,16.72],[-98.76,16.53],[-98.52,16.3],[-98.14,16.21],[-97.75,15.97],[-97.18,15.91],[-96.81,15.73],[-96.51,15.65],[-96.21,15.69],[-95.77,15.89],[-95.46,15.97],[-95.13,16.18],[-94.8,16.21],[-94.79,16.23],[-95.02,16.28],[-95.02,16.31],[-94.9,16.42],[-94.86,16.42],[-94.79,16.36],[-94.79,16.29],[-94.62,16.35],[-94.59,16.32],[-94.68,16.23],[-94.66,16.2],[-94.47,16.19],[-94.0,16.02],[-94.03,16.06],[-94.19,16.15],[-94.43,16.23],[-94.41,16.29],[-94.37,16.28],[-93.92,16.05],[-92.81,15.14],[-92.26,14.57],[-91.82,14.23],[-91.38,13.99],[-91.15,13.93],[-90.61,13.93],[-90.48,13.9],[-89.97,13.68],[-89.8,13.56],[-89.28,13.48],[-88.87,13.28],[-88.51,13.18],[-88.48,13.2],[-88.69,13.28],[-88.59,13.28],[-88.18,13.16],[-88.02,13.17],[-87.93,13.18],[-87.82,13.29],[-87.84,13.39],[-87.81,13.4],[-87.71,13.36],[-87.6,13.39],[-87.49,13.35],[-87.5,13.27],[-87.41,13.13],[-87.33,13.08],[-87.34,12.95],[-87.42,12.92],[-87.54,13.04],[-87.59,13.04],[-87.67,12.97],[-87.67,12.9],[-87.46,12.76],[-87.13,12.43],[-86.85,12.25],[-86.76,12.16],[-86.47,11.74],[-85.96,11.33],[-85.75,11.09],[-85.75,10.99],[-85.91,10.9],[-85.67,10.75],[-85.66,10.64],[-85.83,10.4],[-85.85,10.29],[-85.8,10.13],[-85.62,9.9],[-85.31,9.81],[-85.11,9.58],[-85.08,9.6],[-85.06,9.67],[-84.89,9.82],[-84.96,9.93],[-85.16,10.02],[-85.24,10.11],[-85.26,10.26],[-85.24,10.24],[-84.71,9.9],[-84.64,9.79],[-84.66,9.65],[-84.58,9.57],[-84.22,9.46],[-84.12,9.38],[-83.9,9.28],[-83.74,9.15],[-83.64,9.04],[-83.61,8.8],[-83.73,8.61],[-83.6,8.48],[-83.29,8.41],[-83.3,8.51],[-83.42,8.62],[-83.47,8.71],[-83.39,8.72],[-83.29,8.66],[-83.16,8.59],[-83.12,8.35],[-82.95,8.18],[-82.88,8.07],[-82.85,8.1],[-82.87,8.25],[-82.78,8.3],[-82.68,8.32],[-82.36,8.27],[-82.24,8.31],[-82.22,8.23],[-82.16,8.19],[-82.1,8.22],[-81.97,8.22],[-81.73,8.14],[-81.5,7.72],[-81.27,7.63],[-81.22,7.62],[-81.2,7.67],[-81.16,7.85],[-81.06,7.9],[-81.04,7.71],[-80.91,7.44],[-80.9,7.28],[-80.85,7.22],[-80.44,7.27],[-80.29,7.43],[-80.11,7.43],[-80.01,7.5],[-80.08,7.67],[-80.46,8.08],[-80.46,8.21],[-80.37,8.29],[-80.13,8.35],[-79.75,8.6],[-79.82,8.64],[-79.69,8.85],[-79.44,9.01],[-79.09,9.0],[-78.96,8.93],[-78.51,8.63],[-78.47,8.45],[-78.41,8.36],[-78.38,8.36],[-78.37,8.4],[-78.4,8.51],[-78.35,8.46],[-78.26,8.45],[-78.22,8.4],[-78.1,8.5],[-78.01,8.33],[-77.76,8.13],[-78.05,8.28],[-78.14,8.39],[-78.28,8.25],[-78.25,8.14],[-78.29,8.09],[-78.42,8.06],[-78.38,7.9],[-78.17,7.54],[-77.8,7.14],[-77.53,6.69],[-77.44,6.69],[-77.37,6.58],[-77.4,6.28],[-77.47,6.29],[-77.47,6.18],[-77.34,6.0],[-77.25,5.78],[-77.32,5.68],[-77.53,5.54],[-77.4,5.42],[-77.37,5.32],[-77.34,4.84],[-77.29,4.72],[-77.35,4.4],[-77.52,4.26],[-77.52,4.21],[-77.41,4.25],[-77.43,4.06],[-77.36,3.94],[-77.28,4.06],[-77.25,4.04],[-77.26,3.89],[-77.17,3.86],[-77.08,3.91],[-77.32,3.47],[-77.36,3.35],[-77.42,3.34],[-77.56,3.08],[-77.69,3.04],[-77.67,2.88],[-77.81,2.72],[-77.87,2.73],[-77.93,2.63],[-78.07,2.51],[-78.12,2.49],[-78.3,2.51],[-78.34,2.46],[-78.42,2.48],[-78.53,2.42],[-78.59,2.36],[-78.63,2.06],[-78.55,1.92],[-78.58,1.77],[-78.79,1.85],[-78.96,1.75],[-79.03,1.62],[-78.89,1.52],[-78.86,1.46],[-78.83,1.3],[-78.9,1.21],[-79.47,1.06],[-79.61,0.97],[-79.74,0.98],[-79.9,0.86],[-80.04,0.83],[-80.09,0.78],[-80.03,0.41],[-80.05,0.16],[-80.13,-0.01],[-80.32,-0.17],[-80.48,-0.37],[-80.38,-0.58],[-80.28,-0.62],[-80.46,-0.59],[-80.55,-0.85],[-80.84,-0.97],[-80.9,-1.08],[-80.8,-1.38],[-80.84,-1.63],[-80.76,-1.82],[-80.76,-1.93],[-80.77,-2.08],[-80.96,-2.19],[-80.93,-2.27],[-80.84,-2.35],[-80.68,-2.4],[-80.45,-2.63],[-80.28,-2.71],[-80.01,-2.35],[-80.03,-2.56],[-79.99,-2.58],[-79.93,-2.55],[-79.88,-2.42],[-79.89,-2.15],[-79.84,-2.07],[-79.82,-2.36],[-79.75,-2.48],[-79.73,-2.58],[-79.92,-3.09],[-80.03,-3.23],[-80.5,-3.5],[-80.8,-3.73],[-80.89,-3.88],[-81.23,-4.23],[-81.28,-4.32],[-81.34,-4.67],[-81.11,-5.03],[-81.17,-5.17],[-80.94,-5.48],[-80.88,-5.64],[-80.88,-5.76],[-80.93,-5.84],[-80.99,-5.86],[-81.09,-5.81],[-81.16,-5.88],[-81.18,-5.94],[-81.14,-6.06],[-80.81,-6.28],[-80.11,-6.65],[-79.99,-6.77],[-79.62,-7.3],[-79.59,-7.42],[-79.38,-7.84],[-79.01,-8.21],[-78.93,-8.4],[-78.76,-8.62],[-78.75,-8.74],[-78.66,-8.97],[-78.45,-9.37],[-78.19,-10.09],[-77.74,-10.84],[-77.66,-11.02],[-77.63,-11.29],[-77.31,-11.53],[-77.22,-11.66],[-77.15,-12.06],[-77.06,-12.11],[-76.99,-12.22],[-76.83,-12.35],[-76.76,-12.53],[-76.56,-12.82],[-76.5,-12.98],[-76.22,-13.37],[-76.18,-13.52],[-76.26,-13.8],[-76.38,-13.86],[-76.3,-13.95],[-76.29,-14.13],[-76.18,-14.23],[-75.93,-14.63],[-75.53,-14.9],[-75.1,-15.41],[-74.55,-15.7],[-74.37,-15.83],[-74.15,-15.91],[-73.73,-16.2],[-73.4,-16.3],[-72.79,-16.61],[-72.47,-16.71],[-72.11,-17.0],[-71.77,-17.2],[-71.53,-17.29],[-71.4,-17.42],[-71.34,-17.68],[-70.94,-17.93],[-70.36,-18.4],[-70.28,-19.27],[-70.15,-19.81],[-70.15,-20.23],[-70.2,-20.73],[-70.09,-21.25],[-70.09,-21.49],[-70.33,-22.85],[-70.45,-23.03],[-70.56,-23.06],[-70.59,-23.26],[-70.59,-23.37],[-70.51,-23.48],[-70.39,-23.57],[-70.51,-23.89],[-70.51,-24.13],[-70.57,-24.64],[-70.45,-25.17],[-70.45,-25.25],[-70.49,-25.38],[-70.63,-25.55],[-70.71,-25.78],[-70.64,-25.99],[-70.65,-26.33],[-70.9,-27.19],[-70.93,-27.59],[-71.05,-27.73],[-71.09,-27.81],[-71.15,-28.06],[-71.19,-28.38],[-71.27,-28.51],[-71.31,-28.67],[-71.38,-28.78],[-71.49,-28.86],[-71.52,-28.93],[-71.49,-29.2],[-71.35,-29.35],[-71.33,-29.44],[-71.32,-29.65],[-71.4,-30.14],[-71.67,-30.33],[-71.71,-30.63],[-71.65,-30.99],[-71.66,-31.17],[-71.53,-31.81],[-71.51,-32.21],[-71.42,-32.39],[-71.46,-32.54],[-71.45,-32.66],[-71.59,-32.97],[-71.74,-33.1],[-71.7,-33.43],[-71.64,-33.52],[-71.66,-33.65],[-71.83,-33.82],[-72.0,-34.17],[-71.99,-34.29],[-72.06,-34.62],[-72.22,-35.1],[-72.39,-35.24],[-72.62,-35.59],[-72.59,-35.76],[-72.78,-35.98],[-72.87,-36.39],[-73.01,-36.64],[-73.12,-36.69],[-73.22,-37.17],[-73.37,-37.22],[-73.6,-37.19],[-73.66,-37.34],[-73.6,-37.48],[-73.66,-37.59],[-73.66,-37.7],[-73.46,-38.04],[-73.53,-38.37],[-73.52,-38.51],[-73.23,-39.22],[-73.25,-39.42],[-73.41,-39.79],[-73.67,-39.96],[-73.67,-40.08],[-73.78,-40.47],[-73.92,-40.87],[-73.98,-40.97],[-73.97,-41.12],[-73.81,-41.52],[-73.71,-41.57],[-73.62,-41.58],[-73.74,-41.74],[-73.62,-41.77],[-73.52,-41.8],[-73.24,-41.78],[-73.17,-41.75],[-73.01,-41.54],[-72.95,-41.51],[-72.81,-41.54],[-72.67,-41.66],[-72.54,-41.69],[-72.43,-41.65],[-72.36,-41.51],[-72.32,-41.5],[-72.36,-41.65],[-72.49,-41.72],[-72.66,-41.74],[-72.82,-41.91],[-72.74,-41.99],[-72.62,-42.01],[-72.5,-41.98],[-72.41,-42.39],[-72.43,-42.43],[-72.55,-42.26],[-72.63,-42.2],[-72.77,-42.26],[-72.79,-42.3],[-72.63,-42.51],[-72.77,-42.51],[-72.85,-42.67],[-72.84,-42.81],[-72.77,-42.91],[-72.76,-43.04],[-72.88,-43.05],[-72.94,-43.21],[-73.08,-43.32],[-73.1,-43.46],[-73.0,-43.63],[-73.07,-43.86],[-73.22,-43.9],[-73.27,-44.17],[-72.83,-44.4],[-72.66,-44.44],[-72.68,-44.59],[-72.74,-44.73],[-73.08,-44.92],[-73.36,-44.98],[-73.4,-45.1],[-73.44,-45.24],[-73.23,-45.26],[-72.98,-45.39],[-72.93,-45.45],[-73.27,-45.35],[-73.55,-45.48],[-73.73,-45.48],[-73.78,-45.63],[-73.76,-45.7],[-73.59,-45.78],[-73.59,-45.9],[-73.63,-45.99],[-73.66,-46.3],[-73.77,-46.5],[-73.85,-46.57],[-73.94,-46.57],[-73.95,-46.53],[-73.81,-46.38],[-73.71,-46.07],[-73.69,-45.86],[-73.74,-45.81],[-73.88,-45.85],[-73.97,-46.15],[-74.09,-46.22],[-74.37,-46.25],[-74.39,-46.22],[-74.08,-46.13],[-74.02,-46.06],[-74.06,-45.95],[-73.96,-45.84],[-73.83,-45.45],[-73.96,-45.4],[-74.04,-45.42],[-74.12,-45.5],[-74.08,-45.68],[-74.16,-45.77],[-74.46,-45.84],[-74.76,-45.82],[-75.07,-45.87],[-75.07,-46.0],[-74.92,-46.16],[-75.66,-46.61],[-75.71,-46.71],[-75.71,-46.77],[-75.64,-46.86],[-75.5,-46.94],[-75.43,-46.93],[-75.39,-46.86],[-75.45,-46.75],[-75.57,-46.73],[-75.54,-46.7],[-75.48,-46.66],[-75.15,-46.6],[-74.98,-46.51],[-75.05,-46.63],[-75.01,-46.74],[-74.69,-46.86],[-74.51,-46.89],[-74.47,-46.86],[-74.48,-46.8],[-74.45,-46.77],[-74.31,-46.79],[-74.15,-46.97],[-74.21,-47.08],[-74.16,-47.18],[-74.4,-47.33],[-74.48,-47.43],[-74.32,-47.53],[-74.13,-47.59],[-74.24,-47.68],[-74.53,-47.57],[-74.65,-47.7],[-74.61,-47.76],[-74.38,-47.83],[-74.35,-47.94],[-74.23,-47.97],[-73.94,-47.93],[-73.85,-47.87],[-73.75,-47.66],[-73.72,-47.66],[-73.61,-47.99],[-73.5,-48.11],[-73.39,-48.15],[-73.38,-48.18],[-73.53,-48.2],[-73.85,-48.04],[-74.25,-48.04],[-74.58,-48.0],[-74.58,-48.27],[-74.5,-48.36],[-74.47,-48.46],[-74.34,-48.49],[-74.17,-48.43],[-74.01,-48.48],[-74.06,-48.5],[-74.18,-48.49],[-74.34,-48.6],[-74.38,-48.79],[-74.37,-49.4],[-74.22,-49.5],[-74.03,-49.03],[-73.93,-49.02],[-74.02,-49.09],[-74.02,-49.24],[-74.09,-49.43],[-73.89,-49.52],[-73.84,-49.61],[-73.89,-49.62],[-74.1,-49.56],[-74.29,-49.6],[-74.32,-49.78],[-74.17,-49.91],[-74.07,-49.95],[-74.01,-49.93],[-73.96,-49.99],[-74.02,-50.02],[-74.33,-49.97],[-74.63,-50.19],[-74.43,-50.35],[-73.95,-50.51],[-74.19,-50.49],[-74.2,-50.61],[-73.98,-50.83],[-73.89,-50.78],[-73.75,-50.54],[-73.65,-50.49],[-73.69,-50.57],[-73.62,-50.65],[-73.74,-50.7],[-73.82,-50.84],[-73.81,-50.94],[-74.14,-50.82],[-74.37,-50.49],[-74.64,-50.36],[-74.78,-50.47],[-74.65,-50.62],[-74.69,-50.66],[-75.09,-50.68],[-75.06,-50.79],[-74.81,-51.06],[-74.33,-51.2],[-74.12,-51.2],[-73.94,-51.27],[-73.9,-51.33],[-73.93,-51.62],[-74.07,-51.58],[-74.2,-51.68],[-73.97,-51.78],[-73.89,-51.76],[-73.86,-51.79],[-73.75,-51.8],[-73.65,-51.86],[-73.52,-52.04],[-73.38,-52.07],[-72.93,-51.86],[-72.6,-51.8],[-72.58,-51.74],[-72.65,-51.7],[-72.79,-51.61],[-73.16,-51.5],[-73.2,-51.48],[-73.17,-51.45],[-73.13,-51.44],[-72.76,-51.57],[-72.54,-51.71],[-72.49,-51.76],[-72.49,-51.85],[-72.62,-51.95],[-72.62,-52.01],[-72.52,-52.17],[-72.52,-52.26],[-72.57,-52.33],[-72.63,-52.37],[-72.68,-52.38],[-72.71,-52.36],[-72.58,-52.25],[-72.57,-52.2],[-72.59,-52.15],[-72.69,-52.04],[-72.7,-51.99],[-72.8,-51.95],[-72.94,-52.05],[-73.26,-52.16],[-73.53,-52.15],[-73.68,-52.08],[-73.7,-52.2],[-73.83,-52.23],[-74.26,-52.1],[-74.3,-52.12],[-74.15,-52.38],[-74.04,-52.4],[-74.0,-52.51],[-74.04,-52.58],[-74.01,-52.64],[-73.91,-52.69],[-73.71,-52.66],[-73.59,-52.69],[-73.38,-52.6],[-73.24,-52.62],[-73.18,-52.56],[-73.18,-52.49],[-73.12,-52.49],[-73.07,-52.54],[-73.24,-52.71],[-73.65,-52.84],[-73.51,-52.9],[-73.34,-53.05],[-73.12,-53.07],[-73.02,-53.02],[-73.02,-52.89],[-72.93,-52.78],[-72.8,-52.71],[-72.77,-52.64],[-72.78,-52.58],[-72.71,-52.54],[-72.5,-52.56],[-72.44,-52.63],[-72.32,-52.54],[-72.23,-52.52],[-71.81,-52.54],[-71.51,-52.61],[-71.59,-52.66],[-71.8,-52.68],[-72.12,-52.65],[-72.45,-52.81],[-72.63,-52.82],[-72.63,-52.77],[-72.68,-52.75],[-72.73,-52.76],[-72.89,-52.87],[-72.92,-53.12],[-73.05,-53.24],[-72.73,-53.42],[-72.55,-53.46],[-72.49,-53.29],[-72.28,-53.13],[-71.9,-53.0],[-71.39,-52.76],[-71.23,-52.81],[-71.16,-52.85],[-71.16,-52.89],[-71.29,-53.03],[-71.4,-53.11],[-71.74,-53.23],[-71.79,-53.48],[-71.89,-53.52],[-71.9,-53.5],[-71.83,-53.4],[-71.85,-53.29],[-71.94,-53.23],[-72.31,-53.25],[-72.41,-53.35],[-72.38,-53.47],[-72.17,-53.63],[-71.69,-53.8],[-71.3,-53.88],[-71.0,-53.78],[-70.95,-53.57],[-70.98,-53.37],[-70.95,-53.23],[-70.82,-52.96],[-70.84,-52.89],[-70.8,-52.77],[-70.56,-52.67],[-70.39,-52.66],[-69.91,-52.51],[-69.62,-52.46],[-69.45,-52.27],[-69.24,-52.21],[-68.44,-52.36],[-68.39,-52.31],[-68.69,-52.01],[-68.97,-51.68],[-69.03,-51.64],[-69.18,-51.66],[-69.31,-51.6],[-69.47,-51.58],[-69.06,-51.55],[-69.03,-51.45],[-69.07,-51.3],[-69.2,-50.99],[-69.36,-51.03],[-69.15,-50.86],[-69.09,-50.58],[-68.94,-50.38],[-68.42,-50.16],[-68.53,-50.04],[-68.6,-50.01],[-68.98,-50.0],[-68.66,-49.94],[-68.64,-49.86],[-68.67,-49.75],[-68.49,-49.98],[-68.26,-50.1],[-68.15,-50.09],[-67.91,-49.98],[-67.78,-49.86],[-67.66,-49.34],[-67.69,-49.3],[-67.68,-49.25],[-67.47,-48.95],[-67.03,-48.63],[-66.39,-48.34],[-66.02,-48.08],[-65.91,-47.98],[-65.81,-47.94],[-65.86,-47.85],[-65.93,-47.83],[-66.17,-47.86],[-66.23,-47.83],[-66.04,-47.78],[-65.89,-47.7],[-65.78,-47.57],[-65.74,-47.34],[-65.85,-47.16],[-66.0,-47.09],[-66.65,-47.05],[-66.78,-47.01],[-67.51,-46.44],[-67.59,-46.27],[-67.6,-46.05],[-67.26,-45.58],[-66.94,-45.26],[-66.59,-45.18],[-66.19,-44.96],[-65.64,-45.01],[-65.6,-44.88],[-65.7,-44.8],[-65.65,-44.66],[-65.36,-44.48],[-65.27,-44.28],[-65.31,-44.16],[-65.24,-44.05],[-65.3,-43.79],[-65.25,-43.57],[-64.99,-43.29],[-64.84,-43.19],[-64.43,-43.06],[-64.32,-42.97],[-64.63,-42.91],[-65.03,-42.76],[-64.97,-42.67],[-64.81,-42.63],[-64.65,-42.53],[-64.49,-42.51],[-64.32,-42.57],[-64.25,-42.65],[-64.22,-42.76],[-64.13,-42.86],[-64.03,-42.88],[-63.69,-42.81],[-63.62,-42.7],[-63.6,-42.41],[-63.63,-42.28],[-63.68,-42.19],[-63.8,-42.11],[-64.23,-42.22],[-64.25,-42.25],[-64.06,-42.27],[-64.06,-42.35],[-64.1,-42.4],[-64.42,-42.43],[-64.57,-42.42],[-64.57,-42.36],[-64.51,-42.27],[-64.54,-42.25],[-64.62,-42.26],[-64.99,-42.1],[-65.06,-41.97],[-65.01,-41.75],[-65.02,-41.57],[-65.15,-41.11],[-65.13,-40.88],[-65.07,-40.81],[-64.87,-40.74],[-64.8,-40.76],[-64.85,-40.81],[-64.38,-40.92],[-63.77,-41.15],[-63.62,-41.16],[-63.21,-41.15],[-62.96,-41.11],[-62.4,-40.89],[-62.3,-40.81],[-62.25,-40.67],[-62.39,-40.46],[-62.43,-40.36],[-62.4,-40.2],[-62.29,-39.9],[-62.13,-39.83],[-62.08,-39.46],[-62.18,-39.38],[-62.05,-39.37],[-62.21,-39.26],[-62.3,-39.24],[-62.34,-39.15],[-62.3,-38.99],[-62.37,-38.85],[-62.33,-38.8],[-62.19,-38.81],[-62.07,-38.92],[-61.85,-38.96],[-61.6,-39.0],[-61.11,-38.99],[-59.83,-38.84],[-59.01,-38.67],[-58.18,-38.44],[-57.65,-38.17],[-57.55,-38.09],[-57.51,-37.91],[-57.4,-37.74],[-57.09,-37.45],[-56.73,-36.96],[-56.67,-36.85],[-56.67,-36.74],[-56.72,-36.39],[-56.75,-36.35],[-56.94,-36.35],[-57.08,-36.3],[-57.26,-36.14],[-57.38,-35.9],[-57.35,-35.72],[-57.16,-35.51],[-57.17,-35.36],[-57.3,-35.19],[-57.55,-35.02],[-57.76,-34.89],[-58.28,-34.68],[-58.47,-34.46],[-58.53,-34.3],[-58.44,-34.25],[-58.39,-34.19],[-58.41,-34.06],[-58.55,-33.66],[-58.42,-33.11],[-58.38,-33.07],[-58.25,-33.08],[-58.17,-32.96],[-58.22,-32.56],[-58.2,-32.47],[-58.08,-32.89],[-58.09,-32.97],[-58.22,-33.13],[-58.36,-33.18],[-58.35,-33.26],[-58.44,-33.72],[-58.4,-33.91],[-57.96,-34.31],[-57.83,-34.48],[-57.17,-34.45],[-56.86,-34.68],[-56.46,-34.78],[-56.39,-34.86],[-56.19,-34.91],[-56.12,-34.91],[-55.86,-34.81],[-55.67,-34.78],[-55.37,-34.81],[-55.24,-34.9],[-54.9,-34.93],[-54.37,-34.73],[-54.27,-34.67],[-54.17,-34.67],[-54.01,-34.52],[-53.79,-34.38],[-53.74,-34.25],[-53.53,-34.02],[-53.42,-33.78],[-52.92,-33.4],[-52.65,-33.14],[-52.51,-32.88],[-52.34,-32.44],[-52.13,-32.17],[-52.17,-32.09],[-52.19,-31.89],[-52.12,-31.69],[-52.03,-31.6],[-51.97,-31.38],[-51.51,-31.1],[-51.46,-31.05],[-51.49,-30.98],[-51.46,-30.91],[-51.38,-30.85],[-51.36,-30.67],[-51.28,-30.75],[-51.29,-30.59],[-51.25,-30.47],[-51.16,-30.36],[-51.28,-30.24],[-51.3,-30.03],[-51.25,-30.06],[-51.18,-30.21],[-51.04,-30.26],[-51.02,-30.37],[-50.93,-30.37],[-50.65,-30.24],[-50.56,-30.25],[-50.55,-30.32],[-50.58,-30.44],[-50.61,-30.46],[-50.69,-30.41],[-50.72,-30.43],[-50.69,-30.7],[-50.77,-30.81],[-50.94,-30.9],[-50.98,-31.09],[-51.11,-31.08],[-51.16,-31.12],[-51.17,-31.34],[-51.27,-31.48],[-51.45,-31.56],[-51.68,-31.77],[-51.8,-31.8],[-51.89,-31.87],[-52.0,-31.82],[-52.06,-31.83],[-52.04,-31.98],[-52.07,-32.06],[-52.04,-32.11],[-51.8,-31.9],[-51.15,-31.48],[-50.92,-31.26],[-50.62,-30.9],[-50.3,-30.43],[-50.03,-29.8],[-49.75,-29.36],[-49.5,-29.08],[-49.27,-28.87],[-48.8,-28.58],[-48.8,-28.44],[-48.69,-28.31],[-48.62,-28.08],[-48.61,-27.83],[-48.64,-27.56],[-48.57,-27.37],[-48.6,-27.26],[-48.55,-27.2],[-48.68,-26.7],[-48.65,-26.41],[-48.75,-26.27],[-48.62,-26.18],[-48.58,-25.94],[-48.61,-25.88],[-48.68,-25.88],[-48.67,-25.84],[-48.55,-25.82],[-48.4,-25.6],[-48.43,-25.55],[-48.51,-25.52],[-48.69,-25.49],[-48.73,-25.37],[-48.64,-25.44],[-48.48,-25.44],[-48.43,-25.4],[-48.46,-25.31],[-48.4,-25.27],[-48.19,-25.31],[-48.24,-25.4],[-48.2,-25.42],[-47.93,-25.17],[-47.91,-25.07],[-47.99,-25.04],[-47.88,-25.0],[-47.14,-24.49],[-46.87,-24.24],[-45.97,-23.8],[-45.66,-23.76],[-45.46,-23.8],[-45.42,-23.69],[-45.33,-23.6],[-45.22,-23.58],[-44.95,-23.38],[-44.67,-23.34],[-44.57,-23.27],[-44.67,-23.21],[-44.68,-23.11],[-44.64,-23.06],[-44.37,-23.0],[-44.15,-23.01],[-44.05,-22.94],[-43.87,-22.91],[-43.7,-22.97],[-43.68,-23.01],[-43.97,-23.06],[-43.9,-23.1],[-43.22,-22.99],[-43.19,-22.94],[-43.24,-22.8],[-43.23,-22.75],[-43.15,-22.73],[-43.09,-22.72],[-43.07,-22.77],[-43.1,-22.85],[-43.08,-22.9],[-42.96,-22.97],[-42.04,-22.95],[-41.94,-22.79],[-41.99,-22.74],[-41.98,-22.58],[-41.71,-22.31],[-41.12,-22.08],[-41.0,-22.0],[-41.05,-21.51],[-40.95,-21.24],[-40.83,-21.03],[-40.79,-20.91],[-40.6,-20.78],[-40.4,-20.57],[-40.32,-20.43],[-40.3,-20.29],[-40.2,-20.21],[-40.14,-19.97],[-40.0,-19.74],[-39.84,-19.65],[-39.78,-19.57],[-39.7,-19.28],[-39.74,-18.64],[-39.65,-18.25],[-39.49,-17.99],[-39.28,-17.85],[-39.15,-17.7],[-39.22,-17.32],[-39.2,-17.18],[-39.06,-16.5],[-38.88,-15.86],[-39.0,-15.25],[-39.06,-14.65],[-38.94,-14.03],[-38.97,-14.0],[-39.01,-14.1],[-39.05,-14.04],[-39.04,-13.76],[-38.99,-13.62],[-39.03,-13.56],[-39.09,-13.59],[-39.03,-13.37],[-38.84,-13.15],[-38.83,-13.03],[-38.76,-12.91],[-38.78,-12.84],[-38.85,-12.79],[-38.74,-12.75],[-38.69,-12.62],[-38.52,-12.76],[-38.5,-12.96],[-38.4,-12.97],[-38.24,-12.84],[-38.02,-12.59],[-37.69,-12.1],[-37.47,-11.65],[-37.41,-11.5],[-37.44,-11.39],[-37.36,-11.25],[-37.32,-11.22],[-37.36,-11.4],[-37.32,-11.38],[-37.18,-11.19],[-37.18,-11.07],[-37.13,-11.08],[-37.09,-11.05],[-36.94,-10.82],[-36.77,-10.67],[-36.4,-10.48],[-36.22,-10.23],[-36.05,-10.08],[-35.89,-9.85],[-35.85,-9.77],[-35.89,-9.69],[-35.83,-9.72],[-35.76,-9.7],[-35.6,-9.54],[-35.34,-9.23],[-35.16,-8.93],[-34.97,-8.41],[-34.83,-7.97],[-34.88,-7.75],[-34.81,-7.29],[-34.83,-7.02],[-34.88,-7.0],[-34.93,-6.79],[-34.99,-6.39],[-35.1,-6.19],[-35.24,-5.57],[-35.39,-5.25],[-35.55,-5.13],[-35.98,-5.05],[-36.16,-5.09],[-36.59,-5.1],[-36.75,-5.05],[-36.95,-4.94],[-37.17,-4.91],[-37.3,-4.71],[-37.63,-4.59],[-37.8,-4.4],[-38.05,-4.22],[-38.48,-3.72],[-38.69,-3.65],[-39.01,-3.39],[-39.96,-2.86],[-40.47,-2.8],[-40.88,-2.87],[-41.19,-2.89],[-41.32,-2.94],[-41.48,-2.92],[-41.64,-2.88],[-41.72,-2.81],[-41.88,-2.75],[-42.0,-2.81],[-42.25,-2.79],[-42.59,-2.66],[-42.68,-2.59],[-42.94,-2.47],[-43.38,-2.38],[-43.43,-2.41],[-43.46,-2.5],[-43.73,-2.52],[-43.86,-2.6],[-43.93,-2.58],[-44.19,-2.81],[-44.23,-2.75],[-44.11,-2.6],[-44.11,-2.49],[-44.23,-2.47],[-44.31,-2.54],[-44.44,-2.94],[-44.72,-3.2],[-44.59,-2.57],[-44.52,-2.48],[-44.52,-2.41],[-44.38,-2.37],[-44.44,-2.17],[-44.58,-2.23],[-44.66,-2.37],[-44.76,-2.27],[-44.66,-2.23],[-44.54,-2.05],[-44.55,-1.95],[-44.65,-1.75],[-44.78,-1.8],[-44.72,-1.73],[-44.79,-1.72],[-45.08,-1.47],[-45.18,-1.51],[-45.28,-1.7],[-45.33,-1.72],[-45.35,-1.57],[-45.46,-1.36],[-45.56,-1.33],[-45.64,-1.35],[-45.78,-1.25],[-45.97,-1.19],[-46.04,-1.1],[-46.21,-1.1],[-46.22,-1.03],[-46.42,-1.03],[-46.62,-0.97],[-46.81,-0.78],[-46.89,-0.78],[-46.94,-0.74],[-47.13,-0.75],[-47.27,-0.65],[-47.4,-0.63],[-47.44,-0.65],[-47.46,-0.68],[-47.42,-0.77],[-47.56,-0.67],[-47.69,-0.72],[-47.81,-0.66],[-47.96,-0.77],[-48.03,-0.71],[-48.12,-0.74],[-48.13,-0.8],[-48.2,-0.83],[-48.32,-0.96],[-48.31,-1.04],[-48.45,-1.15],[-48.41,-1.23],[-48.48,-1.32],[-48.47,-1.39],[-48.45,-1.44],[-48.35,-1.48],[-48.45,-1.52],[-48.46,-1.61],[-48.6,-1.49],[-48.71,-1.49],[-48.99,-1.83],[-49.21,-1.92],[-49.46,-2.5],[-49.52,-2.6],[-49.64,-2.66],[-49.55,-2.52],[-49.51,-2.28],[-49.31,-1.73],[-49.72,-1.93],[-50.0,-1.83],[-50.12,-1.86],[-50.4,-2.02],[-50.69,-1.76],[-50.68,-1.64],[-50.79,-1.49],[-50.84,-1.23],[-50.92,-1.12],[-50.84,-1.04],[-50.89,-0.94],[-51.3,-1.22],[-51.65,-1.39],[-51.95,-1.59],[-52.2,-1.64],[-52.31,-1.56],[-52.66,-1.55],[-52.23,-1.36],[-52.02,-1.4],[-51.98,-1.37],[-51.93,-1.32],[-51.92,-1.18],[-51.72,-1.02],[-51.7,-0.76],[-51.4,-0.39],[-51.28,-0.09],[-51.1,-0.03],[-50.97,0.13],[-50.82,0.17],[-50.76,0.22],[-50.29,0.84],[-49.9,1.16],[-49.88,1.42],[-49.96,1.66],[-50.19,1.79],[-50.46,1.83],[-50.58,2.0],[-50.61,2.1],[-50.71,2.13],[-50.68,2.21],[-50.99,3.08],[-51.05,3.28],[-51.08,3.67],[-51.22,4.09],[-51.33,4.22],[-51.46,4.31],[-51.55,4.31],[-51.56,4.23],[-51.65,4.06],[-51.67,4.23],[-51.83,4.64],[-51.88,4.63],[-51.93,4.44],[-52.0,4.35],[-51.96,4.51],[-52.06,4.72],[-52.22,4.86],[-52.32,4.77],[-52.29,4.94],[-52.45,5.02],[-52.76,5.27],[-52.9,5.43],[-53.27,5.54],[-53.45,5.56],[-53.85,5.78],[-53.92,5.77],[-53.99,5.68],[-54.09,5.41],[-54.16,5.36],[-54.05,5.61],[-54.05,5.81],[-54.36,5.91],[-54.83,5.99],[-55.15,5.99],[-55.38,5.95],[-55.65,5.99],[-55.83,5.96],[-55.91,5.89],[-55.9,5.7],[-55.94,5.8],[-56.24,5.89],[-56.97,5.99],[-57.06,5.94],[-57.18,5.53],[-57.21,5.56],[-57.17,5.89],[-57.19,6.1],[-57.23,6.18],[-57.34,6.27],[-57.54,6.33],[-57.61,6.45],[-57.98,6.79],[-58.3,6.88],[-58.41,6.85],[-58.57,6.63],[-58.59,6.45],[-58.67,6.39],[-58.61,6.5],[-58.58,6.84],[-58.48,7.04],[-58.48,7.33],[-58.63,7.55],[-58.81,7.74],[-59.2,8.07],[-59.67,8.36],[-59.74,8.38],[-59.76,8.34],[-59.84,8.37],[-59.98,8.53],[-60.17,8.62],[-60.34,8.63],[-60.48,8.55],[-60.8,8.59],[-61.04,8.49],[-61.19,8.49],[-61.3,8.41],[-61.62,8.6],[-61.25,8.6],[-61.12,8.84],[-61.02,9.15],[-60.97,9.22],[-60.84,9.26],[-60.79,9.36],[-61.01,9.56],[-61.31,9.63],[-61.59,9.89],[-61.63,9.82],[-61.77,9.81],[-61.74,9.63],[-61.91,9.87],[-62.08,9.98],[-62.16,9.98],[-62.15,9.82],[-62.22,9.88],[-62.28,9.79],[-62.32,9.78],[-62.55,10.2],[-62.6,10.22],[-62.6,10.12],[-62.65,10.07],[-62.74,10.06],[-62.66,10.2],[-62.69,10.29],[-62.78,10.4],[-62.84,10.42],[-62.84,10.51],[-62.91,10.53],[-62.69,10.56],[-62.38,10.55],[-62.23,10.63],[-61.92,10.68],[-61.88,10.74],[-62.24,10.7],[-62.7,10.75],[-62.95,10.71],[-63.19,10.71],[-63.5,10.64],[-63.87,10.66],[-64.3,10.64],[-64.25,10.54],[-64.16,10.58],[-63.86,10.56],[-63.73,10.5],[-63.83,10.45],[-64.19,10.46],[-64.85,10.1],[-65.13,10.07],[-65.66,10.23],[-65.85,10.26],[-66.09,10.47],[-66.11,10.57],[-66.25,10.63],[-66.99,10.61],[-67.87,10.47],[-68.14,10.49],[-68.23,10.57],[-68.3,10.69],[-68.32,10.81],[-68.27,10.88],[-68.4,11.16],[-68.83,11.43],[-69.23,11.52],[-69.63,11.48],[-69.71,11.56],[-69.76,11.68],[-69.86,12.05],[-70.0,12.18],[-70.2,12.1],[-70.29,11.89],[-70.19,11.62],[-69.82,11.67],[-69.77,11.54],[-69.8,11.47],[-69.89,11.44],[-70.05,11.53],[-70.1,11.52],[-70.23,11.37],[-70.55,11.26],[-70.82,11.21],[-71.26,11.0],[-71.47,10.96],[-71.46,10.84],[-71.54,10.78],[-71.49,10.53],[-71.39,10.26],[-71.26,10.14],[-71.08,9.83],[-71.05,9.71],[-71.09,9.35],[-71.24,9.16],[-71.54,9.05],[-71.62,9.05],[-71.74,9.13],[-71.78,9.25],[-71.76,9.34],[-71.98,9.55],[-71.99,9.64],[-72.11,9.82],[-71.96,10.11],[-71.66,10.44],[-71.59,10.66],[-71.6,10.73],[-71.69,10.84],[-71.73,10.99],[-71.64,11.01],[-71.84,11.19],[-71.95,11.41],[-71.96,11.57],[-71.87,11.63],[-71.41,11.76],[-71.14,12.05],[-71.16,12.16],[-71.26,12.34],[-71.49,12.43],[-71.6,12.43],[-71.71,12.42],[-71.92,12.31],[-71.97,12.24],[-72.06,12.24],[-72.14,12.19],[-72.17,12.06],[-72.28,11.89],[-72.72,11.71],[-73.31,11.3],[-73.68,11.27],[-74.06,11.34],[-74.14,11.32],[-74.2,11.27],[-74.22,11.11],[-74.35,10.81],[-74.4,10.77],[-74.46,10.79],[-74.52,10.86],[-74.49,10.93],[-74.33,11.0],[-74.45,10.99],[-74.84,11.11],[-75.25,10.78],[-75.28,10.73],[-75.45,10.61],[-75.55,10.33],[-75.71,10.14],[-75.56,10.24],[-75.54,10.21],[-75.6,10.13],[-75.59,9.99],[-75.68,9.73],[-75.6,9.54],[-75.64,9.45],[-75.76,9.42],[-75.91,9.43],[-76.03,9.37],[-76.14,9.27],[-76.28,8.99],[-76.69,8.69],[-76.89,8.62],[-76.92,8.57],[-76.82,8.46],[-76.77,8.31],[-76.74,8.0],[-76.79,7.93],[-76.9,7.94],[-76.92,7.97],[-76.91,8.03],[-76.85,8.09],[-76.94,8.15],[-77.13,8.4],[-77.26,8.49],[-77.34,8.64],[-77.7,8.89],[-77.83,9.07],[-78.08,9.24],[-78.5,9.41],[-78.93,9.43],[-79.02,9.51],[-79.11,9.54],[-79.58,9.6],[-79.86,9.38],[-79.98,9.34],[-80.13,9.21],[-80.55,9.08],[-80.68,9.02],[-80.84,8.89],[-81.06,8.81],[-81.35,8.78],[-81.55,8.83],[-81.71,9.02],[-81.89,9.14],[-81.9,9.11],[-81.78,8.96],[-82.08,8.93],[-82.24,9.03],[-82.24,9.14],[-82.19,9.19],[-82.2,9.22],[-82.27,9.19],[-82.34,9.21],[-82.37,9.43],[-82.61,9.62],[-82.78,9.67],[-83.03,9.99],[-83.12,10.04],[-83.35,10.32],[-83.45,10.47],[-83.62,10.88],[-83.64,10.92],[-83.71,10.93],[-83.83,11.13],[-83.87,11.3],[-83.74,11.57],[-83.65,11.64],[-83.7,11.82],[-83.83,11.86],[-83.77,11.93],[-83.77,12.06],[-83.68,12.02],[-83.65,12.29],[-83.75,12.5],[-83.63,12.61],[-83.59,12.71],[-83.58,12.67],[-83.63,12.46],[-83.6,12.4],[-83.51,12.41],[-83.54,12.6],[-83.51,12.94],[-83.57,13.32],[-83.49,13.74],[-83.41,14.0],[-83.28,14.15],[-83.19,14.34],[-83.3,14.75],[-83.37,14.77],[-83.41,14.83],[-83.34,14.9],[-83.31,14.89],[-83.3,14.8],[-83.28,14.81],[-83.16,14.99],[-83.29,15.08],[-83.37,15.24],[-83.65,15.37],[-83.68,15.37],[-83.55,15.29],[-83.5,15.22],[-83.59,15.27],[-83.76,15.22],[-83.93,15.39],[-84.1,15.4],[-84.11,15.49],[-84.08,15.51],[-83.97,15.52],[-83.77,15.41],[-83.78,15.44],[-84.26,15.82],[-84.52,15.87],[-84.43,15.83],[-84.49,15.79],[-84.56,15.8],[-84.65,15.88],[-84.97,15.99],[-85.16,15.92],[-85.48,15.9],[-85.78,16.0],[-85.99,16.02],[-85.94,15.95],[-86.18,15.89],[-86.36,15.78],[-86.76,15.79],[-86.91,15.76],[-87.29,15.83],[-87.49,15.79],[-87.62,15.91],[-87.7,15.91],[-87.87,15.88],[-88.13,15.7],[-88.23,15.73],[-88.59,15.95],[-88.54,15.85],[-88.6,15.76],[-88.89,15.89],[-88.91,15.96],[-88.88,16.02],[-88.7,16.25],[-88.56,16.29],[-88.31,16.63],[-88.26,16.96],[-88.29,17.31],[-88.2,17.52],[-88.27,17.61],[-88.09,18.23],[-88.13,18.35],[-88.35,18.36],[-88.2,18.64],[-88.2,18.72],[-88.07,18.83],[-88.03,18.84],[-88.01,18.73],[-88.06,18.52],[-88.04,18.48],[-87.96,18.44],[-87.88,18.27],[-87.85,18.27],[-87.8,18.36],[-87.76,18.45],[-87.73,18.66],[-87.65,18.8],[-87.5,19.29],[-87.51,19.32],[-87.55,19.32],[-87.62,19.25],[-87.66,19.26],[-87.66,19.35],[-87.48,19.44],[-87.43,19.5],[-87.42,19.58],[-87.65,19.55],[-87.69,19.59],[-87.69,19.64],[-87.59,19.78],[-87.47,19.82],[-87.44,19.86],[-87.47,20.1],[-87.42,20.23],[-87.22,20.51],[-87.06,20.63],[-86.86,20.89],[-86.77,21.15],[-86.82,21.23],[-86.82,21.42],[-86.91,21.46],[-87.03,21.59],[-87.13,21.62],[-87.39,21.55],[-87.3,21.52],[-87.19,21.55],[-87.16,21.51],[-87.25,21.45],[-88.13,21.62],[-88.25,21.57],[-88.47,21.57],[-88.58,21.54],[-88.75,21.45],[-88.88,21.41],[-89.82,21.27],[-90.18,21.12],[-90.35,21.01],[-90.46,20.71],[-90.49,19.95],[-90.69,19.73],[-90.74,19.35],[-90.96,19.15],[-91.44,18.89],[-91.47,18.83],[-91.45,18.83],[-91.34,18.9],[-91.37,18.81],[-91.28,18.72],[-91.28,18.62],[-91.44,18.54],[-91.53,18.46],[-91.8,18.47],[-91.91,18.53],[-91.94,18.56],[-91.88,18.6],[-91.88,18.64],[-91.97,18.72],[-92.44,18.68],[-92.71,18.61],[-92.77,18.52],[-92.88,18.47],[-93.13,18.42],[-93.55,18.43],[-94.19,18.2],[-94.46,18.17],[-94.55,18.17],[-94.8,18.51],[-95.01,18.57],[-95.18,18.7],[-95.56,18.72],[-95.7,18.77],[-95.58,18.69],[-95.63,18.69],[-95.82,18.75],[-95.93,18.85],[-95.78,18.81],[-95.91,18.9],[-95.98,19.05],[-96.07,19.11],[-96.12,19.2],[-96.29,19.34],[-96.46,19.87],[-97.19,20.72],[-97.19,20.8],[-97.5,21.4],[-97.51,21.48],[-97.64,21.6],[-97.75,22.03],[-97.59,21.76],[-97.38,21.57],[-97.43,21.36],[-97.41,21.27],[-97.31,21.56],[-97.58,21.81],[-97.76,22.11],[-97.86,22.62],[-97.75,22.94],[-97.77,23.31],[-97.74,23.76],[-97.67,24.39],[-97.51,25.01],[-97.16,25.75],[-97.14,26.03],[-97.15,26.07],[-97.21,26.07],[-97.44,26.49],[-97.55,26.97],[-97.48,27.12],[-97.49,27.24],[-97.69,27.29],[-97.77,27.46],[-97.52,27.31],[-97.44,27.33],[-97.29,27.67],[-97.43,27.84],[-97.37,27.87],[-97.25,27.85],[-97.17,27.88],[-97.07,27.99],[-97.03,28.09],[-97.14,28.06],[-97.16,28.14],[-97.02,28.16],[-96.93,28.22],[-96.89,28.16],[-96.84,28.19],[-96.81,28.22],[-96.77,28.42],[-96.68,28.34],[-96.56,28.37],[-96.42,28.46],[-96.52,28.49],[-96.64,28.71],[-96.58,28.72],[-96.45,28.59],[-96.37,28.66],[-96.01,28.63],[-96.23,28.49],[-95.85,28.64],[-95.27,28.96],[-95.15,29.08],[-95.14,29.17],[-94.89,29.37],[-94.99,29.53],[-95.02,29.7],[-94.89,29.68],[-94.83,29.75],[-94.74,29.75],[-94.72,29.66],[-94.78,29.55],[-94.53,29.55],[-94.75,29.42],[-94.76,29.38],[-94.1,29.67],[-93.89,29.69],[-93.95,29.81],[-93.84,29.98],[-93.77,29.95],[-93.81,29.85],[-93.88,29.81],[-93.83,29.73],[-93.69,29.77],[-93.18,29.78],[-92.67,29.6],[-92.26,29.56],[-92.08,29.59],[-92.06,29.62],[-92.14,29.7],[-92.02,29.8],[-91.89,29.84],[-91.82,29.75],[-91.67,29.75],[-91.51,29.56],[-91.33,29.51],[-91.25,29.56],[-91.24,29.46],[-91.15,29.32],[-91.24,29.33],[-91.28,29.32],[-91.29,29.29],[-90.75,29.13],[-90.68,29.15],[-90.59,29.27],[-90.38,29.3],[-90.3,29.26],[-90.21,29.1],[-90.1,29.18],[-90.05,29.34],[-90.05,29.43],[-90.14,29.48],[-90.16,29.54],[-89.88,29.46],[-89.82,29.42],[-89.79,29.33],[-89.62,29.3],[-89.44,29.19],[-89.35,29.07],[-89.38,28.98],[-89.24,29.08],[-89.16,29.02],[-89.11,29.1],[-89.02,29.14],[-89.02,29.2],[-89.12,29.25],[-89.18,29.34],[-89.51,29.42],[-89.67,29.54],[-89.72,29.62],[-89.68,29.67],[-89.56,29.7],[-89.59,29.73],[-89.53,29.77],[-89.35,29.82],[-89.36,29.92],[-89.41,30.01],[-89.4,30.05],[-89.49,30.06],[-89.56,30.0],[-89.59,29.92],[-89.63,29.9],[-89.74,29.93],[-89.82,30.01],[-89.67,30.12],[-89.67,30.14],[-89.74,30.17],[-89.81,30.12],[-89.89,30.13],[-89.99,30.06],[-90.18,30.03],[-90.28,30.07],[-90.41,30.14],[-90.33,30.28],[-90.23,30.38],[-90.05,30.35],[-89.95,30.27],[-89.59,30.17],[-89.44,30.22],[-89.32,30.35],[-89.22,30.33],[-88.91,30.42],[-88.69,30.36],[-88.14,30.37],[-88.01,30.69],[-87.92,30.56],[-87.92,30.45],[-87.86,30.41],[-87.79,30.29],[-88.01,30.23],[-87.62,30.26],[-87.45,30.39],[-87.5,30.31],[-87.48,30.29],[-87.28,30.34],[-87.18,30.45],[-87.17,30.54],[-87.07,30.5],[-87.0,30.57],[-86.97,30.5],[-86.99,30.43],[-87.12,30.4],[-87.2,30.34],[-86.68,30.4],[-86.45,30.5],[-86.26,30.49],[-86.17,30.46],[-86.12,30.41],[-86.24,30.43],[-86.45,30.4],[-86.18,30.33],[-85.79,30.17],[-85.76,30.17],[-85.74,30.24],[-85.6,30.29],[-85.66,30.19],[-85.61,30.15],[-85.62,30.12],[-85.68,30.12],[-85.35,29.88],[-85.31,29.8],[-85.31,29.76],[-85.34,29.74],[-85.41,29.84],[-85.41,29.77],[-85.38,29.7],[-85.32,29.68],[-85.03,29.72],[-84.89,29.78],[-84.8,29.77],[-84.55,29.9],[-84.38,29.91],[-84.36,30.03],[-84.31,30.06],[-84.04,30.1],[-83.69,29.93],[-83.29,29.45],[-82.77,29.05],[-82.65,28.89],[-82.66,28.49],[-82.84,27.85],[-82.74,27.71],[-82.72,27.73],[-82.66,27.72],[-82.61,27.78],[-82.6,27.87],[-82.68,27.96],[-82.64,27.98],[-82.58,27.96],[-82.52,27.88],[-82.45,27.9],[-82.41,27.86],[-82.43,27.77],[-82.64,27.52],[-82.71,27.5],[-82.62,27.4],[-82.44,27.06],[-82.29,26.87],[-82.18,26.84],[-82.18,26.94],[-82.01,26.96],[-82.07,26.89],[-82.08,26.7],[-82.04,26.55],[-81.97,26.55],[-81.92,26.63],[-81.83,26.69],[-81.96,26.49],[-81.87,26.44],[-81.81,26.15],[-81.72,25.98],[-81.57,25.89],[-81.36,25.83],[-81.35,25.73],[-81.11,25.37],[-80.98,25.31],[-80.94,25.26],[-80.97,25.22],[-81.1,25.32],[-81.14,25.31],[-81.17,25.23],[-81.11,25.14],[-80.86,25.18],[-80.74,25.16],[-80.56,25.23],[-80.48,25.23],[-80.37,25.33],[-80.3,25.62],[-80.16,25.88],[-80.13,25.83],[-80.04,26.57],[-80.05,26.81],[-80.13,27.08],[-80.23,27.21],[-80.75,28.38],[-80.84,28.76],[-80.77,28.73],[-80.77,28.63],[-80.69,28.58],[-80.73,28.46],[-80.69,28.34],[-80.63,28.52],[-80.61,28.52],[-80.61,28.18],[-80.5,27.93],[-80.46,27.9],[-80.58,28.27],[-80.57,28.43],[-80.52,28.49],[-80.9,29.05],[-81.25,29.79],[-81.52,30.8],[-81.46,31.13],[-81.44,31.2],[-81.36,31.17],[-81.29,31.26],[-81.38,31.35],[-81.29,31.37],[-81.18,31.53],[-81.26,31.54],[-81.17,31.61],[-81.2,31.7],[-81.07,31.79],[-81.11,31.88],[-80.92,31.94],[-80.85,32.11],[-80.76,32.14],[-80.69,32.22],[-80.8,32.36],[-80.8,32.45],[-80.71,32.34],[-80.65,32.4],[-80.61,32.29],[-80.58,32.29],[-80.49,32.35],[-80.47,32.42],[-80.63,32.51],[-80.57,32.53],[-80.36,32.5],[-80.23,32.58],[-80.02,32.62],[-79.94,32.67],[-79.89,32.73],[-79.93,32.81],[-79.8,32.79],[-79.61,32.91],[-79.59,33.0],[-79.42,33.04],[-79.28,33.14],[-79.23,33.19],[-79.28,33.32],[-79.23,33.4],[-79.24,33.31],[-79.19,33.24],[-79.14,33.41],[-78.84,33.72],[-78.58,33.87],[-78.41,33.92],[-78.01,33.91],[-77.97,33.99],[-77.95,34.17],[-77.93,33.94],[-77.86,34.15],[-77.75,34.28],[-77.38,34.53],[-77.41,34.59],[-77.41,34.73],[-77.36,34.62],[-77.3,34.6],[-77.13,34.71],[-76.73,34.71],[-76.71,34.75],[-76.52,34.78],[-76.44,34.84],[-76.36,34.94],[-76.46,34.99],[-76.74,34.94],[-76.9,34.97],[-76.97,35.03],[-77.07,35.15],[-76.86,35.0],[-76.78,34.99],[-76.63,35.07],[-76.61,35.15],[-76.51,35.27],[-76.6,35.33],[-76.97,35.46],[-77.04,35.53],[-76.74,35.43],[-76.63,35.45],[-76.61,35.53],[-76.58,35.53],[-76.53,35.51],[-76.49,35.4],[-76.17,35.35],[-76.1,35.38],[-75.77,35.65],[-75.74,35.77],[-75.76,35.84],[-75.81,35.96],[-75.85,35.96],[-75.98,35.9],[-76.0,35.72],[-76.08,35.69],[-76.07,35.97],[-76.21,35.99],[-76.36,35.95],[-76.73,35.96],[-76.73,36.23],[-76.68,36.08],[-76.56,36.02],[-76.48,36.03],[-76.38,36.13],[-76.23,36.12],[-76.27,36.19],[-76.15,36.15],[-76.15,36.28],[-75.88,36.18],[-75.82,36.11],[-75.87,36.27],[-75.99,36.47],[-75.95,36.66],[-75.73,36.1],[-75.53,35.82],[-75.76,36.23],[-76.0,36.91],[-76.24,36.95],[-76.4,36.89],[-76.49,36.9],[-76.5,36.96],[-76.63,37.05],[-76.67,37.17],[-77.25,37.33],[-77.01,37.32],[-76.7,37.22],[-76.63,37.22],[-76.6,37.14],[-76.4,36.99],[-76.28,37.05],[-76.33,37.15],[-76.61,37.32],[-76.74,37.45],[-76.76,37.51],[-76.54,37.31],[-76.45,37.27],[-76.39,37.3],[-76.4,37.39],[-76.26,37.36],[-76.27,37.5],[-76.37,37.53],[-76.31,37.57],[-76.55,37.67],[-76.93,38.03],[-77.11,38.17],[-76.94,38.1],[-76.83,37.96],[-76.49,37.68],[-76.34,37.68],[-76.31,37.72],[-76.26,37.89],[-76.47,38.01],[-76.55,38.09],[-76.91,38.2],[-77.05,38.36],[-77.23,38.34],[-77.31,38.4],[-77.26,38.6],[-77.05,38.78],[-77.03,38.89],[-77.02,38.78],[-77.22,38.54],[-77.23,38.41],[-77.16,38.4],[-77.0,38.45],[-76.89,38.29],[-76.87,38.39],[-76.77,38.26],[-76.45,38.17],[-76.34,38.09],[-76.33,38.14],[-76.41,38.27],[-76.64,38.45],[-76.67,38.54],[-76.68,38.61],[-76.57,38.44],[-76.44,38.36],[-76.39,38.37],[-76.5,38.53],[-76.54,38.74],[-76.49,38.95],[-76.56,39.07],[-76.47,39.03],[-76.42,39.07],[-76.43,39.13],[-76.49,39.16],[-76.57,39.27],[-76.42,39.23],[-76.41,39.3],[-76.36,39.32],[-76.33,39.4],[-76.28,39.32],[-76.25,39.44],[-76.22,39.38],[-76.1,39.43],[-76.06,39.56],[-75.96,39.59],[-75.97,39.5],[-75.87,39.51],[-76.0,39.41],[-75.88,39.38],[-76.07,39.37],[-76.15,39.32],[-76.24,39.19],[-76.22,39.06],[-76.13,39.12],[-76.14,39.08],[-76.19,38.99],[-76.31,39.01],[-76.33,38.91],[-76.24,38.94],[-76.19,38.92],[-76.17,38.85],[-76.3,38.82],[-76.34,38.71],[-76.28,38.77],[-76.21,38.76],[-76.06,38.62],[-76.02,38.63],[-76.0,38.6],[-76.26,38.6],[-76.29,38.49],[-76.26,38.44],[-76.21,38.36],[-76.05,38.28],[-75.99,38.33],[-75.97,38.29],[-75.86,38.36],[-75.86,38.26],[-75.93,38.17],[-75.8,38.09],[-75.85,37.97],[-75.66,37.95],[-75.72,37.82],[-75.89,37.62],[-75.98,37.4],[-76.0,37.26],[-75.93,37.15],[-75.81,37.43],[-75.7,37.52],[-75.59,37.56],[-75.6,37.63],[-75.35,38.07],[-75.23,38.24],[-75.16,38.26],[-75.12,38.41],[-75.07,38.41],[-75.07,38.37],[-75.04,38.43],[-75.07,38.58],[-75.19,38.59],[-75.13,38.63],[-75.09,38.78],[-75.19,38.82],[-75.31,38.97],[-75.39,39.09],[-75.41,39.28],[-75.57,39.48],[-75.59,39.64],[-75.46,39.78],[-75.32,39.86],[-75.17,39.89],[-75.07,39.98],[-75.15,39.87],[-75.42,39.79],[-75.52,39.6],[-75.52,39.49],[-75.35,39.34],[-75.14,39.21],[-75.05,39.21],[-74.9,39.15],[-74.95,38.95],[-74.92,38.94],[-74.79,39.0],[-74.58,39.32],[-74.47,39.34],[-74.43,39.39],[-74.39,39.49],[-74.41,39.55],[-74.33,39.54],[-74.26,39.61],[-74.18,39.73],[-74.1,39.98],[-74.06,39.99],[-74.08,39.79],[-73.96,40.33],[-73.97,40.4],[-74.0,40.45],[-74.05,40.43],[-74.24,40.46],[-74.26,40.53],[-74.19,40.65],[-74.03,40.76],[-73.93,40.91],[-73.92,41.14],[-73.97,41.25],[-73.88,41.17],[-73.87,41.06],[-73.99,40.75],[-73.58,41.02],[-73.02,41.22],[-72.92,41.29],[-72.48,41.28],[-72.37,41.31],[-72.27,41.29],[-71.52,41.38],[-71.44,41.45],[-71.43,41.63],[-71.36,41.7],[-71.39,41.8],[-71.27,41.68],[-71.15,41.75],[-71.2,41.64],[-71.17,41.49],[-71.08,41.54],[-70.97,41.55],[-70.7,41.71],[-70.67,41.71],[-70.66,41.53],[-70.4,41.63],[-69.95,41.68],[-69.94,41.81],[-69.98,41.96],[-70.11,42.08],[-70.2,42.1],[-70.24,42.07],[-70.2,42.04],[-70.17,42.06],[-70.11,42.03],[-70.0,41.83],[-70.3,41.73],[-70.43,41.76],[-70.51,41.8],[-70.55,41.94],[-70.66,41.99],[-70.62,42.04],[-70.74,42.23],[-71.05,42.33],[-70.83,42.55],[-70.61,42.62],[-70.62,42.67],[-70.74,42.67],[-70.83,42.83],[-70.73,43.07],[-70.64,43.13],[-70.52,43.35],[-70.2,43.63],[-70.27,43.67],[-70.18,43.77],[-69.97,43.86],[-69.97,43.79],[-69.87,43.82],[-69.81,43.77],[-69.8,43.91],[-69.73,43.85],[-69.7,43.96],[-69.65,43.99],[-69.62,43.88],[-69.59,43.89],[-69.56,43.98],[-69.52,43.9],[-69.34,44.0],[-69.23,43.99],[-69.07,44.1],[-69.06,44.17],[-68.96,44.35],[-68.96,44.43],[-68.85,44.49],[-68.76,44.57],[-68.79,44.45],[-68.71,44.44],[-68.81,44.34],[-68.61,44.31],[-68.53,44.26],[-68.52,44.38],[-68.45,44.51],[-68.37,44.45],[-68.28,44.51],[-68.15,44.5],[-68.06,44.38],[-67.96,44.46],[-67.91,44.45],[-67.84,44.58],[-67.65,44.56],[-67.6,44.58],[-67.56,44.64],[-67.36,44.7],[-67.19,44.68],[-66.99,44.83],[-67.01,44.87],[-67.11,44.89],[-67.11,44.94],[-67.08,44.99],[-67.12,45.17],[-67.08,45.14],[-66.92,45.15],[-66.87,45.07],[-66.51,45.14],[-66.44,45.1],[-66.14,45.23],[-66.11,45.26],[-66.18,45.34],[-66.03,45.42],[-66.11,45.32],[-65.96,45.22],[-65.88,45.22],[-65.55,45.34],[-64.9,45.63],[-64.78,45.64],[-64.59,45.81],[-64.63,45.95],[-64.48,45.81],[-64.31,45.84],[-64.56,45.63],[-64.83,45.48],[-64.91,45.37],[-64.87,45.35],[-64.75,45.32],[-64.6,45.41],[-64.34,45.39],[-64.09,45.41],[-63.91,45.38],[-63.61,45.39],[-63.37,45.36],[-63.46,45.32],[-63.75,45.31],[-64.09,45.22],[-64.18,45.15],[-64.14,45.02],[-64.24,45.11],[-64.35,45.14],[-64.33,45.31],[-64.45,45.34],[-64.41,45.31],[-64.45,45.26],[-64.9,45.12],[-65.66,44.76],[-65.73,44.7],[-65.5,44.76],[-65.62,44.68],[-65.92,44.62],[-66.09,44.5],[-66.15,44.44],[-65.94,44.58],[-65.87,44.57],[-66.1,44.37],[-66.19,44.14],[-66.13,43.81],[-66.04,43.74],[-65.98,43.81],[-65.89,43.8],[-65.74,43.56],[-65.66,43.53],[-65.56,43.55],[-65.48,43.52],[-65.43,43.56],[-65.34,43.55],[-65.33,43.67],[-65.23,43.73],[-65.09,43.73],[-64.86,43.87],[-64.58,44.14],[-64.47,44.19],[-64.38,44.3],[-64.33,44.29],[-64.28,44.33],[-64.34,44.44],[-64.29,44.55],[-64.17,44.59],[-64.1,44.49],[-64.0,44.64],[-63.82,44.51],[-63.61,44.48],[-63.54,44.54],[-63.6,44.68],[-63.46,44.64],[-63.31,44.64],[-63.16,44.71],[-63.03,44.71],[-62.51,44.84],[-61.28,45.24],[-61.17,45.26],[-61.1,45.23],[-61.03,45.29],[-61.11,45.35],[-61.46,45.37],[-61.28,45.44],[-61.28,45.48],[-61.35,45.57],[-61.49,45.69],[-61.66,45.64],[-61.78,45.66],[-61.88,45.71],[-61.92,45.85],[-61.96,45.87],[-62.48,45.62],[-62.59,45.66],[-62.75,45.65],[-62.7,45.74],[-63.11,45.78],[-63.29,45.75],[-63.51,45.87],[-63.7,45.86],[-64.06,46.02],[-63.83,46.11],[-63.92,46.17],[-64.54,46.24],[-64.56,46.31],[-64.65,46.36],[-64.64,46.43],[-64.73,46.67],[-64.82,46.7],[-64.91,46.89],[-64.83,47.06],[-65.04,47.09],[-65.19,47.05],[-65.32,47.1],[-64.91,47.37],[-64.85,47.57],[-64.7,47.72],[-64.87,47.8],[-65.05,47.79],[-65.0,47.85],[-65.23,47.81],[-65.48,47.69],[-65.61,47.67],[-65.67,47.7],[-65.76,47.86],[-65.85,47.91],[-66.21,47.99],[-66.36,48.06],[-66.7,48.02],[-66.45,48.12],[-66.08,48.1],[-65.93,48.19],[-65.48,48.03],[-65.26,48.02],[-64.82,48.2],[-64.63,48.36],[-64.35,48.42],[-64.25,48.55],[-64.25,48.69],[-64.51,48.84],[-64.21,48.81],[-64.22,48.87],[-64.26,48.92],[-64.57,49.1],[-64.84,49.19],[-65.52,49.27],[-66.18,49.21],[-66.6,49.13],[-67.56,48.86],[-68.24,48.63],[-68.99,48.27],[-69.31,48.05],[-69.47,47.97],[-69.58,47.82],[-70.02,47.47],[-70.07,47.38],[-70.22,47.29],[-70.39,47.12],[-70.52,47.03],[-71.15,46.82],[-71.26,46.76],[-71.67,46.65],[-71.9,46.63],[-72.19,46.51],[-72.24,46.44],[-72.5,46.35],[-72.73,46.18],[-72.99,46.1],[-73.16,46.01],[-73.47,45.63],[-73.52,45.46],[-73.56,45.43],[-73.76,45.4],[-74.05,45.24],[-74.27,45.19],[-74.57,45.04],[-74.71,45.0],[-74.36,45.21],[-74.1,45.32],[-73.97,45.35],[-74.0,45.43],[-74.32,45.53],[-74.04,45.5],[-73.9,45.56],[-73.71,45.71],[-73.48,45.74],[-73.28,45.9],[-73.15,46.07],[-73.02,46.12],[-72.98,46.21],[-72.68,46.29],[-72.26,46.49],[-72.2,46.56],[-71.88,46.69],[-71.76,46.67],[-71.27,46.8],[-71.12,46.92],[-70.71,47.14],[-70.45,47.42],[-69.99,47.74],[-69.91,47.83],[-69.78,48.1],[-69.87,48.17],[-70.5,48.35],[-70.84,48.37],[-71.02,48.46],[-70.38,48.37],[-69.85,48.21],[-69.67,48.2],[-69.55,48.25],[-69.37,48.39],[-69.23,48.57],[-68.93,48.83],[-68.67,48.94],[-68.63,49.01],[-68.54,49.06],[-68.22,49.15],[-68.28,49.2],[-68.06,49.26],[-67.37,49.35],[-67.26,49.45],[-67.23,49.6],[-66.94,49.99],[-66.74,50.07],[-66.5,50.21],[-66.13,50.2],[-65.96,50.29],[-65.76,50.26],[-65.27,50.32],[-64.87,50.28],[-64.51,50.31],[-64.17,50.27],[-63.85,50.31],[-63.59,50.26],[-63.24,50.24],[-63.14,50.29],[-62.72,50.3],[-61.92,50.23],[-61.72,50.1],[-61.29,50.2],[-60.96,50.21],[-60.81,50.25],[-60.61,50.22],[-60.08,50.25],[-59.89,50.32],[-59.82,50.42],[-59.61,50.49],[-59.38,50.68],[-59.17,50.78],[-58.64,51.17],[-58.59,51.26],[-58.51,51.3],[-58.09,51.31],[-57.77,51.43],[-57.46,51.47],[-56.98,51.46],[-56.02,51.93],[-55.7,52.14],[-55.67,52.19],[-55.69,52.24],[-56.01,52.39],[-55.78,52.36],[-55.72,52.39],[-55.71,52.43],[-55.75,52.47],[-56.05,52.54],[-56.32,52.54],[-56.29,52.57],[-55.8,52.64],[-55.87,52.74],[-55.83,52.88],[-55.89,53.0],[-55.81,53.13],[-55.8,53.21],[-55.85,53.29],[-55.86,53.34],[-55.97,53.47],[-56.11,53.59],[-56.35,53.62],[-56.46,53.77],[-56.84,53.74],[-57.01,53.67],[-57.33,53.47],[-57.39,53.56],[-57.52,53.61],[-57.24,53.72],[-57.13,53.79],[-57.2,53.92],[-57.42,54.16],[-58.19,54.23],[-58.36,54.17],[-58.32,54.11],[-58.06,54.13],[-57.94,54.09],[-58.33,54.05],[-58.65,53.98],[-58.92,53.88],[-59.32,53.64],[-59.62,53.54],[-59.83,53.5],[-60.15,53.31],[-60.33,53.27],[-60.35,53.29],[-60.25,53.34],[-60.31,53.36],[-60.29,53.39],[-60.1,53.49],[-60.37,53.61],[-60.4,53.65],[-60.14,53.6],[-60.06,53.73],[-59.82,53.83],[-59.5,53.83],[-59.04,53.96],[-58.92,54.03],[-58.63,54.05],[-58.44,54.23],[-58.22,54.29],[-58.15,54.35],[-57.7,54.39],[-57.56,54.44],[-57.4,54.59],[-57.48,54.64],[-57.63,54.65],[-57.83,54.72],[-57.93,54.77],[-57.96,54.88],[-58.2,54.87],[-58.22,54.81],[-58.4,54.77],[-58.78,54.84],[-58.89,54.95],[-59.0,55.15],[-59.26,55.2],[-59.43,55.06],[-59.84,54.81],[-59.74,54.94],[-59.44,55.18],[-59.69,55.2],[-59.7,55.27],[-59.76,55.31],[-59.93,55.26],[-60.21,55.24],[-60.62,55.06],[-60.45,55.2],[-60.36,55.37],[-60.19,55.48],[-60.41,55.65],[-60.34,55.78],[-60.48,55.81],[-60.56,55.73],[-60.59,55.81],[-60.74,55.89],[-60.74,55.94],[-60.83,55.96],[-61.0,55.86],[-61.09,55.87],[-61.19,55.96],[-61.45,56.0],[-61.45,56.02],[-61.3,56.05],[-61.36,56.22],[-61.71,56.23],[-61.71,56.29],[-61.43,56.36],[-61.94,56.42],[-62.01,56.45],[-61.9,56.51],[-61.74,56.53],[-61.85,56.58],[-61.99,56.59],[-62.12,56.67],[-62.4,56.73],[-62.5,56.8],[-62.3,56.83],[-62.38,56.79],[-62.37,56.77],[-62.06,56.7],[-61.53,56.65],[-61.37,56.68],[-61.39,56.85],[-61.33,57.01],[-61.63,57.18],[-61.86,57.2],[-61.98,57.25],[-61.85,57.37],[-61.92,57.42],[-62.09,57.45],[-62.4,57.45],[-62.5,57.49],[-62.34,57.48],[-61.97,57.61],[-61.93,57.67],[-61.99,57.77],[-61.9,57.86],[-61.96,57.91],[-62.12,57.96],[-62.31,57.97],[-62.49,58.15],[-62.82,58.13],[-63.22,58.0],[-63.26,58.01],[-63.06,58.13],[-62.81,58.2],[-62.67,58.32],[-62.59,58.47],[-62.61,58.5],[-62.74,58.49],[-63.13,58.41],[-63.12,58.44],[-63.21,58.47],[-63.47,58.33],[-63.54,58.33],[-63.39,58.45],[-63.1,58.55],[-62.87,58.67],[-62.93,58.77],[-63.05,58.88],[-63.28,58.87],[-63.22,58.93],[-63.31,59.03],[-63.22,59.06],[-63.25,59.07],[-63.4,59.08],[-63.79,59.03],[-63.94,59.03],[-63.97,59.05],[-63.65,59.08],[-63.51,59.12],[-63.42,59.19],[-63.54,59.33],[-63.64,59.34],[-63.78,59.28],[-63.76,59.32],[-63.78,59.35],[-63.95,59.38],[-63.97,59.41],[-63.75,59.51],[-63.93,59.64],[-63.98,59.75],[-64.06,59.82],[-64.23,59.74],[-64.17,59.85],[-64.18,59.97],[-64.28,60.06],[-64.77,60.01],[-64.53,60.09],[-64.42,60.17],[-64.44,60.23],[-64.5,60.27],[-64.71,60.34],[-64.82,60.33],[-64.93,60.25],[-65.17,59.91],[-65.16,59.83],[-65.03,59.77],[-65.05,59.75],[-65.29,59.82],[-65.43,59.78],[-65.49,59.65],[-65.41,59.54],[-65.04,59.39],[-65.35,59.48],[-65.48,59.47],[-65.49,59.45],[-65.41,59.31],[-65.51,59.35],[-65.61,59.21],[-65.7,59.21],[-65.61,59.11],[-65.38,59.06],[-65.54,59.01],[-65.72,59.02],[-65.7,58.97],[-65.84,58.98],[-65.92,58.91],[-65.84,58.86],[-65.85,58.85],[-66.04,58.82],[-65.92,58.57],[-66.0,58.43],[-66.03,58.57],[-66.09,58.66],[-66.24,58.77],[-66.36,58.79],[-66.48,58.73],[-66.61,58.55],[-66.72,58.49],[-67.02,58.43],[-67.57,58.21],[-67.68,57.99],[-67.69,58.24],[-67.76,58.4],[-67.86,58.27],[-68.06,58.14],[-67.89,58.3],[-68.02,58.49],[-68.11,58.47],[-68.18,58.4],[-68.29,58.18],[-68.41,58.05],[-68.5,58.01],[-68.78,57.98],[-69.04,57.9],[-68.95,57.97],[-68.47,58.08],[-68.36,58.16],[-68.23,58.4],[-68.23,58.48],[-68.25,58.56],[-68.33,58.6],[-68.38,58.74],[-68.47,58.82],[-68.7,58.9],[-69.27,58.88],[-69.79,58.69],[-70.15,58.76],[-70.16,58.79],[-69.87,58.86],[-69.78,58.96],[-69.65,58.82],[-69.53,58.87],[-69.41,59.09],[-69.45,59.18],[-69.34,59.3],[-69.4,59.34],[-69.68,59.34],[-69.71,59.39],[-69.69,59.49],[-69.58,59.68],[-69.63,59.82],[-69.73,59.92],[-69.81,59.94],[-70.62,59.98],[-70.65,60.03],[-69.96,60.02],[-69.8,60.03],[-69.67,60.08],[-69.63,60.12],[-69.63,60.2],[-69.74,60.33],[-69.75,60.49],[-69.64,60.69],[-69.4,60.85],[-69.47,61.01],[-69.56,61.06],[-69.62,61.05],[-69.71,60.91],[-69.99,60.86],[-70.1,60.88],[-70.15,60.92],[-70.16,61.02],[-70.28,61.07],[-70.72,61.06],[-71.18,61.15],[-71.42,61.16],[-71.74,61.34],[-71.73,61.37],[-71.65,61.41],[-71.85,61.44],[-71.76,61.53],[-71.62,61.57],[-71.6,61.59],[-71.64,61.62],[-71.87,61.69],[-72.02,61.61],[-72.22,61.59],[-72.25,61.6],[-72.08,61.64],[-72.04,61.68],[-72.23,61.83],[-72.51,61.92],[-72.77,61.84],[-72.63,62.03],[-72.69,62.12],[-72.88,62.13],[-73.3,62.33],[-73.71,62.47],[-74.65,62.21],[-74.69,62.18],[-74.61,62.13],[-74.63,62.12],[-75.02,62.26],[-75.34,62.31],[-75.79,62.18],[-75.81,62.19],[-75.68,62.25],[-75.82,62.32],[-76.88,62.53],[-77.37,62.57],[-77.6,62.53],[-77.9,62.43],[-78.07,62.36],[-78.13,62.28],[-78.14,62.11],[-78.02,61.83],[-77.89,61.73],[-77.51,61.56],[-77.74,61.44],[-77.73,61.23],[-77.77,61.16],[-78.18,60.82],[-77.87,60.79],[-77.6,60.83],[-77.59,60.81],[-77.66,60.79],[-77.79,60.64],[-77.71,60.58],[-77.5,60.54],[-77.6,60.51],[-77.68,60.43],[-77.45,60.15],[-77.59,60.09],[-77.29,60.02],[-77.37,59.93],[-77.33,59.8],[-77.49,59.68],[-77.35,59.58],[-77.4,59.57],[-77.59,59.68],[-77.73,59.68],[-77.73,59.58],[-77.86,59.48],[-77.76,59.38],[-77.84,59.31],[-78.07,59.2],[-78.43,58.9],[-78.5,58.77],[-78.51,58.65],[-78.46,58.6],[-78.35,58.58],[-78.01,58.4],[-77.55,58.24],[-77.16,58.02],[-76.89,57.76],[-76.66,57.38],[-76.57,57.18],[-76.53,56.89],[-76.53,56.5],[-76.6,56.2],[-76.76,56.0],[-77.17,55.66],[-77.78,55.29],[-78.48,55.01],[-79.71,54.67],[-79.6,54.6],[-79.48,54.39],[-79.36,54.26],[-79.15,54.17],[-79.18,54.12],[-79.24,54.1],[-79.07,54.05],[-79.0,54.0],[-79.08,53.93],[-78.95,53.83],[-79.04,53.82],[-79.11,53.72],[-79.1,53.66],[-78.99,53.41],[-78.9,53.04],[-78.72,52.86],[-78.77,52.76],[-78.74,52.66],[-78.56,52.49],[-78.53,52.31],[-78.45,52.26],[-78.54,52.21],[-78.7,52.03],[-78.83,51.96],[-78.93,51.8],[-78.98,51.77],[-78.98,51.73],[-78.73,51.5],[-78.86,51.38],[-78.9,51.2],[-79.04,51.46],[-79.26,51.55],[-79.3,51.62],[-79.5,51.57],[-79.69,51.35],[-79.74,51.19],[-79.71,51.12],[-79.45,50.92],[-79.35,50.76],[-79.84,51.17],[-80.1,51.28],[-80.37,51.33],[-80.48,51.31],[-80.85,51.12],[-80.67,51.26],[-80.44,51.39],[-80.5,51.53],[-80.66,51.76],[-80.97,51.97],[-81.29,52.09],[-81.47,52.2],[-81.55,52.24],[-81.83,52.22],[-81.61,52.32],[-81.57,52.37],[-81.6,52.43],[-82.02,52.81],[-82.26,52.96],[-82.29,53.03],[-82.26,53.16],[-82.16,53.26],[-82.15,53.36],[-82.19,53.61],[-82.14,53.82],[-82.24,54.04],[-82.39,54.18],[-82.42,54.24],[-82.42,54.36],[-82.22,54.81],[-82.31,55.0],[-82.39,55.07],[-82.58,55.15],[-82.87,55.16],[-82.99,55.23],[-83.21,55.21],[-83.91,55.31],[-84.52,55.26],[-85.06,55.29],[-85.21,55.22],[-85.37,55.08],[-85.21,55.3],[-85.22,55.35],[-85.68,55.6],[-86.92,55.91],[-87.48,56.02],[-88.08,56.47],[-88.45,56.61],[-88.83,56.81],[-89.79,56.98],[-90.59,57.22],[-90.9,57.26],[-91.11,57.24],[-92.36,56.97],[-92.3,57.05],[-92.46,57.04],[-92.8,56.92],[-92.61,57.04],[-92.48,57.21],[-92.43,57.32],[-92.49,57.47],[-92.7,57.78],[-92.84,58.08],[-93.1,58.49],[-93.18,58.73],[-93.28,58.76],[-93.78,58.77],[-94.12,58.74],[-94.21,58.63],[-94.27,58.38],[-94.33,58.3],[-94.29,58.72],[-94.42,58.75],[-94.58,58.87],[-94.67,58.87],[-94.78,59.02],[-94.96,59.07],[-94.87,59.09],[-94.79,59.27],[-94.79,59.95],[-94.65,60.42],[-94.76,60.5],[-94.68,60.54],[-94.57,60.54],[-94.51,60.6],[-94.07,61.14],[-94.05,61.21],[-94.08,61.3],[-93.94,61.31],[-93.89,61.34],[-93.94,61.44],[-93.91,61.48],[-93.71,61.6],[-93.31,61.77],[-93.49,61.85],[-93.58,61.94],[-93.33,61.93],[-93.27,61.96],[-93.37,62.01],[-93.35,62.03],[-93.07,62.06],[-93.02,62.09],[-93.07,62.15],[-92.91,62.22],[-92.99,62.29],[-93.21,62.36],[-92.87,62.31],[-92.53,62.17],[-92.63,62.28],[-92.77,62.35],[-92.77,62.38],[-92.59,62.47],[-92.55,62.55],[-92.27,62.59],[-92.01,62.54],[-91.94,62.59],[-91.96,62.64],[-92.31,62.71],[-92.38,62.77],[-92.36,62.82],[-92.03,62.86],[-91.45,62.8],[-91.11,62.92],[-90.78,62.97],[-90.7,63.06],[-90.71,63.3],[-90.75,63.35],[-90.97,63.44],[-91.33,63.51],[-91.84,63.7],[-92.29,63.56],[-92.47,63.56],[-92.16,63.69],[-93.38,63.95],[-93.41,63.94],[-93.38,63.9],[-93.27,63.84],[-93.56,63.87],[-93.66,63.94],[-93.6,64.04],[-93.7,64.15],[-93.43,64.03],[-92.34,63.79],[-92.09,63.78],[-91.98,63.82],[-91.93,63.81],[-91.96,63.77],[-91.93,63.76],[-91.54,63.73],[-91.11,63.62],[-90.81,63.58],[-90.71,63.6],[-90.6,63.66],[-90.37,63.62],[-90.15,63.69],[-90.01,63.8],[-90.17,63.98],[-89.86,63.96],[-89.95,64.08],[-90.08,64.13],[-90.04,64.14],[-89.81,64.18],[-89.76,64.1],[-89.62,64.03],[-89.5,64.01],[-89.4,64.04],[-89.13,63.97],[-89.11,63.98],[-89.2,64.11],[-88.96,64.01],[-88.65,64.01],[-88.11,64.18],[-88.0,64.24],[-87.89,64.4],[-87.28,64.83],[-87.03,65.06],[-87.0,65.11],[-87.03,65.2],[-87.39,65.26],[-88.2,65.28],[-88.97,65.35],[-89.24,65.45],[-89.6,65.65],[-89.92,65.78],[-90.98,65.92],[-91.06,65.9],[-91.04,65.83],[-91.41,65.96],[-90.32,65.93],[-89.89,65.87],[-89.85,65.87],[-89.94,65.93],[-89.75,65.94],[-89.42,65.86],[-89.09,65.74],[-88.74,65.68],[-88.67,65.61],[-87.97,65.35],[-87.29,65.35],[-87.08,65.44],[-86.04,66.02],[-85.96,66.12],[-86.0,66.19],[-86.11,66.23],[-86.69,66.36],[-86.75,66.42],[-86.69,66.46],[-86.74,66.51],[-86.71,66.52],[-86.06,66.52],[-85.6,66.57],[-85.44,66.54],[-85.1,66.33],[-84.63,66.21],[-84.48,66.18],[-84.4,66.26],[-84.29,66.29],[-83.87,66.21],[-83.8,66.24],[-83.83,66.29],[-84.09,66.53],[-84.22,66.68],[-84.74,66.93],[-84.86,66.94],[-85.02,66.87],[-85.11,66.89],[-85.04,66.96],[-84.85,67.03],[-84.54,66.97],[-84.27,66.84],[-84.37,66.81],[-84.21,66.74],[-84.0,66.73],[-83.65,66.48],[-83.59,66.39],[-83.52,66.37],[-83.3,66.39],[-82.95,66.55],[-82.64,66.59],[-82.2,66.76],[-81.93,66.97],[-81.63,67.0],[-81.47,67.07],[-81.3,67.36],[-81.27,67.46],[-81.29,67.5],[-81.41,67.6],[-81.87,67.8],[-82.06,67.93],[-82.1,68.02],[-82.01,68.19],[-82.15,68.14],[-82.22,68.15],[-82.42,68.3],[-82.39,68.34],[-82.41,68.36],[-82.55,68.45],[-82.5,68.48],[-82.21,68.51],[-81.91,68.46],[-81.53,68.56],[-81.28,68.66],[-81.26,68.78],[-81.38,68.85],[-81.96,68.88],[-81.95,68.91],[-81.61,69.0],[-81.32,69.14],[-81.41,69.2],[-81.73,69.26],[-81.95,69.28],[-82.23,69.25],[-82.25,69.26],[-82.21,69.3],[-82.31,69.41],[-82.75,69.49],[-82.5,69.53],[-82.37,69.64],[-82.62,69.69],[-83.67,69.7],[-84.32,69.84],[-84.65,69.85],[-85.02,69.8],[-85.42,69.85],[-85.53,69.84],[-85.45,69.78],[-85.5,69.65],[-85.42,69.55],[-85.44,69.49],[-85.4,69.43],[-85.43,69.35],[-85.39,69.23],[-85.28,69.17],[-85.11,69.17],[-84.86,69.07],[-84.92,68.96],[-85.08,68.91],[-85.11,68.84],[-84.87,68.77],[-85.28,68.74],[-85.49,68.77],[-85.69,68.67],[-85.74,68.58],[-85.73,68.45],[-85.95,68.07],[-86.4,67.8],[-86.48,67.71],[-86.56,67.48],[-86.92,67.36],[-87.27,67.18],[-87.36,67.18],[-87.42,67.21],[-87.5,67.36],[-88.2,67.77],[-88.31,67.95],[-88.35,68.29],[-88.24,68.34],[-88.11,68.25],[-87.99,68.24],[-87.89,68.25],[-87.83,68.3],[-87.83,68.45],[-88.04,68.81],[-89.06,69.27],[-89.28,69.26],[-89.67,69.01],[-89.78,68.74],[-89.88,68.63],[-89.9,68.49],[-90.17,68.27],[-90.25,68.27],[-90.57,68.47],[-90.51,68.69],[-90.54,68.82],[-90.48,68.88],[-90.74,69.11],[-91.24,69.29],[-91.06,69.32],[-91.0,69.28],[-90.89,69.27],[-90.82,69.29],[-90.79,69.35],[-90.68,69.43],[-90.42,69.46],[-90.67,69.52],[-91.44,69.53],[-91.17,69.62],[-91.15,69.64],[-91.2,69.64],[-91.38,69.65],[-91.72,69.55],[-91.91,69.53],[-92.21,69.6],[-92.26,69.63],[-92.23,69.65],[-92.31,69.67],[-92.89,69.67],[-91.98,70.04],[-92.13,70.08],[-92.51,70.1],[-92.32,70.24],[-92.12,70.17],[-91.86,70.13],[-91.62,70.15],[-91.56,70.18],[-91.76,70.33],[-91.82,70.34],[-91.98,70.29],[-92.05,70.3],[-92.07,70.32],[-92.05,70.39],[-92.21,70.49],[-92.36,70.63],[-92.98,70.85],[-92.9,70.92],[-92.88,71.07],[-92.95,71.26],[-93.26,71.46],[-93.76,71.64],[-93.78,71.67],[-93.75,71.74],[-93.81,71.77],[-94.31,71.76],[-94.48,71.85],[-94.49,71.92],[-94.56,71.98],[-94.89,71.96],[-95.2,71.9],[-95.51,71.78],[-95.62,71.69],[-95.87,71.57],[-95.77,71.51],[-95.41,71.49],[-95.56,71.34],[-95.73,71.33],[-96.06,71.41],[-96.45,71.24],[-96.42,71.18],[-96.52,71.13],[-96.47,71.07],[-96.55,70.89],[-96.55,70.81],[-96.26,70.64],[-95.89,70.69],[-95.99,70.62],[-95.88,70.55],[-96.12,70.56],[-96.3,70.51],[-96.55,70.33],[-96.55,70.21],[-96.49,70.12],[-96.12,69.87],[-95.96,69.8],[-95.59,69.76],[-94.82,69.58],[-94.71,69.65],[-94.63,69.65],[-94.27,69.46],[-94.02,69.45],[-93.65,69.52],[-93.53,69.48],[-93.54,69.38],[-93.43,69.38],[-93.75,69.23],[-93.82,69.25],[-93.62,69.42],[-94.25,69.31],[-94.28,69.24],[-94.26,69.15],[-94.08,69.12],[-94.56,68.91],[-94.6,68.8],[-94.48,68.74],[-94.06,68.78],[-93.99,68.82],[-93.9,68.98],[-93.85,69.0],[-93.77,68.97],[-93.68,68.89],[-93.68,68.69],[-93.64,68.63],[-93.45,68.62],[-93.93,68.47],[-94.74,68.07],[-94.86,68.04],[-95.13,68.08],[-95.46,68.02],[-95.65,67.74],[-95.46,67.61],[-95.26,67.26],[-95.32,67.15],[-95.35,66.98],[-95.4,66.95],[-95.63,66.92],[-96.04,66.94],[-96.02,66.87],[-95.74,66.69],[-95.79,66.62],[-95.81,66.69],[-95.89,66.74],[-96.36,66.99],[-96.42,67.05],[-96.35,67.07],[-96.22,67.0],[-96.02,67.02],[-95.77,66.97],[-95.5,66.98],[-95.42,67.01],[-95.42,67.16],[-95.56,67.22],[-95.78,67.18],[-95.7,67.3],[-95.72,67.32],[-96.14,67.27],[-96.19,67.38],[-96.37,67.51],[-96.37,67.55],[-96.2,67.72],[-96.04,68.16],[-95.97,68.25],[-96.44,68.15],[-96.53,68.06],[-96.72,68.04],[-96.43,68.31],[-96.63,68.25],[-96.98,68.26],[-97.27,68.45],[-97.41,68.5],[-97.55,68.47],[-97.83,68.53],[-97.93,68.52],[-97.91,68.45],[-97.79,68.39],[-98.22,68.32],[-98.47,68.38],[-98.65,68.36],[-98.38,68.13],[-98.5,68.12],[-98.19,67.92],[-98.11,67.9],[-97.74,67.98],[-97.55,67.96],[-97.21,67.86],[-97.14,67.8],[-97.16,67.73],[-97.45,67.62],[-97.93,67.71],[-98.41,67.99],[-98.63,68.07],[-98.72,68.04],[-98.7,67.97],[-98.41,67.81],[-98.92,67.73],[-99.15,67.72],[-99.77,67.81],[-100.46,67.84],[-101.55,67.69],[-101.88,67.75],[-102.32,67.74],[-102.84,67.85],[-103.47,68.12],[-103.9,68.04],[-104.19,68.03],[-104.49,68.06],[-104.66,68.15],[-104.65,68.23],[-104.91,68.25],[-104.96,68.31],[-105.1,68.3],[-105.38,68.41],[-105.43,68.46],[-105.46,68.58],[-105.54,68.72],[-105.69,68.83],[-106.16,68.92],[-107.44,68.69],[-108.31,68.61],[-108.72,68.3],[-108.32,68.15],[-107.73,68.17],[-107.68,68.2],[-107.74,68.29],[-107.62,68.33],[-107.3,68.3],[-107.15,68.3],[-106.85,68.39],[-106.61,68.36],[-106.54,68.46],[-106.46,68.52],[-105.93,68.64],[-105.75,68.59],[-105.78,68.53],[-105.93,68.44],[-106.27,68.38],[-106.4,68.32],[-106.42,68.2],[-106.67,68.22],[-106.79,68.14],[-106.92,68.11],[-107.8,68.04],[-107.73,67.96],[-107.76,67.91],[-107.96,67.82],[-107.95,67.7],[-107.65,67.51],[-107.64,67.38],[-107.57,67.27],[-107.28,67.1],[-107.35,67.05],[-107.16,66.88],[-107.4,66.95],[-107.5,66.94],[-107.63,67.0],[-107.75,66.96],[-107.71,66.74],[-107.26,66.4],[-107.48,66.49],[-107.76,66.68],[-108.5,67.09],[-108.22,67.05],[-107.99,67.1],[-107.91,67.16],[-107.99,67.26],[-108.35,67.4],[-108.49,67.48],[-108.61,67.6],[-108.72,67.58],[-108.85,67.42],[-108.95,67.49],[-109.04,67.69],[-109.22,67.73],[-109.63,67.73],[-109.83,67.87],[-109.94,67.89],[-110.07,67.99],[-110.22,67.95],[-110.37,67.95],[-110.99,67.79],[-111.19,67.82],[-111.58,67.76],[-112.24,67.73],[-112.5,67.68],[-113.89,67.71],[-115.13,67.82],[-115.43,67.9],[-115.17,68.02],[-115.19,68.08],[-115.13,68.13],[-114.85,68.2],[-114.77,68.27],[-114.1,68.27],[-114.02,68.31],[-113.96,68.4],[-114.09,68.44],[-114.22,68.55],[-114.62,68.75],[-114.99,68.85],[-115.81,68.99],[-115.94,68.96],[-116.24,68.97],[-116.06,68.84],[-117.23,68.91],[-118.1,69.04],[-118.87,69.26],[-120.14,69.38],[-120.68,69.57]],[[-81.14,53.21],[-81.34,53.22],[-81.85,53.19],[-82.04,53.05],[-82.01,53.01],[-81.84,52.96],[-80.8,52.73],[-80.73,52.75],[-80.71,52.79],[-80.77,52.92],[-81.14,53.21]],[[-73.58,68.02],[-73.88,68.02],[-74.38,68.09],[-74.71,68.07],[-74.75,68.02],[-74.68,67.91],[-74.57,67.83],[-74.11,67.78],[-73.41,67.79],[-73.44,67.97],[-73.58,68.02]],[[-77.79,63.43],[-77.93,63.48],[-78.23,63.49],[-78.51,63.45],[-78.54,63.42],[-78.26,63.24],[-77.94,63.11],[-77.66,63.16],[-77.53,63.23],[-77.54,63.29],[-77.65,63.4],[-77.7,63.43],[-77.79,63.43]],[[-82.71,62.94],[-82.97,62.87],[-83.29,62.92],[-83.38,62.9],[-83.74,62.57],[-83.9,62.48],[-83.9,62.4],[-83.76,62.3],[-83.7,62.16],[-83.38,62.24],[-83.02,62.21],[-82.57,62.4],[-82.11,62.65],[-81.99,62.78],[-81.95,62.88],[-82.0,62.95],[-82.13,62.98],[-82.46,62.94],[-82.71,62.94]],[[-79.47,62.38],[-79.55,62.41],[-79.87,62.4],[-80.02,62.34],[-80.26,62.11],[-80.27,61.82],[-79.82,61.59],[-79.67,61.64],[-79.32,62.03],[-79.27,62.19],[-79.29,62.25],[-79.47,62.38]],[[-104.77,77.41],[-104.96,77.42],[-105.01,77.51],[-105.07,77.55],[-105.59,77.74],[-105.86,77.75],[-106.07,77.73],[-105.88,77.63],[-105.85,77.56],[-105.75,77.53],[-105.56,77.35],[-105.22,77.18],[-104.71,77.12],[-104.49,77.16],[-104.45,77.25],[-104.5,77.31],[-104.77,77.41]],[[-93.13,77.66],[-93.3,77.74],[-93.58,77.77],[-95.23,77.75],[-95.48,77.79],[-96.14,77.71],[-96.28,77.63],[-96.26,77.59],[-95.99,77.48],[-93.84,77.45],[-93.54,77.47],[-93.34,77.63],[-93.13,77.66]],[[-99.52,79.89],[-99.33,79.84],[-99.3,79.78],[-98.95,79.72],[-98.84,79.74],[-98.77,79.85],[-98.82,80.04],[-98.89,80.08],[-99.15,80.12],[-99.73,80.14],[-100.08,80.08],[-100.13,80.0],[-100.06,79.9],[-99.52,79.89]],[[-90.17,77.59],[-90.67,77.65],[-91.02,77.64],[-91.15,77.61],[-91.19,77.48],[-91.15,77.39],[-90.99,77.33],[-90.09,77.21],[-89.75,77.29],[-89.71,77.31],[-89.69,77.38],[-89.72,77.44],[-90.17,77.59]],[[-93.5,75.14],[-93.75,75.35],[-93.91,75.42],[-94.43,75.59],[-94.88,75.63],[-95.67,75.53],[-95.95,75.44],[-96.12,75.36],[-96.12,75.3],[-96.18,75.24],[-96.38,75.21],[-96.57,75.1],[-96.6,75.03],[-96.56,74.99],[-96.39,75.0],[-96.27,74.92],[-96.18,74.95],[-96.09,74.93],[-95.87,74.83],[-95.29,74.79],[-94.7,74.64],[-93.98,74.64],[-93.63,74.66],[-93.55,74.69],[-93.46,74.86],[-93.48,74.95],[-93.55,75.05],[-93.5,75.14]],[[-110.0,78.69],[-110.41,78.76],[-110.88,78.74],[-111.71,78.57],[-112.21,78.55],[-112.86,78.47],[-113.15,78.41],[-113.29,78.33],[-113.17,78.28],[-112.13,78.37],[-111.76,78.28],[-111.52,78.27],[-111.17,78.39],[-110.76,78.31],[-110.42,78.29],[-110.0,78.32]],[[-110.0,78.32],[-109.48,78.32],[-109.39,78.34],[-109.34,78.41],[-109.36,78.49],[-109.47,78.57],[-110.0,78.69]],[[-117.63,75.97],[-117.5,76.08],[-117.51,76.1],[-117.75,76.11],[-118.14,75.99],[-118.63,75.91],[-119.39,75.62],[-119.31,75.59],[-118.61,75.52],[-118.23,75.61],[-117.63,75.97]],[[-104.83,73.65],[-105.11,73.74],[-105.32,73.77],[-106.36,73.72],[-106.69,73.67],[-106.95,73.51],[-106.92,73.48],[-106.53,73.41],[-106.18,73.3],[-106.07,73.2],[-105.34,72.91],[-105.0,73.04],[-104.97,73.09],[-104.79,73.17],[-104.58,73.35],[-104.56,73.54],[-104.65,73.61],[-104.83,73.65]],[[-96.87,72.69],[-97.13,72.63],[-97.16,72.64],[-97.07,72.72],[-97.08,72.76],[-97.38,72.86],[-97.3,72.92],[-97.33,72.94],[-97.64,73.03],[-97.94,73.04],[-98.37,72.93],[-98.43,72.96],[-98.44,73.0],[-98.38,73.04],[-97.8,73.29],[-97.27,73.39],[-97.23,73.42],[-97.35,73.48],[-97.59,73.47],[-97.63,73.5],[-97.6,73.54],[-97.49,73.53],[-97.16,73.59],[-97.0,73.67],[-97.01,73.71],[-97.17,73.82],[-97.67,73.89],[-99.16,73.73],[-100.0,73.95],[-100.23,73.89],[-100.15,73.84],[-99.91,73.85],[-99.99,73.8],[-100.48,73.84],[-100.96,73.79],[-100.98,73.73],[-100.95,73.69],[-100.78,73.61],[-100.61,73.58],[-100.54,73.51],[-100.52,73.45],[-100.98,73.6],[-101.32,73.57],[-101.52,73.49],[-101.45,73.43],[-100.89,73.28],[-100.59,73.3],[-100.37,73.36],[-100.01,73.24],[-99.83,73.21],[-100.07,73.21],[-100.34,73.27],[-100.44,73.25],[-100.54,73.2],[-100.53,73.14],[-100.24,73.1],[-100.1,72.96],[-100.13,72.91],[-100.23,72.9],[-100.4,72.98],[-100.44,72.81],[-100.48,72.77],[-101.09,72.71],[-101.27,72.72],[-101.54,72.88],[-101.75,72.94],[-101.92,73.06],[-102.2,73.08],[-102.5,73.01],[-102.63,72.91],[-102.71,72.78],[-102.66,72.72],[-102.4,72.59],[-101.97,72.49],[-101.72,72.31],[-101.5,72.28],[-101.21,72.32],[-100.98,72.21],[-100.59,72.15],[-100.33,72.0],[-99.73,71.76],[-99.4,71.56],[-99.22,71.39],[-98.66,71.3],[-98.41,71.35],[-98.2,71.44],[-98.23,71.56],[-98.46,71.77],[-98.32,71.85],[-98.28,71.72],[-98.18,71.66],[-97.58,71.63],[-97.22,71.67],[-96.95,71.79],[-96.61,71.83],[-96.62,71.97],[-96.77,72.05],[-96.62,72.15],[-96.59,72.2],[-96.67,72.27],[-96.8,72.32],[-96.64,72.34],[-96.52,72.39],[-96.44,72.49],[-96.45,72.55],[-96.54,72.7],[-96.87,72.69]],[[-80.67,63.9],[-80.58,63.91],[-80.61,63.97],[-80.83,64.09],[-80.92,64.1],[-81.02,64.03],[-81.34,64.08],[-81.89,64.02],[-81.9,64.03],[-81.68,64.15],[-81.68,64.21],[-81.79,64.43],[-82.05,64.64],[-82.27,64.72],[-82.67,64.78],[-83.2,64.96],[-83.49,65.13],[-84.08,65.22],[-84.27,65.37],[-84.5,65.46],[-84.61,65.45],[-84.84,65.26],[-84.92,65.26],[-85.06,65.44],[-85.24,65.51],[-85.11,65.62],[-85.18,65.75],[-85.24,65.8],[-85.44,65.85],[-85.55,65.92],[-85.81,65.83],[-85.96,65.7],[-86.07,65.53],[-86.19,65.01],[-86.37,64.57],[-86.35,64.38],[-86.25,64.14],[-86.42,64.05],[-86.93,63.9],[-87.15,63.71],[-87.19,63.63],[-87.15,63.59],[-86.92,63.57],[-86.58,63.66],[-85.77,63.7],[-85.71,63.66],[-85.5,63.14],[-85.39,63.12],[-84.96,63.2],[-84.63,63.31],[-84.51,63.39],[-84.31,63.59],[-84.02,63.66],[-83.73,63.81],[-83.66,63.87],[-83.58,64.06],[-83.3,64.14],[-83.07,64.16],[-83.02,64.13],[-83.03,64.02],[-82.47,63.93],[-82.41,63.74],[-82.38,63.71],[-81.96,63.66],[-81.05,63.46],[-80.5,63.67],[-80.26,63.8],[-80.67,63.9]],[[-75.68,68.32],[-76.36,68.32],[-76.74,68.23],[-77.23,67.85],[-77.31,67.71],[-77.22,67.51],[-77.0,67.27],[-76.69,67.24],[-75.78,67.28],[-75.4,67.37],[-75.2,67.46],[-75.13,67.54],[-75.09,67.63],[-75.13,67.97],[-75.06,68.08],[-75.08,68.17],[-75.15,68.23],[-75.68,68.32]],[[-80.74,73.48],[-80.8,73.47],[-80.82,73.43],[-80.82,73.38],[-80.78,73.33],[-80.62,73.27],[-80.18,73.22],[-80.05,72.98],[-79.94,72.86],[-79.5,72.76],[-79.13,72.77],[-78.31,72.88],[-77.84,72.9],[-76.4,72.82],[-76.09,72.88],[-76.31,73.0],[-76.29,73.08],[-76.57,73.16],[-76.76,73.31],[-77.01,73.36],[-77.21,73.5],[-78.06,73.65],[-79.37,73.64],[-80.62,73.77],[-80.85,73.72],[-80.86,73.59],[-80.83,73.53],[-80.74,73.48]],[[-97.86,75.74],[-97.89,75.76],[-97.6,75.85],[-97.65,75.98],[-97.52,76.14],[-97.57,76.22],[-97.74,76.34],[-97.69,76.42],[-97.73,76.5],[-98.24,76.58],[-98.71,76.69],[-99.02,76.61],[-98.89,76.47],[-99.17,76.45],[-99.67,76.62],[-99.81,76.63],[-100.39,76.61],[-100.83,76.52],[-100.89,76.48],[-100.82,76.44],[-99.98,76.31],[-100.41,76.24],[-99.54,76.15],[-100.11,76.12],[-99.98,76.03],[-99.69,75.96],[-99.77,75.93],[-100.11,75.96],[-101.06,76.25],[-101.14,76.35],[-101.34,76.41],[-101.68,76.45],[-101.86,76.44],[-102.1,76.33],[-102.14,76.28],[-101.91,76.23],[-101.53,76.22],[-101.86,76.1],[-101.82,76.04],[-101.43,75.99],[-101.51,75.92],[-101.29,75.79],[-100.97,75.8],[-101.26,75.76],[-101.94,75.88],[-102.14,75.88],[-102.27,75.81],[-102.25,75.78],[-102.8,75.6],[-102.7,75.54],[-102.54,75.51],[-101.46,75.61],[-101.21,75.59],[-99.92,75.68],[-99.19,75.7],[-99.21,75.67],[-99.76,75.63],[-100.28,75.46],[-100.71,75.41],[-100.73,75.35],[-100.15,75.25],[-100.46,75.22],[-100.48,75.19],[-100.36,75.07],[-100.23,75.01],[-99.63,74.98],[-99.33,75.05],[-99.16,75.02],[-98.57,75.01],[-97.95,75.06],[-98.08,75.15],[-98.07,75.2],[-97.84,75.12],[-97.67,75.13],[-97.66,75.15],[-97.7,75.19],[-97.85,75.26],[-97.88,75.42],[-97.65,75.51],[-97.34,75.42],[-97.41,75.55],[-97.41,75.67],[-97.86,75.74]],[[-104.9,79.05],[-104.75,79.03],[-104.74,78.99],[-104.97,78.86],[-104.97,78.83],[-104.9,78.81],[-104.74,78.83],[-104.39,78.96],[-104.15,78.99],[-103.88,78.9],[-104.19,78.78],[-103.52,78.77],[-103.37,78.74],[-104.02,78.63],[-103.59,78.62],[-103.48,78.59],[-103.57,78.54],[-103.76,78.52],[-104.73,78.58],[-104.91,78.55],[-105.0,78.52],[-104.99,78.47],[-104.76,78.35],[-104.51,78.29],[-103.95,78.26],[-103.68,78.32],[-102.73,78.37],[-102.78,78.33],[-102.77,78.31],[-102.61,78.25],[-102.06,78.28],[-101.07,78.19],[-100.83,78.09],[-100.76,77.98],[-100.59,77.89],[-99.96,77.79],[-99.17,77.86],[-99.0,78.0],[-99.13,78.12],[-99.56,78.28],[-99.78,78.33],[-99.77,78.39],[-99.85,78.44],[-99.68,78.49],[-99.58,78.56],[-99.61,78.58],[-99.78,78.62],[-100.01,78.73],[-100.44,78.82],[-100.92,78.78],[-101.13,78.8],[-101.15,78.82],[-101.04,78.94],[-101.7,79.08],[-101.97,79.08],[-102.39,79.01],[-102.42,78.93],[-102.58,78.88],[-102.6,78.94],[-102.73,78.97],[-102.65,79.03],[-102.65,79.1],[-102.91,79.23],[-103.19,79.3],[-103.71,79.35],[-104.85,79.31],[-105.39,79.32],[-105.51,79.24],[-105.57,79.16],[-105.57,79.06],[-105.54,79.03],[-104.9,79.05]],[[-91.75,81.05],[-92.0,81.19],[-92.41,81.28],[-93.33,81.36],[-94.18,81.34],[-94.23,81.32],[-94.19,81.24],[-93.41,81.21],[-93.24,81.16],[-93.29,81.1],[-93.83,81.11],[-94.52,81.03],[-94.98,81.05],[-95.27,81.0],[-95.51,80.84],[-94.79,80.75],[-94.6,80.64],[-93.93,80.56],[-94.89,80.57],[-95.03,80.65],[-95.23,80.69],[-95.93,80.72],[-96.13,80.69],[-96.15,80.55],[-95.55,80.37],[-96.11,80.38],[-96.33,80.35],[-96.39,80.32],[-96.31,80.27],[-96.03,80.22],[-95.65,80.23],[-95.41,80.14],[-94.59,80.2],[-94.26,80.19],[-94.58,80.14],[-94.61,80.06],[-94.65,80.05],[-95.78,80.07],[-96.77,80.14],[-96.64,80.02],[-96.59,79.92],[-96.46,79.85],[-95.86,79.67],[-95.3,79.65],[-94.4,79.74],[-94.52,79.67],[-95.66,79.53],[-95.73,79.42],[-95.32,79.35],[-95.1,79.29],[-94.4,79.39],[-94.11,79.4],[-93.94,79.39],[-94.11,79.32],[-93.93,79.29],[-92.82,79.45],[-92.48,79.44],[-92.25,79.37],[-91.3,79.37],[-92.55,79.28],[-92.68,79.19],[-92.84,79.16],[-93.29,79.14],[-94.16,78.99],[-94.11,78.93],[-93.9,78.87],[-93.16,78.78],[-93.56,78.78],[-93.63,78.75],[-93.27,78.61],[-92.72,78.61],[-91.87,78.54],[-92.73,78.49],[-92.85,78.46],[-92.68,78.39],[-91.9,78.24],[-90.61,78.15],[-90.33,78.18],[-90.41,78.25],[-90.65,78.31],[-90.3,78.33],[-90.03,78.29],[-89.53,78.16],[-89.49,78.17],[-89.51,78.2],[-89.61,78.28],[-90.08,78.55],[-90.04,78.61],[-89.1,78.21],[-88.82,78.19],[-88.73,78.24],[-88.61,78.39],[-88.62,78.46],[-88.74,78.58],[-88.58,78.6],[-88.15,78.48],[-88.04,78.49],[-87.98,78.54],[-88.0,78.62],[-88.25,78.67],[-88.19,78.7],[-88.17,78.75],[-88.19,78.87],[-88.16,78.93],[-88.04,79.0],[-87.82,79.04],[-87.95,78.92],[-87.92,78.75],[-87.86,78.71],[-87.62,78.68],[-87.08,78.87],[-86.96,78.97],[-86.72,78.98],[-86.09,79.1],[-85.29,79.21],[-85.04,79.28],[-85.06,79.33],[-85.65,79.61],[-86.01,79.48],[-86.18,79.61],[-86.34,79.63],[-86.65,79.65],[-86.93,79.59],[-87.3,79.58],[-87.14,79.66],[-86.98,79.89],[-87.2,80.04],[-87.92,80.1],[-87.63,80.19],[-87.63,80.3],[-87.67,80.37],[-88.13,80.43],[-88.52,80.42],[-88.64,80.39],[-88.66,80.35],[-88.61,80.26],[-88.38,80.23],[-88.2,80.11],[-88.86,80.17],[-89.2,80.26],[-89.22,80.29],[-89.15,80.36],[-89.2,80.41],[-89.13,80.44],[-89.24,80.51],[-89.52,80.54],[-89.86,80.5],[-90.64,80.59],[-90.64,80.66],[-90.68,80.69],[-91.27,80.85],[-91.75,81.05]],[[-87.59,74.47],[-87.36,74.5],[-86.77,74.48],[-86.67,74.49],[-86.73,74.56],[-86.34,74.51],[-86.11,74.54],[-85.81,74.5],[-85.54,74.53],[-85.47,74.6],[-85.21,74.52],[-85.09,74.53],[-85.06,74.61],[-84.82,74.54],[-84.43,74.51],[-83.62,74.57],[-83.41,74.65],[-83.34,74.76],[-83.36,74.8],[-83.51,74.85],[-83.54,74.89],[-83.52,74.9],[-83.1,74.82],[-83.12,74.69],[-83.06,74.63],[-82.93,74.57],[-82.74,74.53],[-82.41,74.54],[-81.94,74.47],[-81.23,74.57],[-80.28,74.58],[-80.22,74.66],[-80.21,74.75],[-80.15,74.8],[-80.35,74.9],[-79.94,74.83],[-79.51,74.88],[-79.4,74.92],[-79.52,74.99],[-79.66,75.02],[-80.14,74.99],[-80.38,75.03],[-79.63,75.2],[-79.51,75.26],[-79.51,75.3],[-79.66,75.45],[-80.29,75.49],[-80.12,75.56],[-80.32,75.63],[-81.0,75.64],[-81.17,75.67],[-81.19,75.68],[-81.15,75.74],[-81.27,75.76],[-82.15,75.83],[-83.24,75.75],[-83.93,75.82],[-84.6,75.65],[-84.99,75.64],[-85.37,75.57],[-85.58,75.58],[-85.97,75.53],[-86.07,75.5],[-85.9,75.44],[-85.95,75.4],[-86.24,75.41],[-86.81,75.49],[-87.26,75.62],[-87.36,75.59],[-87.54,75.48],[-87.73,75.58],[-88.2,75.51],[-88.64,75.66],[-88.85,75.62],[-88.86,75.59],[-88.8,75.5],[-88.84,75.46],[-88.92,75.45],[-89.28,75.56],[-89.65,75.57],[-89.26,75.7],[-89.2,75.76],[-89.28,75.8],[-89.51,75.86],[-89.7,75.85],[-89.79,75.92],[-90.03,75.97],[-90.25,76.05],[-90.71,76.08],[-91.28,76.16],[-91.41,76.22],[-90.31,76.16],[-89.41,76.19],[-89.24,76.24],[-89.22,76.26],[-89.28,76.3],[-90.85,76.44],[-91.42,76.46],[-91.44,76.5],[-91.4,76.51],[-90.62,76.46],[-90.54,76.5],[-90.74,76.58],[-91.12,76.66],[-91.55,76.69],[-92.3,76.62],[-93.0,76.62],[-93.53,76.45],[-93.2,76.67],[-93.21,76.75],[-93.28,76.78],[-93.81,76.91],[-94.29,76.91],[-95.64,77.06],[-96.06,77.05],[-96.76,76.97],[-96.81,76.91],[-96.77,76.89],[-96.4,76.8],[-96.59,76.76],[-96.88,76.8],[-96.9,76.77],[-96.85,76.73],[-95.97,76.57],[-95.65,76.58],[-96.04,76.49],[-95.84,76.42],[-95.45,76.36],[-95.27,76.26],[-94.59,76.3],[-93.67,76.27],[-93.31,76.36],[-93.09,76.35],[-92.71,76.11],[-92.19,75.85],[-92.07,75.66],[-92.41,75.41],[-92.41,75.3],[-92.35,75.23],[-92.08,75.12],[-92.06,75.1],[-92.17,75.05],[-91.96,74.79],[-91.55,74.66],[-91.13,74.65],[-91.16,74.71],[-91.13,74.74],[-90.88,74.82],[-90.97,74.72],[-90.78,74.7],[-90.55,74.61],[-89.84,74.55],[-89.56,74.55],[-89.2,74.64],[-89.22,74.73],[-89.19,74.74],[-89.06,74.75],[-88.94,74.79],[-88.85,74.69],[-88.68,74.8],[-88.53,74.83],[-88.34,74.78],[-88.54,74.61],[-88.56,74.54],[-88.5,74.51],[-87.59,74.47]],[[-96.6,77.85],[-95.09,77.99],[-94.93,78.08],[-94.94,78.11],[-95.1,78.18],[-95.33,78.23],[-95.27,78.26],[-94.89,78.35],[-94.92,78.39],[-95.56,78.52],[-95.97,78.51],[-96.2,78.53],[-96.26,78.55],[-96.27,78.6],[-96.48,78.67],[-97.38,78.78],[-98.21,78.8],[-98.33,78.77],[-98.29,78.69],[-98.06,78.56],[-98.32,78.52],[-98.32,78.48],[-98.25,78.43],[-98.07,78.39],[-98.05,78.33],[-97.84,78.26],[-97.82,78.23],[-96.94,78.15],[-97.04,78.12],[-97.66,78.09],[-97.62,78.05],[-97.43,77.98],[-97.02,77.91],[-97.06,77.86],[-96.99,77.81],[-96.6,77.85]],[[-110.0,78.09],[-111.21,78.09],[-112.3,78.01],[-113.19,77.91],[-113.27,77.86],[-113.28,77.81],[-113.12,77.63],[-113.21,77.58],[-113.16,77.53],[-112.64,77.44],[-112.37,77.36],[-111.95,77.34],[-111.23,77.43],[-110.68,77.45],[-110.2,77.52],[-110.12,77.62],[-110.12,77.72],[-110.15,77.76],[-110.72,77.78],[-110.87,77.83],[-110.0,77.93]],[[-110.0,77.93],[-109.77,77.96],[-109.62,78.06],[-110.0,78.09]],[[-118.64,76.42],[-118.8,76.46],[-118.82,76.49],[-118.79,76.51],[-118.47,76.55],[-118.41,76.66],[-118.3,76.74],[-117.88,76.81],[-117.78,76.78],[-117.97,76.57],[-118.02,76.45],[-117.99,76.41],[-117.49,76.27],[-117.23,76.28],[-117.11,76.32],[-117.03,76.4],[-117.0,76.53],[-116.22,76.61],[-115.98,76.69],[-115.94,76.74],[-116.25,76.9],[-115.91,76.91],[-115.81,76.94],[-116.33,77.14],[-115.62,77.27],[-115.48,77.32],[-116.36,77.54],[-116.84,77.53],[-117.05,77.45],[-116.7,77.38],[-116.84,77.34],[-117.15,77.36],[-117.28,77.31],[-117.42,77.32],[-118.01,77.38],[-119.09,77.31],[-120.31,76.9],[-120.49,76.79],[-121.1,76.66],[-121.56,76.45],[-122.42,76.39],[-122.77,76.23],[-122.9,76.13],[-122.59,76.16],[-122.61,76.12],[-122.55,76.08],[-122.65,76.03],[-122.64,76.01],[-122.53,75.95],[-122.4,75.94],[-121.91,76.03],[-121.21,75.98],[-121.02,76.02],[-120.9,76.16],[-120.81,76.18],[-120.64,76.03],[-120.56,76.01],[-120.41,75.83],[-120.37,75.82],[-119.91,75.86],[-119.61,75.98],[-119.54,75.98],[-119.55,76.05],[-119.74,76.12],[-119.64,76.16],[-119.65,76.28],[-119.58,76.33],[-119.52,76.34],[-119.25,76.16],[-119.08,76.12],[-118.99,76.14],[-118.81,76.28],[-118.64,76.33],[-118.64,76.42]],[[-110.0,75.54],[-111.16,75.57],[-111.28,75.61],[-111.55,75.82],[-112.06,75.83],[-112.08,75.85],[-112.05,75.87],[-111.87,75.91],[-111.87,75.94],[-112.7,76.2],[-113.17,76.26],[-113.82,76.21],[-114.06,76.3],[-114.11,76.35],[-114.12,76.4],[-114.19,76.45],[-114.77,76.51],[-115.58,76.44],[-115.78,76.36],[-115.83,76.3],[-115.8,76.25],[-114.78,76.17],[-116.21,76.19],[-116.59,76.1],[-116.61,76.07],[-116.55,76.02],[-116.66,75.96],[-116.65,75.93],[-116.34,75.88],[-114.99,75.9],[-115.48,75.84],[-116.8,75.77],[-116.97,75.75],[-117.16,75.64],[-117.03,75.6],[-116.43,75.59],[-115.12,75.71],[-115.14,75.68],[-115.34,75.62],[-116.08,75.49],[-117.26,75.46],[-117.51,75.36],[-117.6,75.27],[-117.5,75.2],[-117.0,75.16],[-116.48,75.17],[-116.14,75.04],[-115.73,74.97],[-115.61,75.01],[-115.54,75.08],[-115.41,75.11],[-115.28,75.1],[-115.02,74.98],[-114.45,75.09],[-114.36,75.14],[-114.36,75.17],[-114.51,75.28],[-114.17,75.24],[-114.07,75.39],[-114.02,75.43],[-113.88,75.38],[-113.47,75.42],[-113.76,75.32],[-113.85,75.26],[-113.89,75.21],[-113.84,75.11],[-113.71,75.07],[-112.95,75.11],[-112.6,75.21],[-112.21,75.13],[-111.62,75.17],[-111.09,75.26],[-111.03,75.23],[-111.08,75.2],[-111.67,75.02],[-112.84,74.98],[-114.31,74.72],[-114.38,74.67],[-114.27,74.6],[-113.84,74.49],[-113.51,74.43],[-113.02,74.4],[-112.52,74.42],[-111.73,74.5],[-110.94,74.64],[-110.39,74.81],[-110.0,74.85]],[[-110.0,76.24],[-109.71,76.21],[-109.43,76.11],[-109.42,76.07],[-109.45,76.02],[-109.87,75.93],[-109.8,75.86],[-108.94,75.7],[-108.9,75.62],[-108.95,75.54],[-109.09,75.51],[-110.0,75.54]],[[-110.0,76.48],[-110.27,76.42],[-110.31,76.37],[-110.25,76.31],[-110.0,76.24]],[[-110.0,74.85],[-109.5,74.88],[-108.83,75.06],[-108.63,75.02],[-108.75,74.99],[-108.47,74.95],[-107.82,75.0],[-107.15,74.93],[-106.09,75.09],[-105.86,75.19],[-105.7,75.41],[-105.68,75.5],[-105.52,75.63],[-105.48,75.75],[-105.63,75.95],[-105.9,76.01],[-106.4,76.06],[-106.68,76.02],[-106.85,75.95],[-106.86,75.93],[-106.82,75.87],[-106.69,75.82],[-106.89,75.78],[-106.91,75.68],[-107.05,75.85],[-107.22,75.89],[-107.54,75.9],[-107.92,75.8],[-108.02,75.8],[-107.76,75.94],[-107.72,76.0],[-107.85,76.06],[-108.39,76.07],[-108.41,76.09],[-108.38,76.12],[-108.12,76.23],[-108.19,76.33],[-108.51,76.44],[-108.56,76.54],[-108.63,76.59],[-108.64,76.61],[-108.47,76.74],[-108.83,76.82],[-109.1,76.81],[-109.34,76.76],[-110.0,76.48]],[[-91.09,74.01],[-91.63,74.03],[-92.22,73.97],[-92.59,74.08],[-93.41,74.18],[-93.78,74.12],[-94.48,74.11],[-94.97,74.04],[-95.12,73.99],[-95.15,73.93],[-95.13,73.88],[-94.9,73.72],[-94.69,73.67],[-94.82,73.66],[-95.39,73.76],[-95.63,73.7],[-95.64,73.56],[-95.59,73.17],[-95.6,72.88],[-95.55,72.78],[-95.25,72.5],[-95.17,72.18],[-95.19,72.03],[-94.5,72.04],[-94.14,72.0],[-94.04,72.03],[-93.87,72.25],[-93.56,72.42],[-93.53,72.5],[-93.57,72.56],[-93.77,72.67],[-94.21,72.76],[-93.34,72.8],[-92.39,72.72],[-92.12,72.75],[-91.79,72.92],[-91.46,73.15],[-91.43,73.19],[-91.55,73.24],[-91.25,73.3],[-90.93,73.53],[-90.57,73.69],[-90.38,73.82],[-90.35,73.87],[-90.46,73.91],[-91.09,74.01]],[[-95.59,68.84],[-95.85,68.95],[-96.3,69.34],[-96.88,69.51],[-97.24,69.67],[-97.41,69.63],[-97.47,69.67],[-97.39,69.7],[-97.41,69.74],[-97.79,69.86],[-98.08,69.83],[-98.27,69.75],[-98.3,69.69],[-98.29,69.63],[-98.16,69.51],[-98.04,69.46],[-98.22,69.48],[-98.39,69.57],[-98.55,69.57],[-98.53,69.53],[-98.45,69.48],[-98.56,69.46],[-98.45,69.35],[-98.5,69.31],[-98.91,69.17],[-99.46,69.13],[-99.56,69.03],[-99.44,68.92],[-99.25,68.86],[-99.09,68.86],[-99.09,68.9],[-99.06,68.92],[-98.9,68.93],[-98.86,68.86],[-98.78,68.82],[-98.54,68.8],[-98.32,68.84],[-98.24,68.74],[-97.89,68.67],[-97.47,68.54],[-97.01,68.54],[-96.6,68.46],[-96.27,68.51],[-96.02,68.61],[-95.89,68.63],[-95.69,68.74],[-95.36,68.78],[-95.27,68.83],[-95.37,68.89],[-95.59,68.84]],[[-110.0,72.98],[-110.66,73.01],[-110.69,72.94],[-110.55,72.86],[-110.2,72.76],[-110.21,72.66],[-110.44,72.63],[-110.78,72.53],[-111.14,72.37],[-111.27,72.36],[-111.29,72.4],[-111.25,72.45],[-111.31,72.45],[-111.68,72.3],[-111.9,72.36],[-111.61,72.44],[-111.36,72.57],[-111.25,72.67],[-111.27,72.71],[-112.05,72.89],[-112.75,72.99],[-113.07,73.0],[-113.29,72.95],[-113.49,72.82],[-113.5,72.69],[-113.58,72.65],[-113.69,72.67],[-114.52,72.59],[-114.11,72.86],[-114.05,72.96],[-114.05,73.07],[-114.13,73.23],[-114.21,73.3],[-114.64,73.37],[-116.57,73.05],[-117.26,72.91],[-118.37,72.53],[-118.48,72.43],[-118.25,72.31],[-118.21,72.26],[-118.59,72.17],[-118.94,71.99],[-118.98,71.91],[-118.99,71.76],[-118.87,71.69],[-118.58,71.65],[-117.74,71.66],[-117.88,71.56],[-118.15,71.53],[-118.23,71.47],[-118.19,71.44],[-117.72,71.39],[-115.59,71.55],[-115.3,71.49],[-115.47,71.47],[-115.98,71.47],[-116.04,71.45],[-116.05,71.42],[-115.89,71.38],[-117.81,71.16],[-118.27,71.03],[-118.38,70.97],[-118.26,70.89],[-117.59,70.63],[-116.99,70.6],[-116.33,70.62],[-115.99,70.59],[-113.76,70.69],[-112.11,70.45],[-111.63,70.31],[-111.78,70.27],[-112.19,70.28],[-112.64,70.23],[-114.59,70.31],[-116.55,70.18],[-117.14,70.1],[-117.2,70.05],[-117.1,69.8],[-116.86,69.65]],[[-116.86,69.65],[-116.61,69.51],[-116.54,69.43],[-116.1,69.34],[-115.16,69.26],[-114.32,69.27],[-113.69,69.2],[-113.59,68.96],[-113.62,68.84],[-113.55,68.77],[-113.23,68.54],[-113.02,68.48],[-111.31,68.54],[-111.13,68.59],[-110.85,68.58],[-109.47,68.68],[-108.95,68.76],[-108.36,68.93],[-107.44,69.0],[-107.03,69.18],[-106.86,69.35],[-106.66,69.44],[-106.54,69.44],[-106.36,69.38],[-106.34,69.22],[-106.27,69.19],[-106.01,69.15],[-105.02,69.08],[-105.02,69.05],[-105.17,68.96],[-105.11,68.92],[-104.57,68.87],[-104.35,68.93],[-104.07,68.87],[-103.47,68.81],[-102.9,68.82],[-101.86,69.02],[-101.79,69.13],[-101.79,69.18],[-101.87,69.24],[-102.05,69.26],[-102.07,69.34],[-101.98,69.41],[-102.05,69.46],[-102.45,69.48],[-102.88,69.34],[-103.12,69.2],[-103.04,69.37],[-103.05,69.47],[-103.46,69.64],[-103.36,69.69],[-102.92,69.56],[-102.62,69.55],[-102.53,69.62],[-102.6,69.72],[-102.18,69.85],[-101.65,69.7],[-101.48,69.85],[-101.34,69.71],[-101.22,69.68],[-100.98,69.68],[-100.94,69.72],[-100.91,69.87],[-100.97,70.03],[-101.04,70.11],[-101.15,70.15],[-101.56,70.14],[-101.62,70.17],[-101.63,70.25],[-101.68,70.28],[-101.99,70.29],[-102.75,70.52],[-103.05,70.66],[-103.09,70.65],[-103.08,70.62],[-103.0,70.54],[-103.08,70.51],[-103.58,70.63],[-103.95,70.76],[-104.17,70.93],[-104.51,71.06],[-104.57,71.1],[-104.56,71.13],[-104.36,71.38],[-104.39,71.58],[-104.81,71.9],[-105.23,72.42],[-105.32,72.63],[-105.43,72.74],[-105.42,72.79],[-105.62,72.93],[-105.81,73.01],[-106.83,73.27],[-106.95,73.28],[-107.11,73.19],[-107.72,73.33],[-108.03,73.35],[-108.09,73.3],[-108.08,73.28],[-107.94,73.22],[-108.2,73.18],[-108.24,73.11],[-108.0,72.65],[-107.93,72.59],[-107.93,72.52],[-107.82,72.44],[-107.79,72.3],[-107.7,72.15],[-107.54,72.03],[-107.31,71.89],[-107.38,71.89],[-107.33,71.84],[-107.35,71.82],[-107.69,71.72],[-107.81,71.63],[-108.19,71.72],[-108.28,71.9],[-108.47,72.14],[-108.63,72.41],[-108.75,72.55],[-108.99,72.6],[-108.97,72.65],[-109.12,72.73],[-110.0,72.98]],[[-122.62,74.46],[-124.7,74.35],[-124.71,74.33],[-124.58,74.25],[-124.19,73.9],[-124.09,73.86],[-123.87,73.83],[-123.8,73.77],[-124.03,73.64],[-124.11,73.53],[-124.42,73.42],[-124.59,73.24],[-124.8,73.13],[-124.84,73.08],[-124.82,73.06],[-124.59,73.01],[-124.56,72.94],[-124.97,72.84],[-125.02,72.78],[-125.03,72.64],[-124.99,72.59],[-125.38,72.42],[-125.51,72.31],[-125.63,72.25],[-125.63,72.21],[-125.58,72.18],[-125.76,72.14],[-125.77,72.05],[-125.85,71.98],[-125.3,71.97],[-124.01,71.68],[-123.68,71.49],[-123.39,71.22],[-123.1,71.09],[-122.84,71.1],[-122.55,71.19],[-122.16,71.27],[-121.75,71.44],[-121.62,71.45],[-121.47,71.39],[-120.62,71.51],[-120.44,71.63],[-120.37,71.89],[-120.19,72.13],[-120.18,72.21],[-119.77,72.24],[-119.51,72.3],[-119.08,72.64],[-116.48,73.25],[-115.52,73.42],[-115.45,73.44],[-115.39,73.5],[-115.46,73.58],[-115.63,73.67],[-115.96,73.75],[-116.95,74.1],[-117.51,74.23],[-117.97,74.27],[-118.54,74.24],[-118.74,74.19],[-119.12,74.02],[-119.15,74.17],[-119.21,74.2],[-119.47,74.2],[-119.73,74.11],[-119.72,74.15],[-119.56,74.23],[-119.94,74.25],[-120.55,74.35],[-121.32,74.53],[-121.75,74.54],[-122.62,74.46]],[[-94.74,75.96],[-94.9,75.93],[-94.75,75.77],[-94.53,75.75],[-94.3,75.79],[-94.5,75.99],[-94.74,75.96]],[[-79.64,52.01],[-79.52,51.95],[-79.38,51.95],[-79.27,52.09],[-79.33,52.1],[-79.64,52.01]],[[-78.67,56.44],[-78.72,56.44],[-78.8,56.38],[-78.91,56.13],[-78.83,56.15],[-78.71,56.21],[-78.66,56.32],[-78.67,56.44]],[[-79.76,55.81],[-79.61,55.88],[-79.46,55.9],[-79.18,56.21],[-79.14,56.18],[-79.14,56.14],[-79.27,55.92],[-79.23,55.88],[-79.18,55.89],[-78.91,56.32],[-78.96,56.42],[-79.08,56.45],[-79.12,56.52],[-79.27,56.6],[-79.39,56.28],[-79.54,56.18],[-79.55,56.19],[-79.43,56.45],[-79.46,56.54],[-79.52,56.33],[-80.0,55.93],[-79.99,55.89],[-79.9,55.87],[-79.56,56.12],[-79.49,56.11],[-79.76,55.81]],[[-79.78,57.51],[-79.72,57.52],[-79.73,57.6],[-79.81,57.56],[-79.84,57.48],[-79.81,57.44],[-79.78,57.51]],[[-79.69,56.33],[-79.58,56.47],[-79.75,56.38],[-80.01,56.32],[-80.06,56.29],[-80.09,56.21],[-79.98,56.21],[-79.69,56.33]],[[-80.3,59.67],[-80.32,59.63],[-80.29,59.62],[-80.17,59.71],[-80.21,59.72],[-80.3,59.67]],[[-79.95,59.81],[-79.9,59.85],[-80.04,59.87],[-80.17,59.76],[-79.95,59.81]],[[-79.55,56.73],[-79.58,56.64],[-79.48,56.69],[-79.51,56.77],[-79.57,56.8],[-79.58,56.76],[-79.55,56.73]],[[-96.94,72.93],[-96.67,72.96],[-96.6,73.07],[-96.86,73.19],[-97.01,73.16],[-97.09,73.1],[-97.09,73.0],[-96.94,72.93]],[[-97.36,74.53],[-97.29,74.58],[-97.42,74.63],[-97.75,74.51],[-97.66,74.47],[-97.36,74.53]],[[-98.97,73.81],[-98.15,73.89],[-97.75,74.01],[-97.66,74.07],[-97.7,74.11],[-98.06,74.1],[-98.82,74.02],[-99.0,73.96],[-99.35,73.93],[-99.4,73.91],[-99.39,73.88],[-98.97,73.81]],[[-90.18,69.36],[-90.23,69.44],[-90.49,69.37],[-90.33,69.25],[-90.18,69.36]],[[-90.6,69.37],[-90.74,69.36],[-90.77,69.29],[-90.69,69.29],[-90.57,69.21],[-90.49,69.22],[-90.51,69.29],[-90.6,69.37]],[[-74.39,62.7],[-74.56,62.73],[-74.63,62.71],[-74.25,62.62],[-74.05,62.61],[-73.99,62.64],[-74.11,62.68],[-74.39,62.7]],[[-74.8,68.46],[-74.98,68.65],[-75.07,68.68],[-75.29,68.69],[-75.37,68.64],[-75.4,68.55],[-75.31,68.47],[-74.96,68.34],[-74.84,68.37],[-74.81,68.41],[-74.83,68.44],[-74.8,68.46]],[[-78.61,60.77],[-78.67,60.72],[-78.53,60.73],[-78.28,60.78],[-78.24,60.82],[-78.61,60.77]],[[-79.15,68.34],[-79.17,68.23],[-79.06,68.18],[-78.83,68.27],[-78.95,68.35],[-79.15,68.34]],[[-76.65,63.5],[-76.76,63.57],[-77.13,63.68],[-77.36,63.59],[-77.06,63.45],[-76.78,63.38],[-76.68,63.39],[-76.65,63.5]],[[-64.47,62.54],[-64.82,62.56],[-64.85,62.54],[-64.83,62.5],[-64.96,62.46],[-64.84,62.41],[-64.55,62.39],[-64.42,62.49],[-64.47,62.54]],[[-62.63,67.18],[-62.87,67.06],[-62.81,67.03],[-62.48,67.13],[-62.4,67.18],[-62.42,67.19],[-62.63,67.18]],[[-68.09,60.59],[-68.34,60.36],[-68.37,60.25],[-68.23,60.24],[-68.01,60.3],[-67.84,60.39],[-67.82,60.45],[-67.85,60.49],[-67.98,60.57],[-68.09,60.59]],[[-70.37,62.67],[-70.44,62.73],[-70.67,62.81],[-71.22,62.87],[-71.14,62.82],[-70.99,62.79],[-70.85,62.7],[-70.84,62.65],[-70.77,62.6],[-70.69,62.57],[-70.41,62.54],[-70.29,62.56],[-70.27,62.58],[-70.29,62.62],[-70.37,62.67]],[[-64.79,61.41],[-64.7,61.47],[-64.67,61.59],[-64.79,61.66],[-65.13,61.69],[-65.43,61.65],[-65.39,61.56],[-64.95,61.41],[-64.88,61.36],[-64.79,61.41]],[[-67.75,69.63],[-67.91,69.68],[-68.22,69.62],[-68.2,69.58],[-67.94,69.53],[-67.75,69.63]],[[-79.55,69.63],[-79.36,69.71],[-79.43,69.79],[-79.59,69.81],[-79.97,69.74],[-80.12,69.74],[-80.21,69.8],[-80.42,69.8],[-80.47,69.74],[-80.73,69.74],[-80.79,69.69],[-80.45,69.65],[-80.33,69.59],[-80.24,69.59],[-80.16,69.54],[-79.98,69.51],[-79.95,69.52],[-79.97,69.56],[-80.05,69.63],[-79.88,69.61],[-79.55,69.63]],[[-78.58,69.64],[-78.85,69.48],[-78.8,69.48],[-78.47,69.5],[-77.97,69.64],[-78.03,69.71],[-78.2,69.74],[-78.3,69.67],[-78.58,69.64]],[[-77.71,63.95],[-77.57,64.03],[-77.97,63.99],[-77.93,63.96],[-77.71,63.95]],[[-83.06,66.2],[-82.93,66.26],[-82.95,66.27],[-83.12,66.28],[-83.24,66.33],[-83.21,66.28],[-83.06,66.2]],[[-78.85,68.92],[-78.53,69.15],[-78.23,69.31],[-78.33,69.39],[-78.6,69.37],[-78.69,69.33],[-78.66,69.26],[-78.8,69.24],[-78.9,69.14],[-79.24,69.05],[-79.41,68.92],[-79.36,68.86],[-79.21,68.85],[-78.85,68.92]],[[-76.99,69.41],[-77.19,69.44],[-77.32,69.42],[-77.38,69.27],[-77.32,69.19],[-77.22,69.14],[-77.0,69.14],[-76.91,69.17],[-76.67,69.37],[-76.75,69.4],[-76.99,69.41]],[[-65.17,61.8],[-64.93,61.73],[-64.85,61.78],[-64.96,61.87],[-65.03,61.88],[-65.13,61.94],[-65.24,61.9],[-65.17,61.8]],[[-86.98,70.01],[-86.73,69.98],[-86.52,70.02],[-86.61,70.11],[-87.11,70.15],[-87.32,70.1],[-87.32,70.08],[-87.19,70.02],[-86.98,70.01]],[[-84.37,66.01],[-84.14,65.92],[-84.12,65.77],[-84.01,65.75],[-83.81,65.79],[-83.7,65.76],[-83.8,65.71],[-83.79,65.67],[-83.65,65.66],[-83.61,65.7],[-83.33,65.63],[-83.23,65.7],[-83.26,65.72],[-83.47,65.74],[-83.73,65.8],[-83.77,65.83],[-83.71,65.86],[-83.7,65.92],[-84.12,66.08],[-84.41,66.13],[-84.47,66.09],[-84.37,66.01]],[[-86.7,68.31],[-86.88,68.19],[-86.96,68.1],[-86.85,68.01],[-86.91,67.9],[-86.89,67.84],[-86.71,67.75],[-86.6,67.74],[-86.49,67.78],[-86.4,67.89],[-86.42,68.18],[-86.57,68.29],[-86.7,68.31]],[[-85.15,66.02],[-85.17,65.94],[-85.14,65.82],[-85.07,65.74],[-84.93,65.69],[-84.78,65.57],[-84.67,65.58],[-84.6,65.63],[-84.69,65.79],[-84.92,66.0],[-85.15,66.02]],[[-93.08,61.94],[-93.2,61.92],[-93.08,61.84],[-93.04,61.84],[-92.99,61.89],[-93.08,61.94]],[[-102.58,75.78],[-102.42,75.87],[-102.01,75.94],[-102.49,76.1],[-102.58,76.28],[-103.1,76.31],[-104.35,76.18],[-104.41,76.11],[-104.24,76.05],[-103.8,76.04],[-103.99,75.93],[-103.77,75.89],[-103.2,75.96],[-103.04,75.92],[-103.31,75.76],[-102.58,75.78]],[[-100.27,76.73],[-100.89,76.74],[-101.17,76.67],[-101.61,76.6],[-101.49,76.58],[-101.23,76.58],[-100.27,76.73]],[[-103.47,76.33],[-103.2,76.37],[-103.03,76.43],[-103.58,76.54],[-103.72,76.6],[-104.02,76.58],[-103.97,76.61],[-103.96,76.64],[-103.99,76.66],[-104.21,76.67],[-104.5,76.63],[-104.6,76.58],[-104.36,76.33],[-103.47,76.33]],[[-103.11,78.25],[-103.27,78.17],[-103.25,78.14],[-103.12,78.13],[-102.79,78.22],[-102.89,78.27],[-103.11,78.25]],[[-102.08,77.69],[-101.0,77.74],[-101.13,77.81],[-101.32,77.85],[-101.64,77.89],[-102.26,77.89],[-102.47,77.87],[-102.46,77.77],[-102.38,77.73],[-102.08,77.69]],[[-89.95,76.84],[-90.41,76.81],[-90.56,76.75],[-90.16,76.52],[-89.97,76.49],[-89.77,76.49],[-89.73,76.52],[-89.8,76.56],[-89.82,76.63],[-89.71,76.7],[-89.7,76.74],[-89.95,76.84]],[[-96.43,75.61],[-96.98,75.51],[-97.02,75.47],[-96.97,75.41],[-96.86,75.37],[-96.68,75.39],[-96.46,75.49],[-96.16,75.48],[-95.96,75.55],[-96.37,75.65],[-96.43,75.61]],[[-95.51,74.64],[-95.66,74.64],[-95.85,74.58],[-95.78,74.55],[-95.31,74.51],[-95.28,74.54],[-95.51,74.64]],[[-113.9,77.92],[-114.28,78.0],[-114.33,78.08],[-115.03,77.97],[-114.98,77.92],[-114.61,77.77],[-114.29,77.72],[-113.83,77.75],[-113.62,77.81],[-113.72,77.89],[-113.9,77.92]],[[-121.04,75.9],[-121.03,75.85],[-121.24,75.75],[-121.08,75.75],[-120.95,75.79],[-120.9,75.84],[-120.89,75.93],[-121.04,75.9]],[[-113.71,76.71],[-113.49,76.78],[-113.52,76.83],[-113.89,76.89],[-114.42,76.88],[-114.84,76.79],[-114.75,76.76],[-113.71,76.71]],[[-103.75,75.25],[-103.8,75.35],[-103.92,75.39],[-104.35,75.43],[-104.65,75.35],[-104.89,75.15],[-104.63,75.06],[-104.12,75.04],[-103.81,75.08],[-103.66,75.14],[-103.64,75.19],[-103.75,75.25]],[[-52.67,47.62],[-52.71,47.75],[-52.78,47.77],[-52.95,47.55],[-53.12,47.46],[-53.17,47.51],[-53.15,47.73],[-53.0,47.98],[-52.87,48.09],[-52.92,48.15],[-53.28,48.0],[-53.6,47.66],[-53.77,47.65],[-53.84,47.73],[-53.86,47.8],[-53.7,47.92],[-53.64,48.01],[-53.87,48.02],[-53.57,48.09],[-53.54,48.11],[-53.56,48.17],[-53.61,48.21],[-53.41,48.29],[-53.33,48.36],[-53.14,48.4],[-53.02,48.57],[-53.06,48.66],[-53.22,48.58],[-53.41,48.56],[-53.55,48.48],[-53.64,48.51],[-53.74,48.5],[-53.8,48.45],[-54.11,48.39],[-53.79,48.53],[-53.71,48.66],[-53.7,48.68],[-53.97,48.71],[-53.96,48.74],[-53.85,48.81],[-54.16,48.79],[-53.9,48.89],[-53.76,49.04],[-53.57,49.14],[-53.57,49.26],[-53.62,49.32],[-53.96,49.44],[-54.32,49.42],[-54.45,49.33],[-54.47,49.53],[-54.5,49.53],[-54.98,49.27],[-55.02,49.26],[-55.03,49.31],[-55.18,49.24],[-55.24,49.2],[-55.25,49.12],[-55.35,49.08],[-55.34,49.17],[-55.26,49.27],[-55.2,49.41],[-55.23,49.51],[-55.28,49.51],[-55.28,49.41],[-55.34,49.37],[-55.38,49.49],[-55.68,49.43],[-55.82,49.52],[-56.09,49.45],[-55.89,49.58],[-55.87,49.67],[-55.98,49.68],[-56.14,49.62],[-56.04,49.7],[-55.58,49.89],[-55.5,49.98],[-55.76,49.96],[-55.93,50.02],[-56.16,49.94],[-56.12,50.06],[-56.18,50.11],[-56.25,50.09],[-56.38,49.93],[-56.5,49.87],[-56.82,49.61],[-56.81,49.71],[-56.85,49.77],[-56.75,49.88],[-56.73,50.01],[-56.48,50.27],[-56.45,50.38],[-56.2,50.58],[-56.14,50.65],[-56.11,50.76],[-55.87,50.91],[-55.8,51.03],[-55.79,51.13],[-55.82,51.19],[-56.0,51.2],[-56.04,51.26],[-56.03,51.33],[-55.58,51.39],[-55.46,51.54],[-55.45,51.56],[-55.52,51.6],[-55.7,51.56],[-55.66,51.51],[-55.69,51.47],[-55.87,51.51],[-55.9,51.56],[-56.03,51.57],[-56.62,51.36],[-56.75,51.27],[-56.83,51.13],[-57.04,51.01],[-57.01,50.94],[-57.05,50.86],[-57.3,50.7],[-57.26,50.65],[-57.18,50.61],[-57.33,50.61],[-57.43,50.51],[-57.93,49.7],[-57.9,49.6],[-57.79,49.49],[-57.86,49.47],[-58.02,49.54],[-58.11,49.5],[-58.21,49.39],[-58.19,49.26],[-57.98,49.23],[-58.05,49.18],[-58.1,49.08],[-57.99,48.99],[-58.05,48.99],[-58.19,49.06],[-58.4,49.08],[-58.49,49.0],[-58.72,48.6],[-58.84,48.61],[-58.91,48.65],[-58.84,48.75],[-59.17,48.56],[-59.17,48.52],[-58.72,48.54],[-58.34,48.51],[-58.6,48.41],[-58.96,48.16],[-59.27,48.0],[-59.36,47.89],[-59.26,47.63],[-59.12,47.57],[-58.61,47.63],[-58.34,47.73],[-58.33,47.68],[-57.93,47.67],[-57.66,47.63],[-56.77,47.56],[-56.26,47.66],[-56.12,47.79],[-56.02,47.76],[-55.86,47.82],[-55.87,47.59],[-56.13,47.5],[-55.86,47.53],[-55.58,47.47],[-55.43,47.5],[-55.37,47.66],[-55.07,47.66],[-54.95,47.62],[-54.78,47.66],[-54.87,47.57],[-55.19,47.45],[-55.49,47.16],[-55.84,47.07],[-55.92,47.02],[-55.95,46.93],[-55.79,46.87],[-55.53,46.91],[-55.32,46.91],[-55.14,47.05],[-55.09,47.17],[-54.86,47.39],[-54.65,47.41],[-54.47,47.55],[-54.56,47.38],[-54.49,47.4],[-54.19,47.86],[-53.99,47.76],[-53.85,47.44],[-54.09,47.09],[-54.17,46.88],[-54.1,46.82],[-54.01,46.84],[-53.6,47.15],[-53.58,47.1],[-53.61,47.01],[-53.58,46.96],[-53.62,46.68],[-53.57,46.63],[-53.32,46.72],[-53.17,46.65],[-53.03,46.72],[-52.89,46.97],[-52.91,47.1],[-52.68,47.43],[-52.65,47.55],[-52.67,47.62]],[[-55.6,50.78],[-55.63,50.72],[-55.57,50.71],[-55.47,50.8],[-55.6,50.78]],[[-54.82,49.51],[-54.74,49.51],[-54.54,49.62],[-54.62,49.62],[-54.73,49.56],[-54.86,49.6],[-54.82,49.51]],[[-53.98,49.66],[-54.14,49.75],[-54.2,49.69],[-54.28,49.71],[-54.29,49.6],[-53.98,49.66]],[[-56.31,46.95],[-56.29,47.07],[-56.36,47.1],[-56.39,47.07],[-56.33,46.94],[-56.38,46.82],[-56.35,46.8],[-56.26,46.86],[-56.31,46.95]],[[-54.17,47.61],[-54.21,47.59],[-54.33,47.41],[-54.23,47.44],[-54.15,47.57],[-54.13,47.65],[-54.17,47.61]],[[-100.29,68.96],[-100.41,69.03],[-100.6,69.01],[-100.62,68.78],[-100.57,68.77],[-100.5,68.79],[-100.4,68.72],[-100.25,68.78],[-100.18,68.9],[-100.29,68.96]],[[-100.15,69.13],[-100.24,69.04],[-100.14,68.97],[-100.02,68.95],[-99.99,69.01],[-100.04,69.09],[-100.15,69.13]],[[-100.32,70.58],[-100.28,70.59],[-100.43,70.65],[-100.64,70.67],[-100.68,70.65],[-100.65,70.56],[-100.54,70.53],[-100.32,70.49],[-100.32,70.58]],[[-95.99,69.39],[-95.89,69.35],[-95.81,69.45],[-95.81,69.56],[-95.76,69.56],[-95.7,69.54],[-95.67,69.44],[-95.73,69.35],[-95.5,69.35],[-95.4,69.42],[-95.38,69.51],[-95.6,69.6],[-95.8,69.63],[-95.94,69.57],[-95.99,69.47],[-95.99,69.39]],[[-101.1,69.54],[-101.31,69.58],[-101.36,69.54],[-101.21,69.48],[-101.29,69.44],[-101.25,69.39],[-101.0,69.46],[-101.1,69.54]],[[-102.01,68.83],[-102.31,68.68],[-101.89,68.58],[-101.73,68.65],[-101.72,68.72],[-101.76,68.77],[-102.01,68.83]],[[-104.6,68.56],[-104.91,68.58],[-105.05,68.56],[-104.97,68.49],[-104.6,68.4],[-104.44,68.45],[-104.47,68.5],[-104.6,68.56]],[[-107.97,67.33],[-107.95,67.32],[-107.89,67.44],[-107.99,67.51],[-107.99,67.62],[-108.05,67.66],[-108.13,67.63],[-108.15,67.43],[-107.97,67.33]],[[-108.97,67.98],[-109.18,67.97],[-108.92,67.88],[-108.89,67.9],[-108.97,67.98]],[[-107.94,66.86],[-107.83,66.92],[-107.81,67.0],[-108.09,67.01],[-107.94,66.86]],[[-109.47,68.1],[-109.5,68.05],[-109.32,67.99],[-109.34,68.05],[-109.47,68.1]],[[-61.05,56.13],[-61.16,56.12],[-61.19,56.05],[-60.98,56.02],[-60.99,56.04],[-60.96,56.08],[-61.05,56.13]],[[-61.94,57.55],[-62.01,57.56],[-61.98,57.5],[-61.8,57.42],[-61.64,57.42],[-61.66,57.52],[-61.85,57.58],[-61.94,57.55]],[[-69.2,59.15],[-69.33,59.12],[-69.32,59.03],[-69.35,58.96],[-69.22,58.97],[-69.16,59.06],[-69.19,59.09],[-69.2,59.15]],[[22.31,60.23],[22.31,60.27],[22.42,60.3],[22.35,60.36],[22.18,60.37],[22.13,60.36],[22.08,60.29],[22.19,60.24],[22.26,60.17],[22.36,60.17],[22.31,60.23]],[[21.21,60.6],[21.3,60.48],[21.44,60.48],[21.45,60.53],[21.27,60.64],[21.21,60.6]],[[21.76,60.2],[21.7,60.17],[21.7,60.11],[21.83,60.14],[21.86,60.2],[21.76,60.2]],[[-64.5,60.43],[-64.65,60.51],[-64.84,60.5],[-64.81,60.41],[-64.44,60.3],[-64.41,60.37],[-64.5,60.43]],[[126.17,34.83],[126.08,34.91],[126.01,34.87],[126.12,34.71],[126.17,34.73],[126.17,34.83]],[[72.49,-7.26],[72.44,-7.23],[72.47,-7.31],[72.45,-7.4],[72.43,-7.3],[72.35,-7.26],[72.41,-7.33],[72.43,-7.44],[72.49,-7.38],[72.49,-7.26]],[[157.62,-8.73],[157.58,-8.7],[157.45,-8.71],[157.46,-8.73],[157.64,-8.79],[157.62,-8.73]],[[20.57,60.07],[20.4,60.04],[20.6,60.02],[20.57,60.07]],[[21.63,60.17],[21.57,60.17],[21.49,60.13],[21.54,60.1],[21.63,60.11],[21.63,60.17]],[[24.79,65.09],[24.58,65.04],[24.58,64.98],[24.7,64.96],[25.0,65.04],[24.79,65.09]],[[29.84,69.91],[29.74,69.79],[29.77,69.77],[30.06,69.84],[29.84,69.91]],[[4.86,61.19],[4.82,61.18],[4.8,61.08],[4.96,61.08],[4.97,61.15],[4.92,61.2],[4.86,61.19]],[[8.1,63.34],[8.14,63.37],[8.14,63.43],[8.07,63.47],[7.8,63.41],[7.89,63.35],[8.1,63.34]],[[8.47,63.67],[8.79,63.7],[8.81,63.77],[8.73,63.8],[8.71,63.77],[8.29,63.69],[8.47,63.67]],[[12.48,65.98],[12.43,65.94],[12.43,65.9],[12.51,65.9],[12.78,65.99],[12.64,66.01],[12.48,65.98]],[[12.62,66.12],[12.62,66.18],[12.53,66.21],[12.46,66.19],[12.33,66.04],[12.58,66.07],[12.62,66.12]],[[19.87,70.21],[19.77,70.22],[19.68,70.27],[19.6,70.27],[19.61,70.22],[19.71,70.17],[19.78,70.08],[20.09,70.1],[20.08,70.13],[19.87,70.21]],[[22.61,70.53],[22.66,70.56],[22.83,70.54],[23.07,70.59],[23.39,70.75],[23.44,70.82],[23.4,70.84],[23.2,70.82],[22.96,70.71],[22.86,70.73],[22.42,70.7],[22.35,70.66],[21.99,70.66],[22.17,70.56],[22.36,70.51],[22.61,70.53]],[[20.82,70.21],[20.65,70.23],[20.49,70.2],[20.41,70.15],[20.41,70.12],[20.46,70.08],[20.73,70.07],[20.78,70.09],[20.82,70.21]],[[26.0,70.98],[26.13,71.0],[26.15,71.04],[26.08,71.03],[25.95,71.1],[25.59,71.14],[25.32,71.05],[25.48,71.02],[25.58,70.96],[26.0,70.98]],[[23.55,70.62],[23.25,70.51],[23.02,70.49],[22.94,70.44],[22.92,70.38],[23.01,70.35],[23.09,70.38],[23.1,70.3],[23.16,70.28],[23.35,70.32],[23.33,70.33],[23.64,70.46],[23.62,70.55],[23.55,70.62]],[[23.85,70.71],[23.78,70.75],[23.69,70.72],[23.66,70.68],[23.67,70.6],[23.83,70.53],[24.02,70.57],[24.08,70.65],[23.85,70.71]],[[13.93,68.25],[13.78,68.28],[13.54,68.25],[13.43,68.16],[13.3,68.16],[13.2,68.09],[13.23,68.0],[13.35,68.01],[13.42,68.08],[13.5,68.05],[14.03,68.19],[14.12,68.25],[13.93,68.25]],[[12.96,68.02],[12.82,67.82],[13.1,67.96],[13.12,68.05],[13.07,68.07],[12.96,68.02]],[[18.0,69.5],[17.78,69.56],[17.62,69.54],[17.5,69.6],[17.45,69.53],[17.25,69.5],[17.23,69.48],[17.37,69.44],[17.39,69.42],[17.36,69.38],[17.08,69.4],[17.0,69.36],[16.97,69.14],[16.84,69.11],[16.81,69.07],[17.08,69.05],[17.08,69.01],[17.16,69.03],[17.49,69.2],[17.57,69.16],[17.95,69.2],[17.92,69.27],[17.94,69.33],[18.08,69.4],[18.0,69.5]],[[19.5,70.05],[19.34,70.01],[19.26,70.07],[19.25,70.18],[19.21,70.25],[19.13,70.24],[19.06,70.17],[19.07,70.09],[19.05,70.04],[18.88,70.01],[18.69,69.89],[18.67,69.78],[18.62,69.81],[18.51,69.77],[18.35,69.77],[18.32,69.72],[18.23,69.68],[18.23,69.64],[18.06,69.6],[18.13,69.56],[18.27,69.54],[18.78,69.58],[18.81,69.64],[19.01,69.76],[19.13,69.81],[19.33,69.82],[19.44,69.91],[19.59,69.97],[19.61,70.02],[19.5,70.05]],[[15.1,68.44],[14.59,68.4],[14.26,68.26],[14.26,68.19],[14.35,68.18],[14.63,68.2],[14.93,68.31],[15.1,68.29],[15.28,68.37],[15.34,68.38],[15.34,68.33],[15.44,68.31],[15.68,68.36],[15.76,68.41],[15.91,68.39],[16.19,68.54],[16.52,68.63],[16.55,68.72],[16.43,68.84],[16.28,68.87],[16.15,68.84],[16.13,68.75],[16.06,68.68],[15.91,68.65],[15.76,68.56],[15.93,68.73],[15.91,68.91],[15.83,68.96],[15.81,69.02],[15.99,69.11],[16.11,69.22],[16.13,69.27],[15.97,69.3],[15.48,69.04],[15.44,68.98],[15.44,68.92],[15.53,68.91],[15.56,68.87],[15.49,68.81],[15.41,68.62],[15.1,68.44]],[[15.1,69.01],[15.04,69.0],[15.04,68.89],[14.87,68.91],[14.8,68.79],[14.55,68.82],[14.37,68.71],[14.4,68.66],[14.52,68.63],[14.74,68.68],[14.89,68.61],[15.22,68.62],[15.35,68.67],[15.4,68.78],[15.18,68.98],[15.1,69.01]],[[11.13,64.98],[11.02,64.98],[10.81,64.92],[10.74,64.87],[10.83,64.84],[11.06,64.86],[11.18,64.84],[11.25,64.91],[11.13,64.98]],[[4.96,60.24],[5.0,60.2],[5.09,60.19],[5.09,60.31],[4.99,60.45],[4.93,60.41],[4.96,60.24]],[[11.97,65.7],[11.8,65.68],[11.77,65.63],[11.78,65.6],[11.9,65.6],[12.0,65.68],[11.97,65.7]],[[-79.18,76.09],[-79.7,75.88],[-79.54,75.83],[-79.05,75.87],[-79.06,75.99],[-78.85,76.11],[-79.01,76.15],[-79.18,76.09]],[[-72.09,77.47],[-72.44,77.45],[-72.49,77.43],[-72.49,77.39],[-72.02,77.32],[-71.67,77.33],[-71.47,77.35],[-71.43,77.39],[-72.09,77.47]],[[-46.4,82.69],[-47.27,82.66],[-47.35,82.6],[-47.31,82.53],[-46.75,82.35],[-45.49,82.17],[-45.07,82.07],[-44.86,82.08],[-44.78,82.24],[-44.75,82.4],[-44.92,82.48],[-45.41,82.58],[-46.4,82.69]],[[-19.31,82.12],[-19.49,82.12],[-19.61,82.08],[-19.59,81.99],[-19.03,81.83],[-18.77,81.81],[-18.66,81.85],[-18.81,81.95],[-19.31,82.12]],[[-18.04,79.71],[-17.61,79.83],[-17.4,79.94],[-17.47,80.03],[-17.98,80.06],[-18.55,80.01],[-19.0,79.94],[-19.14,79.85],[-19.03,79.77],[-18.66,79.72],[-18.04,79.71]],[[-19.11,78.42],[-19.31,78.34],[-19.3,78.19],[-19.13,77.94],[-19.0,77.97],[-18.88,78.11],[-18.95,78.21],[-18.94,78.42],[-19.11,78.42]],[[-18.66,76.4],[-18.58,76.04],[-18.7,76.02],[-19.09,76.43],[-19.06,76.69],[-18.88,76.7],[-18.73,76.64],[-18.66,76.4]],[[-18.64,75.39],[-18.86,75.32],[-18.88,75.2],[-18.89,75.07],[-18.67,75.0],[-17.59,74.99],[-17.39,75.04],[-17.5,75.15],[-17.76,75.14],[-17.89,75.2],[-18.0,75.41],[-18.45,75.33],[-18.64,75.39]],[[-17.9,77.86],[-18.22,77.67],[-17.95,77.64],[-17.73,77.71],[-17.64,77.78],[-17.68,77.86],[-17.9,77.86]],[[-51.21,68.42],[-51.46,68.39],[-51.63,68.27],[-52.2,68.22],[-52.7,68.26],[-52.78,68.31],[-53.38,68.3],[-53.21,68.41],[-53.04,68.61],[-52.6,68.71],[-52.3,68.7],[-51.78,68.55],[-51.62,68.53],[-51.13,68.6],[-50.95,68.68],[-50.8,68.79],[-50.81,68.82],[-51.03,68.76],[-51.25,68.74],[-51.08,69.13],[-50.39,69.14],[-50.3,69.17],[-50.54,69.25],[-51.08,69.21],[-51.06,69.27],[-50.89,69.41],[-50.8,69.66],[-50.72,69.73],[-50.35,69.8],[-50.34,69.83],[-50.5,69.94],[-50.29,70.01],[-50.44,70.04],[-50.8,70.0],[-51.11,70.06],[-51.5,69.99],[-52.25,70.06],[-53.02,70.3],[-54.01,70.42],[-54.34,70.57],[-54.53,70.7],[-54.34,70.79],[-54.17,70.82],[-53.51,70.77],[-52.8,70.75],[-52.41,70.69],[-51.52,70.44],[-50.87,70.36],[-50.66,70.42],[-50.93,70.45],[-51.32,70.59],[-51.34,70.69],[-51.26,70.85],[-51.77,71.01],[-51.13,70.97],[-51.02,71.0],[-51.38,71.12],[-52.06,71.12],[-52.53,71.2],[-53.01,71.18],[-53.12,71.31],[-52.89,71.46],[-52.75,71.5],[-51.97,71.6],[-51.77,71.67],[-52.2,71.63],[-52.66,71.67],[-53.17,71.54],[-53.44,71.58],[-53.48,71.64],[-53.25,71.71],[-53.14,71.78],[-53.14,71.81],[-53.33,71.79],[-53.42,72.0],[-53.69,72.16],[-53.81,72.29],[-53.65,72.36],[-53.93,72.32],[-53.79,72.13],[-53.51,71.98],[-53.46,71.89],[-53.48,71.85],[-53.72,71.76],[-53.78,71.68],[-53.89,71.64],[-54.02,71.66],[-53.91,71.53],[-53.96,71.46],[-54.32,71.38],[-54.69,71.37],[-55.34,71.43],[-55.59,71.55],[-55.67,71.63],[-55.67,71.69],[-55.55,71.77],[-55.45,71.96],[-55.32,72.11],[-54.84,72.36],[-54.9,72.39],[-55.32,72.2],[-55.58,72.18],[-55.66,72.22],[-55.64,72.3],[-55.38,72.31],[-55.3,72.35],[-55.43,72.42],[-55.6,72.45],[-55.46,72.5],[-55.12,72.5],[-54.92,72.57],[-54.74,72.7],[-54.76,72.83],[-54.74,72.87],[-54.87,72.97],[-55.07,73.02],[-55.13,72.96],[-55.29,72.93],[-55.67,73.01],[-55.69,73.11],[-55.36,73.2],[-55.3,73.26],[-55.29,73.33],[-55.33,73.4],[-55.45,73.46],[-55.74,73.38],[-55.79,73.46],[-55.88,73.5],[-56.1,73.56],[-56.11,73.59],[-55.97,73.76],[-55.84,73.76],[-55.93,73.9],[-56.23,74.13],[-56.49,74.18],[-57.23,74.13],[-56.71,74.22],[-56.64,74.28],[-56.65,74.38],[-56.72,74.43],[-56.26,74.53],[-56.87,74.69],[-57.19,74.89],[-57.81,75.04],[-58.25,75.28],[-58.57,75.35],[-58.6,75.39],[-58.28,75.47],[-58.25,75.51],[-58.52,75.69],[-59.08,75.76],[-59.45,75.86],[-61.19,76.16],[-62.1,76.24],[-62.74,76.25],[-63.29,76.35],[-63.44,76.34],[-63.84,76.22],[-63.96,76.21],[-64.31,76.32],[-64.91,76.17],[-65.37,76.13],[-65.57,76.14],[-65.88,76.24],[-66.13,76.22],[-66.47,76.14],[-66.87,76.22],[-66.99,76.21],[-67.08,76.19],[-67.05,76.15],[-66.67,75.98],[-66.83,75.97],[-68.32,76.09],[-69.37,76.33],[-69.48,76.4],[-68.86,76.56],[-68.11,76.65],[-68.22,76.68],[-69.25,76.69],[-69.67,76.74],[-69.89,76.83],[-69.87,76.88],[-69.69,76.99],[-70.44,76.81],[-70.61,76.82],[-70.79,76.87],[-70.73,76.93],[-71.02,76.98],[-71.14,77.03],[-71.15,77.07],[-70.86,77.18],[-70.6,77.19],[-69.66,77.23],[-68.98,77.2],[-68.75,77.31],[-68.59,77.34],[-68.14,77.38],[-66.94,77.36],[-66.39,77.28],[-66.37,77.3],[-66.45,77.35],[-66.45,77.39],[-66.27,77.52],[-66.31,77.56],[-66.69,77.68],[-66.82,77.69],[-67.69,77.52],[-68.14,77.53],[-68.62,77.6],[-68.97,77.49],[-69.35,77.47],[-69.98,77.55],[-70.12,77.58],[-70.13,77.64],[-70.32,77.69],[-70.54,77.7],[-70.56,77.72],[-70.11,77.84],[-70.41,77.84],[-70.73,77.79],[-71.27,77.81],[-71.65,77.9],[-72.16,77.96],[-72.79,78.15],[-72.82,78.19],[-72.57,78.3],[-72.71,78.36],[-72.68,78.4],[-72.4,78.5],[-71.65,78.62],[-70.91,78.64],[-69.97,78.78],[-68.99,78.86],[-68.92,78.88],[-69.03,78.94],[-68.07,79.07],[-67.35,79.12],[-66.08,79.12],[-65.83,79.17],[-65.56,79.28],[-65.42,79.34],[-65.12,79.59],[-64.79,80.0],[-64.18,80.1],[-64.44,80.14],[-65.81,80.02],[-66.45,80.08],[-66.84,80.08],[-67.06,80.12],[-67.2,80.22],[-67.19,80.28],[-67.0,80.41],[-66.37,80.58],[-65.65,80.69],[-64.52,81],[-63.72,81.06],[-63.44,81.01],[-63.03,80.89],[-63.24,81.08],[-63.21,81.14],[-62.99,81.21],[-62.3,81.19],[-61.64,81.12],[-61.44,81.13],[-61.16,81.28],[-61.1,81.4],[-61.18,81.63],[-61.24,81.69],[-61.2,81.75],[-60.84,81.86],[-60.43,81.92],[-59.9,81.93],[-59.28,81.88],[-58.08,81.62],[-57.5,81.54],[-56.86,81.38],[-56.62,81.36],[-56.86,81.46],[-57.85,81.66],[-58.82,81.92],[-59.27,81.98],[-59.26,82.01],[-58.72,82.09],[-57.72,82.17],[-55.55,82.25],[-55.49,82.28],[-54.73,82.35],[-54.28,82.33],[-53.99,82.28],[-53.67,82.16],[-53.58,82.06],[-53.6,81.74],[-53.59,81.68],[-53.56,81.65],[-53.15,81.8],[-53.04,81.87],[-52.93,82.04],[-53.1,82.12],[-53.11,82.25],[-53.02,82.32],[-52.78,82.32],[-51.75,82.08],[-51.35,82.03],[-50.89,81.9],[-49.54,81.92],[-50.39,82.12],[-50.71,82.24],[-50.94,82.38],[-50.99,82.46],[-50.04,82.47],[-48.86,82.41],[-47.36,82.17],[-46.62,82.1],[-45.29,81.83],[-44.73,81.78],[-44.53,81.85],[-44.53,81.9],[-44.59,81.96],[-44.64,82.1],[-44.55,82.26],[-44.33,82.31],[-44.24,82.37],[-44.33,82.47],[-45.55,82.73],[-45.56,82.75],[-45.07,82.78],[-42.65,82.74],[-41.88,82.68],[-41.36,82.7],[-41.37,82.75],[-41.43,82.78],[-44.76,82.88],[-46.14,82.86],[-46.48,82.95],[-46.17,83.06],[-45.41,83.02],[-44.66,83.13],[-43.01,83.26],[-42.26,83.23],[-41.82,83.15],[-41.3,83.1],[-40.69,83.28],[-40.36,83.33],[-38.93,83.18],[-38.28,83.0],[-38.16,83.0],[-38.04,83.05],[-37.93,83.16],[-38.54,83.26],[-38.75,83.33],[-38.75,83.37],[-38.54,83.41],[-38.07,83.41],[-37.72,83.5],[-36.8,83.47],[-36.69,83.48],[-36.61,83.54],[-34.67,83.57],[-33.84,83.53],[-32.98,83.6],[-29.95,83.56],[-28.99,83.5],[-28.48,83.43],[-27.03,83.38],[-25.8,83.26],[-26.18,83.22],[-30.09,83.16],[-31.99,83.09],[-32.03,82.98],[-31.52,82.99],[-29.96,83.11],[-28.15,83.06],[-27.0,83.07],[-25.12,83.16],[-24.47,82.88],[-23.92,82.89],[-23.83,82.84],[-23.69,82.82],[-22.52,82.79],[-21.69,82.68],[-21.52,82.6],[-21.62,82.55],[-22.47,82.38],[-23.12,82.32],[-29.58,82.16],[-29.77,82.13],[-29.89,82.05],[-29.81,81.96],[-29.54,81.94],[-27.84,82.05],[-25.15,82.0],[-24.59,81.88],[-24.29,81.7],[-23.5,81.77],[-23.18,81.99],[-23.1,82.01],[-22.56,82.05],[-21.34,82.07],[-21.17,81.98],[-21.13,81.93],[-21.15,81.7],[-21.23,81.6],[-21.5,81.44],[-21.72,81.35],[-23.07,80.93],[-23.2,80.85],[-23.2,80.79],[-23.12,80.78],[-22.83,80.91],[-22.09,81.02],[-21.45,81.18],[-20.89,81.28],[-20.02,81.56],[-19.63,81.64],[-19.22,81.64],[-19.15,81.51],[-18.46,81.5],[-17.46,81.4],[-17.23,81.43],[-16.36,81.73],[-16.12,81.78],[-15.45,81.84],[-14.24,81.81],[-12.43,81.68],[-11.43,81.48],[-11.53,81.42],[-12.23,81.31],[-13.13,81.09],[-13.45,81.04],[-14.45,80.99],[-14.49,80.97],[-14.23,80.87],[-14.24,80.83],[-14.5,80.76],[-15.19,80.72],[-15.54,80.65],[-16.32,80.65],[-16.76,80.57],[-16.59,80.51],[-15.94,80.43],[-15.93,80.4],[-16.49,80.25],[-17.01,80.19],[-18.07,80.17],[-19.43,80.26],[-19.87,80.14],[-20.15,80.01],[-20.2,79.94],[-20.18,79.86],[-20.07,79.77],[-19.35,79.73],[-19.28,79.68],[-19.4,79.49],[-19.43,79.4],[-19.41,79.35],[-19.15,79.33],[-19.01,79.25],[-18.97,79.21],[-18.99,79.18],[-19.72,79.07],[-19.89,78.91],[-20.05,78.84],[-20.62,78.8],[-21.13,78.66],[-20.95,78.6],[-20.96,78.56],[-21.19,78.38],[-21.4,78.07],[-21.75,77.79],[-21.73,77.71],[-21.58,77.65],[-21.38,77.7],[-21.13,77.85],[-20.86,77.91],[-20.32,77.86],[-19.49,77.72],[-19.3,77.62],[-19.3,77.59],[-19.47,77.57],[-20.16,77.69],[-20.68,77.62],[-20.46,77.45],[-20.23,77.37],[-19.81,77.33],[-19.3,77.22],[-18.9,77.28],[-18.44,77.26],[-18.34,77.22],[-18.29,77.13],[-18.34,76.92],[-18.51,76.78],[-18.61,76.76],[-19.86,76.91],[-20.49,76.92],[-20.94,76.89],[-20.96,76.84],[-21.61,76.69],[-21.75,76.69],[-22.19,76.79],[-22.33,76.79],[-22.55,76.73],[-22.61,76.68],[-22.38,76.61],[-21.88,76.57],[-21.76,76.4],[-21.49,76.27],[-21.19,76.27],[-20.89,76.3],[-20.56,76.24],[-20.1,76.22],[-19.86,76.12],[-19.96,76.0],[-19.51,75.76],[-19.4,75.49],[-19.38,75.3],[-19.43,75.23],[-19.53,75.18],[-19.8,75.16],[-20.2,75.31],[-20.48,75.31],[-20.91,75.16],[-21.25,75.13],[-21.41,75.06],[-21.65,75.02],[-22.23,75.12],[-21.9,75.0],[-21.7,74.96],[-20.99,75.07],[-20.86,74.99],[-20.79,74.89],[-20.8,74.81],[-21.04,74.65],[-20.86,74.64],[-20.61,74.73],[-20.42,74.98],[-20.21,75.02],[-19.98,74.98],[-19.54,74.62],[-19.29,74.55],[-19.23,74.48],[-19.27,74.34],[-19.37,74.28],[-19.65,74.26],[-20.26,74.28],[-20.23,74.2],[-20.65,74.14],[-21.13,74.11],[-21.58,74.16],[-21.95,74.24],[-21.83,74.36],[-21.76,74.48],[-21.98,74.57],[-21.92,74.44],[-21.97,74.39],[-22.33,74.29],[-22.26,74.27],[-22.2,74.21],[-22.34,74.06],[-21.99,73.97],[-21.3,73.96],[-20.37,73.85],[-20.34,73.82],[-20.45,73.65],[-20.51,73.49],[-20.64,73.46],[-21.55,73.43],[-22.19,73.27],[-22.35,73.27],[-23.23,73.4],[-23.76,73.54],[-24.16,73.76],[-24.45,73.63],[-24.68,73.6],[-25.52,73.85],[-24.78,73.54],[-24.79,73.51],[-25.31,73.43],[-25.67,73.29],[-26.06,73.25],[-27.27,73.44],[-27.17,73.37],[-26.54,73.25],[-26.73,73.17],[-27.26,73.18],[-27.56,73.14],[-27.48,73.09],[-27.35,73.07],[-27.19,73.13],[-26.75,73.12],[-25.4,73.28],[-25.27,73.36],[-25.06,73.4],[-24.13,73.41],[-23.9,73.4],[-23.71,73.32],[-23.24,73.19],[-23.0,73.17],[-22.85,73.08],[-22.04,72.92],[-22.01,72.64],[-22.07,72.4],[-22.28,72.34],[-22.24,72.22],[-22.29,72.12],[-23.21,72.33],[-23.67,72.39],[-24.07,72.5],[-24.36,72.69],[-24.63,73.04],[-24.99,73.01],[-25.17,72.98],[-25.26,72.92],[-26.66,72.72],[-26.39,72.67],[-25.69,72.8],[-25.36,72.81],[-24.81,72.9],[-24.77,72.87],[-24.65,72.58],[-24.7,72.51],[-25.2,72.39],[-25.12,72.35],[-24.67,72.44],[-24.57,72.42],[-24.42,72.35],[-23.59,72.14],[-22.5,71.91],[-22.37,71.77],[-21.96,71.74],[-22.01,71.69],[-22.5,71.5],[-22.48,71.38],[-22.42,71.25],[-22.3,71.43],[-21.96,71.51],[-21.75,71.48],[-21.67,71.21],[-21.67,70.86],[-21.63,70.8],[-21.57,70.59],[-21.52,70.53],[-21.63,70.47],[-21.94,70.44],[-22.07,70.47],[-22.38,70.46],[-22.44,70.86],[-22.53,70.81],[-22.61,70.49],[-22.69,70.44],[-23.33,70.45],[-23.79,70.56],[-23.97,70.65],[-24.23,70.92],[-24.27,71.05],[-24.38,71.15],[-24.56,71.22],[-25.89,71.57],[-26.69,71.58],[-27.09,71.63],[-27.16,71.6],[-27.11,71.53],[-25.84,71.48],[-25.76,71.44],[-25.7,71.37],[-25.67,71.27],[-25.74,71.18],[-26.16,71.05],[-26.72,70.95],[-27.34,70.95],[-27.89,71.0],[-28.4,70.99],[-27.99,70.9],[-27.98,70.84],[-28.07,70.7],[-28.42,70.57],[-29.07,70.44],[-28.54,70.48],[-28.02,70.4],[-26.62,70.46],[-26.51,70.4],[-26.58,70.36],[-27.2,70.26],[-27.56,70.12],[-27.63,70.03],[-27.38,69.99],[-27.03,70.2],[-26.75,70.24],[-26.42,70.22],[-26.16,70.25],[-25.53,70.35],[-24.75,70.3],[-23.67,70.14],[-22.28,70.13],[-22.21,70.11],[-22.29,70.03],[-22.44,69.99],[-23.03,69.9],[-23.09,69.88],[-23.01,69.8],[-23.05,69.79],[-23.87,69.74],[-23.71,69.63],[-23.74,69.59],[-23.94,69.56],[-24.3,69.59],[-24.25,69.56],[-24.22,69.48],[-24.3,69.44],[-24.87,69.29],[-25.19,69.26],[-25.08,69.19],[-25.09,69.17],[-25.27,69.09],[-25.54,69.05],[-25.63,68.93],[-25.7,68.89],[-26.48,68.68],[-28.13,68.48],[-29.25,68.3],[-29.87,68.31],[-30.05,68.27],[-30.2,68.2],[-30.72,68.25],[-30.61,68.16],[-30.61,68.12],[-30.98,68.06],[-31.42,68.13],[-32.33,68.44],[-32.31,68.39],[-32.18,68.26],[-32.37,68.21],[-32.16,68.06],[-32.16,67.99],[-32.37,67.88],[-33.11,67.66],[-33.35,67.44],[-33.5,67.38],[-33.53,67.26],[-34.1,66.73],[-34.27,66.63],[-34.42,66.63],[-34.63,66.43],[-35.19,66.25],[-35.41,66.26],[-35.87,66.44],[-35.63,66.14],[-36.38,65.83],[-36.39,65.96],[-36.53,66.01],[-36.54,65.94],[-36.67,65.79],[-36.93,65.78],[-37.06,65.87],[-37.23,65.79],[-37.32,65.79],[-37.33,65.72],[-37.41,65.66],[-37.66,65.63],[-37.75,65.59],[-37.95,65.63],[-38.0,65.71],[-37.8,65.86],[-37.83,65.91],[-37.79,65.98],[-37.28,66.3],[-37.81,66.39],[-38.16,66.39],[-37.75,66.26],[-37.97,66.14],[-38.14,65.9],[-38.52,66.01],[-38.44,65.92],[-38.22,65.84],[-38.2,65.71],[-38.64,65.62],[-40.17,65.56],[-40.19,65.52],[-39.58,65.34],[-39.65,65.29],[-40.03,65.1],[-40.25,65.05],[-40.67,65.11],[-40.88,65.08],[-41.08,65.1],[-41.09,65.04],[-41.03,64.99],[-40.97,64.87],[-40.66,64.92],[-40.52,64.83],[-40.43,64.67],[-40.28,64.6],[-40.18,64.48],[-40.48,64.34],[-40.7,64.33],[-40.69,64.27],[-40.78,64.22],[-41.18,64.28],[-41.58,64.3],[-41.03,64.12],[-40.83,64.16],[-40.62,64.13],[-40.65,63.93],[-40.55,63.73],[-40.77,63.63],[-40.78,63.53],[-41.05,63.51],[-41.06,63.41],[-41.15,63.35],[-41.11,63.27],[-41.39,63.06],[-41.84,63.07],[-42.17,63.21],[-42.09,63.12],[-41.63,62.97],[-41.64,62.92],[-41.72,62.89],[-41.91,62.74],[-42.06,62.69],[-42.94,62.72],[-42.67,62.64],[-42.15,62.57],[-42.16,62.51],[-42.24,62.47],[-42.2,62.4],[-42.32,62.15],[-42.24,62.06],[-42.14,62.01],[-42.15,61.95],[-42.11,61.86],[-42.25,61.77],[-42.53,61.76],[-42.59,61.72],[-42.32,61.68],[-42.35,61.62],[-42.42,61.54],[-42.65,61.06],[-42.72,60.77],[-43.04,60.52],[-43.35,60.52],[-43.6,60.58],[-43.92,60.6],[-43.94,60.57],[-43.83,60.52],[-43.3,60.44],[-43.16,60.33],[-43.12,60.06],[-43.32,59.93],[-43.62,59.94],[-43.96,60.03],[-43.66,59.86],[-43.91,59.82],[-44.12,59.83],[-44.07,59.92],[-44.38,59.9],[-44.45,60.01],[-44.23,60.18],[-44.18,60.24],[-44.22,60.27],[-44.35,60.2],[-44.53,60.03],[-44.61,60.02],[-45.38,60.2],[-45.37,60.37],[-45.2,60.38],[-44.97,60.46],[-44.85,60.53],[-44.74,60.66],[-45.08,60.51],[-45.38,60.44],[-46.05,60.62],[-46.14,60.78],[-46.02,60.97],[-45.88,61.09],[-45.85,61.18],[-45.87,61.22],[-45.94,61.21],[-46.01,61.1],[-46.58,60.96],[-46.87,60.82],[-47.22,60.78],[-47.46,60.84],[-47.8,60.83],[-47.73,60.73],[-47.83,60.72],[-48.01,60.72],[-48.18,60.77],[-48.24,60.81],[-48.21,60.86],[-47.77,61.0],[-48.39,61.0],[-48.38,61.14],[-48.43,61.19],[-48.6,61.25],[-48.92,61.28],[-49.05,61.52],[-49.29,61.59],[-49.19,61.69],[-49.31,61.75],[-49.38,61.89],[-49.04,62.04],[-48.83,62.08],[-49.12,62.11],[-49.2,62.1],[-49.35,62.01],[-49.62,62.0],[-49.66,62.02],[-49.67,62.15],[-49.55,62.23],[-49.94,62.32],[-50.32,62.47],[-50.26,62.58],[-50.26,62.68],[-50.3,62.72],[-50.08,62.9],[-49.79,63.04],[-50.09,62.98],[-50.39,62.82],[-50.5,62.94],[-50.8,63.09],[-51.19,63.44],[-51.47,63.64],[-51.54,63.76],[-51.45,63.9],[-51.55,64.01],[-50.7,64.15],[-50.34,64.17],[-50.26,64.21],[-50.49,64.21],[-50.44,64.31],[-50.72,64.22],[-51.07,64.16],[-51.58,64.1],[-51.71,64.21],[-51.53,64.31],[-51.4,64.46],[-51.23,64.56],[-50.83,64.56],[-50.85,64.64],[-50.49,64.69],[-50.36,64.68],[-50.16,64.49],[-50.01,64.45],[-50.02,64.51],[-50.09,64.58],[-50.12,64.7],[-50.3,64.78],[-50.52,64.77],[-50.65,64.85],[-50.68,64.93],[-50.92,65.2],[-50.96,65.2],[-50.72,64.8],[-50.89,64.7],[-51.22,64.63],[-51.14,64.79],[-51.26,64.76],[-51.36,64.7],[-51.4,64.62],[-51.76,64.28],[-51.92,64.22],[-52.0,64.26],[-52.09,64.42],[-52.09,64.68],[-52.26,65.15],[-52.45,65.21],[-52.54,65.33],[-52.18,65.44],[-51.62,65.71],[-51.09,65.75],[-51.09,65.78],[-51.39,65.78],[-51.72,65.72],[-52.04,65.57],[-52.35,65.46],[-52.55,65.46],[-52.76,65.59],[-52.99,65.57],[-53.2,65.59],[-53.23,65.77],[-53.11,65.98],[-53.24,65.98],[-53.39,66.05],[-52.06,66.51],[-51.89,66.62],[-51.52,66.73],[-51.26,66.84],[-51.23,66.88],[-51.28,66.89],[-51.82,66.7],[-53.04,66.2],[-53.54,66.14],[-53.61,66.15],[-53.65,66.27],[-53.63,66.41],[-53.57,66.51],[-53.42,66.65],[-53.11,66.75],[-53.04,66.83],[-52.49,66.85],[-52.39,66.88],[-52.56,66.91],[-53.44,66.92],[-53.69,66.99],[-53.88,67.14],[-53.8,67.42],[-52.97,67.69],[-52.67,67.75],[-52.38,67.75],[-51.67,67.65],[-51.45,67.67],[-51.18,67.64],[-50.71,67.51],[-50.61,67.53],[-50.64,67.56],[-51.17,67.69],[-51.17,67.73],[-50.89,67.78],[-50.97,67.81],[-51.77,67.74],[-52.34,67.84],[-52.98,67.76],[-53.42,67.57],[-53.6,67.54],[-53.74,67.55],[-53.62,67.72],[-53.58,67.84],[-53.35,67.97],[-53.15,68.21],[-52.89,68.2],[-52.06,68.08],[-51.6,68.05],[-51.46,68.12],[-51.39,68.22],[-51.21,68.33],[-51.17,68.39],[-51.21,68.42]],[[25.4,37.42],[25.46,37.47],[25.35,37.51],[25.31,37.49],[25.31,37.41],[25.4,37.42]],[[169.59,5.8],[169.62,5.8],[169.73,6.01],[169.65,5.95],[169.59,5.8]],[[173.03,1.01],[172.99,1.03],[173.07,0.96],[172.97,0.84],[172.99,0.84],[173.09,0.97],[173.03,1.01]],[[174.45,-0.65],[174.38,-0.59],[174.47,-0.64],[174.51,-0.8],[174.48,-0.83],[174.45,-0.65]],[[168.68,7.34],[168.72,7.3],[168.83,7.31],[168.68,7.34]],[[171.76,6.97],[171.61,7.01],[171.58,7.05],[171.69,7.03],[171.76,6.97]],[[171.39,7.11],[171.24,7.07],[171.04,7.16],[171.23,7.09],[171.39,7.11]],[[-178.14,-14.24],[-178.19,-14.26],[-178.16,-14.31],[-178.05,-14.32],[-178.14,-14.24]],[[-140.81,-17.86],[-140.83,-17.84],[-140.78,-17.75],[-140.64,-17.68],[-140.8,-17.75],[-140.85,-17.83],[-140.85,-17.87],[-140.81,-17.86]],[[-136.31,-18.57],[-136.29,-18.54],[-136.33,-18.52],[-136.48,-18.47],[-136.31,-18.57]],[[-140.82,-18.22],[-140.97,-18.06],[-140.82,-18.22]],[[-143.39,-16.67],[-143.44,-16.62],[-143.55,-16.62],[-143.39,-16.67]],[[-145.48,-16.35],[-145.61,-16.08],[-145.61,-16.17],[-145.48,-16.35]],[[173.04,1.34],[173.17,1.38],[173.04,1.34]],[[-169.62,56.62],[-169.76,56.64],[-169.77,56.61],[-169.63,56.55],[-169.47,56.59],[-169.55,56.63],[-169.62,56.62]],[[-72.85,20.09],[-72.96,20.06],[-72.9,20.03],[-72.64,19.99],[-72.62,20.01],[-72.85,20.09]],[[-180,-84.35],[-178.39,-84.34],[-177.73,-84.4],[-176.29,-84.42],[-175.87,-84.51],[-174.66,-84.46],[-171.7,-84.54],[-168.67,-84.68],[-168.05,-84.73],[-167.49,-84.83],[-166.91,-84.82],[-162.93,-84.9],[-157.13,-85.19],[-156.46,-85.19],[-156.64,-85.08],[-156.99,-84.98],[-157.45,-84.91],[-156.49,-84.89],[-156.62,-84.84],[-163.57,-84.53],[-164.11,-84.45],[-165.14,-84.41],[-165.24,-84.38],[-165.18,-84.37],[-163.9,-84.35],[-163.77,-84.32],[-163.82,-84.29],[-164.69,-84.15],[-164.5,-84.07],[-164.12,-84.05],[-164.01,-84.02],[-164.08,-83.95],[-164.95,-83.81],[-165.54,-83.76],[-165.92,-83.79],[-167.55,-83.81],[-167.8,-83.79],[-169.17,-83.45],[-171.19,-83.26],[-174.07,-82.9],[-174.24,-82.79],[-173.07,-82.92],[-171.82,-82.85],[-168.42,-83.23],[-165.62,-83.22],[-164.92,-83.29],[-164.45,-83.47],[-163.73,-83.37],[-163.11,-83.33],[-162.57,-83.41],[-162.2,-83.52],[-159.92,-83.49],[-159.44,-83.54],[-157.43,-83.35],[-157.03,-83.23],[-157.59,-83.19],[-157.68,-83.13],[-155.46,-82.98],[-155.15,-82.86],[-153.4,-82.59],[-153.01,-82.45],[-154.72,-81.94],[-154.19,-81.81],[-153.96,-81.7],[-154.49,-81.57],[-154.91,-81.51],[-157.03,-81.32],[-156.53,-81.16],[-155.92,-81.13],[-148.12,-80.9],[-148.02,-80.84],[-148.54,-80.76],[-149.15,-80.72],[-149.21,-80.67],[-149.21,-80.6],[-150.13,-80.51],[-150.52,-80.41],[-150.58,-80.35],[-150.44,-80.21],[-150.22,-80.15],[-148.32,-80.07],[-148.34,-80.0],[-148.43,-79.97],[-148.43,-79.93],[-148.13,-79.91],[-148.08,-79.86],[-148.18,-79.78],[-148.42,-79.73],[-150.49,-79.55],[-151.05,-79.46],[-152.09,-79.24],[-152.05,-79.19],[-152.14,-79.12],[-153.52,-79.12],[-154.52,-79.05],[-155.21,-78.96],[-156.11,-78.74],[-156.47,-78.64],[-156.21,-78.56],[-154.72,-78.4],[-154.29,-78.26],[-155.34,-78.19],[-157.27,-78.2],[-157.85,-78.07],[-158.29,-77.95],[-158.41,-77.89],[-158.5,-77.78],[-158.23,-77.5],[-158.25,-77.35],[-158.21,-77.16],[-158.0,-77.09],[-157.84,-77.08],[-157.47,-77.23],[-157.14,-77.24],[-156.67,-77.21],[-156.21,-77.11],[-154.81,-77.13],[-153.91,-77.23],[-153.61,-77.31],[-153.57,-77.36],[-153.46,-77.42],[-153.08,-77.44],[-151.72,-77.43],[-150.31,-77.73],[-149.72,-77.8],[-149.13,-77.64],[-148.34,-77.55],[-148.16,-77.46],[-148.26,-77.41],[-148.74,-77.34],[-148.84,-77.28],[-148.84,-77.2],[-148.78,-77.12],[-148.57,-77.11],[-147.73,-77.31],[-147.44,-77.32],[-146.93,-77.26],[-146.39,-77.47],[-145.68,-77.49],[-145.6,-77.46],[-145.71,-77.34],[-145.79,-77.33],[-145.81,-77.27],[-145.52,-77.2],[-145.75,-77.1],[-145.97,-77.07],[-145.93,-77.03],[-145.63,-76.95],[-145.69,-76.88],[-145.68,-76.8],[-145.75,-76.75],[-146.78,-76.51],[-147.34,-76.44],[-148.6,-76.49],[-149.65,-76.37],[-148.89,-76.27],[-148.63,-76.17],[-148.32,-76.1],[-147.86,-76.13],[-146.82,-76.32],[-145.89,-76.42],[-145.44,-76.41],[-146.38,-76.1],[-146.32,-76.02],[-145.99,-75.89],[-145.11,-75.88],[-144.22,-75.73],[-143.57,-75.56],[-142.33,-75.49],[-141.51,-75.69],[-141.13,-75.75],[-140.87,-75.75],[-141.22,-75.55],[-140.47,-75.45],[-139.69,-75.21],[-137.62,-75.08],[-137.09,-75.15],[-136.65,-75.16],[-136.55,-75.14],[-136.23,-74.84],[-136.03,-74.77],[-135.36,-74.69],[-134.84,-74.69],[-134.12,-74.83],[-133.8,-74.85],[-132.05,-74.77],[-131.71,-74.81],[-130.86,-74.83],[-130.2,-74.89],[-129.79,-74.89],[-127.86,-74.72],[-127.02,-74.7],[-126.38,-74.74],[-125.35,-74.71],[-124.31,-74.74],[-123.89,-74.77],[-121.54,-74.75],[-119.68,-74.65],[-119.42,-74.62],[-118.66,-74.39],[-117.81,-74.4],[-117.07,-74.47],[-116.43,-74.45],[-115.22,-74.49],[-115.11,-74.46],[-114.79,-73.99],[-114.62,-73.9],[-114.35,-73.92],[-113.51,-74.09],[-113.49,-74.16],[-113.57,-74.21],[-113.71,-74.23],[-113.75,-74.37],[-113.64,-74.41],[-113.45,-74.39],[-113.33,-74.45],[-113.9,-74.64],[-113.98,-74.84],[-114.1,-74.91],[-114.11,-74.98],[-111.7,-74.79],[-111.58,-74.75],[-111.74,-74.65],[-111.79,-74.57],[-111.7,-74.5],[-111.72,-74.39],[-111.81,-74.27],[-111.63,-74.18],[-111.18,-74.19],[-110.53,-74.29],[-110.31,-74.37],[-110.23,-74.54],[-110.3,-74.71],[-110.53,-74.84],[-110.97,-74.95],[-111.46,-75.13],[-111.36,-75.22],[-111.1,-75.19],[-109.27,-75.19],[-108.25,-75.25],[-107.8,-75.32],[-107.27,-75.33],[-106.93,-75.31],[-106.62,-75.34],[-104.9,-75.12],[-104.62,-75.16],[-104.16,-75.12],[-103.9,-75.15],[-103.12,-75.1],[-101.71,-75.13],[-101.63,-75.22],[-101.3,-75.37],[-101.04,-75.42],[-100.46,-75.35],[-100.08,-75.37],[-99.53,-75.31],[-98.75,-75.32],[-98.65,-75.28],[-98.56,-75.19],[-99.21,-75.08],[-99.65,-74.95],[-99.85,-74.92],[-100.16,-74.94],[-100.47,-74.87],[-100.26,-74.82],[-100.01,-74.66],[-100.12,-74.52],[-100.24,-74.48],[-100.53,-74.49],[-100.88,-74.54],[-101.25,-74.49],[-101.59,-74.1],[-101.72,-74.02],[-102.77,-73.88],[-102.86,-73.78],[-102.8,-73.65],[-102.41,-73.62],[-102.04,-73.63],[-101.31,-73.7],[-100.99,-73.76],[-100.72,-73.76],[-99.78,-73.72],[-99.54,-73.65],[-98.9,-73.61],[-100.44,-73.35],[-101.19,-73.32],[-102.68,-73.32],[-102.91,-73.29],[-103.08,-73.18],[-103.31,-72.95],[-103.38,-72.82],[-103.11,-72.72],[-102.36,-72.76],[-102.27,-72.83],[-102.36,-72.91],[-102.48,-72.95],[-102.41,-72.99],[-101.68,-73.03],[-100.82,-72.98],[-100.26,-73.04],[-99.81,-73.0],[-98.21,-73.02],[-98.01,-73.03],[-97.65,-73.14],[-97.48,-73.13],[-96.39,-73.3],[-95.88,-73.29],[-95.24,-73.22],[-94.59,-73.25],[-94.25,-73.31],[-93.98,-73.29],[-93.71,-73.22],[-92.83,-73.16],[-92.24,-73.18],[-90.92,-73.32],[-90.43,-73.24],[-90.27,-73.12],[-90.3,-72.98],[-90.15,-72.94],[-90.04,-72.96],[-89.82,-72.86],[-89.34,-72.89],[-89.23,-72.83],[-89.13,-72.69],[-88.78,-72.68],[-88.53,-72.7],[-88.19,-72.79],[-88.19,-72.86],[-88.56,-73.12],[-88.42,-73.23],[-87.94,-73.24],[-87.4,-73.19],[-87.04,-73.35],[-86.79,-73.36],[-86.6,-73.35],[-85.8,-73.19],[-84.98,-73.5],[-84.21,-73.57],[-83.56,-73.71],[-82.82,-73.73],[-82.18,-73.86],[-81.31,-73.74],[-81.16,-73.63],[-81.24,-73.47],[-81.26,-73.31],[-81.18,-73.25],[-81.02,-73.24],[-80.34,-73.41],[-80.44,-73.22],[-80.61,-73.08],[-80.59,-72.98],[-80.44,-72.94],[-79.52,-73.09],[-78.96,-73.31],[-78.79,-73.51],[-78.41,-73.56],[-76.85,-73.46],[-76.76,-73.57],[-77.03,-73.72],[-77.13,-73.82],[-77.05,-73.84],[-76.75,-73.79],[-76.29,-73.81],[-75.6,-73.71],[-75.29,-73.64],[-74.86,-73.66],[-74.59,-73.72],[-74.35,-73.68],[-74.0,-73.7],[-72.93,-73.45],[-72.38,-73.44],[-71.99,-73.38],[-71.45,-73.35],[-71.02,-73.26],[-70.32,-73.27],[-68.82,-73.11],[-68.0,-72.94],[-67.67,-72.83],[-67.31,-72.61],[-66.83,-72.09],[-66.95,-71.9],[-67.46,-71.53],[-67.53,-71.28],[-67.5,-71.06],[-67.69,-70.69],[-67.89,-70.42],[-68.4,-70.02],[-68.4,-69.81],[-68.47,-69.64],[-68.64,-69.53],[-68.71,-69.43],[-68.14,-69.35],[-67.37,-69.41],[-67.3,-69.32],[-67.11,-69.25],[-66.97,-69.16],[-67.02,-69.03],[-67.39,-68.86],[-67.3,-68.77],[-67.13,-68.77],[-67.05,-68.67],[-67.12,-68.57],[-67.04,-68.45],[-66.89,-68.3],[-66.79,-68.24],[-67.15,-68.02],[-66.92,-67.69],[-66.68,-67.56],[-66.7,-67.53],[-67.12,-67.49],[-67.54,-67.53],[-67.59,-67.44],[-67.49,-67.11],[-67.3,-67.07],[-67.16,-66.95],[-67.03,-66.95],[-66.96,-66.98],[-66.93,-67.14],[-66.89,-67.18],[-66.9,-67.26],[-66.84,-67.28],[-66.76,-67.23],[-66.61,-67.21],[-66.5,-67.29],[-66.47,-67.24],[-66.53,-66.98],[-66.46,-66.88],[-66.53,-66.74],[-66.5,-66.69],[-66.31,-66.59],[-65.95,-66.65],[-65.77,-66.62],[-65.72,-66.57],[-65.68,-66.4],[-65.78,-66.34],[-65.77,-66.29],[-65.62,-66.14],[-65.17,-66.12],[-65.27,-65.99],[-65.0,-65.95],[-64.61,-66.02],[-64.51,-65.96],[-64.55,-65.9],[-64.65,-65.87],[-64.67,-65.81],[-64.65,-65.75],[-64.47,-65.78],[-64.39,-65.71],[-64.44,-65.64],[-64.21,-65.63],[-64.13,-65.57],[-63.82,-65.53],[-63.8,-65.48],[-64.05,-65.42],[-64.07,-65.28],[-64.04,-65.18],[-63.76,-65.03],[-63.48,-65.08],[-63.26,-65.07],[-63.18,-65.13],[-63.06,-65.14],[-63.03,-65.08],[-63.12,-64.94],[-62.77,-64.84],[-62.53,-64.83],[-62.58,-64.76],[-62.5,-64.66],[-62.4,-64.64],[-62.34,-64.73],[-62.24,-64.75],[-61.88,-64.63],[-61.63,-64.6],[-61.5,-64.55],[-61.47,-64.48],[-61.4,-64.43],[-61.08,-64.31],[-60.89,-64.15],[-60.92,-64.11],[-60.86,-64.07],[-60.28,-63.92],[-59.99,-63.91],[-59.51,-63.82],[-59.04,-63.67],[-58.87,-63.55],[-58.22,-63.45],[-57.87,-63.32],[-57.39,-63.23],[-57.08,-63.26],[-56.93,-63.51],[-56.78,-63.57],[-56.83,-63.63],[-57.12,-63.64],[-57.15,-63.57],[-57.1,-63.52],[-57.15,-63.48],[-57.28,-63.49],[-57.58,-63.55],[-57.86,-63.66],[-58.26,-63.76],[-58.53,-63.92],[-58.84,-64.19],[-59.01,-64.19],[-59.05,-64.23],[-58.8,-64.29],[-58.82,-64.34],[-58.91,-64.35],[-58.9,-64.39],[-58.81,-64.44],[-58.79,-64.52],[-58.89,-64.54],[-59.05,-64.45],[-59.23,-64.44],[-59.46,-64.35],[-59.55,-64.36],[-59.61,-64.44],[-59.57,-64.53],[-59.65,-64.58],[-59.73,-64.56],[-59.77,-64.45],[-59.96,-64.43],[-60.24,-64.55],[-60.34,-64.55],[-60.39,-64.61],[-60.66,-64.73],[-61.06,-64.98],[-61.33,-65.02],[-61.7,-64.99],[-61.74,-65.03],[-61.58,-65.19],[-61.66,-65.24],[-61.86,-65.24],[-61.95,-65.19],[-62.08,-65.27],[-62.15,-65.33],[-62.05,-65.46],[-61.8,-65.52],[-61.76,-65.57],[-61.99,-65.59],[-62.31,-65.84],[-62.29,-65.92],[-62.17,-66.03],[-62.01,-66.11],[-61.84,-66.12],[-61.36,-66.06],[-61.27,-65.98],[-61.04,-65.99],[-60.99,-65.94],[-60.91,-65.92],[-60.62,-65.93],[-60.57,-65.98],[-60.74,-66.11],[-60.86,-66.07],[-60.96,-66.07],[-61.01,-66.11],[-60.9,-66.19],[-61.03,-66.34],[-61.13,-66.29],[-61.15,-66.21],[-61.43,-66.14],[-61.53,-66.23],[-61.68,-66.25],[-61.76,-66.43],[-61.84,-66.4],[-61.88,-66.3],[-62.12,-66.21],[-62.68,-66.24],[-62.75,-66.31],[-62.65,-66.36],[-62.62,-66.44],[-62.66,-66.56],[-62.54,-66.62],[-62.54,-66.71],[-62.63,-66.71],[-63.18,-66.35],[-63.26,-66.26],[-63.59,-66.24],[-63.75,-66.28],[-63.65,-66.38],[-63.76,-66.41],[-64.08,-66.65],[-63.81,-66.76],[-63.75,-66.87],[-63.84,-66.91],[-64.04,-66.93],[-64.4,-66.85],[-64.55,-66.85],[-64.61,-66.8],[-64.69,-66.81],[-64.79,-66.97],[-64.88,-67.02],[-64.85,-67.1],[-64.79,-67.12],[-65.03,-67.21],[-64.86,-67.24],[-64.82,-67.31],[-65.25,-67.34],[-65.35,-67.31],[-65.44,-67.33],[-65.5,-67.38],[-65.52,-67.44],[-65.42,-67.66],[-65.57,-67.79],[-65.6,-67.88],[-65.47,-68.01],[-65.64,-68.13],[-65.22,-68.14],[-64.88,-68.06],[-64.83,-68.13],[-65.45,-68.34],[-65.09,-68.37],[-65.0,-68.41],[-65.24,-68.58],[-65.16,-68.62],[-64.43,-68.75],[-64.08,-68.77],[-64.16,-68.69],[-64.17,-68.58],[-63.92,-68.5],[-63.22,-68.42],[-62.93,-68.44],[-62.98,-68.49],[-63.11,-68.47],[-63.35,-68.5],[-63.71,-68.59],[-63.77,-68.63],[-63.75,-68.7],[-63.34,-68.81],[-63.48,-68.95],[-63.46,-69.04],[-62.99,-69.33],[-62.59,-69.48],[-62.45,-69.58],[-62.41,-69.83],[-62.2,-70.03],[-61.96,-70.12],[-61.93,-70.2],[-62.01,-70.28],[-62.22,-70.23],[-62.33,-70.28],[-62.38,-70.36],[-62.0,-70.5],[-61.5,-70.49],[-61.49,-70.57],[-61.7,-70.68],[-61.99,-70.73],[-62.04,-70.8],[-61.96,-70.9],[-61.7,-70.86],[-61.31,-70.87],[-61.25,-71.0],[-61.02,-71.17],[-60.96,-71.24],[-61.0,-71.32],[-61.15,-71.34],[-61.37,-71.45],[-61.52,-71.48],[-61.79,-71.62],[-61.96,-71.66],[-61.56,-71.68],[-61.21,-71.56],[-61.08,-71.59],[-61.0,-71.66],[-60.95,-71.75],[-61.04,-71.82],[-61.94,-71.9],[-62.26,-72.02],[-61.89,-72.07],[-61.63,-72.05],[-61.31,-72.11],[-60.95,-72.05],[-60.72,-72.07],[-60.66,-72.36],[-60.73,-72.43],[-61.05,-72.47],[-61.28,-72.47],[-61.29,-72.6],[-60.94,-72.7],[-60.72,-72.65],[-60.53,-72.67],[-60.53,-72.83],[-60.38,-73.01],[-60.25,-73.02],[-60.15,-72.94],[-60.01,-72.94],[-59.96,-73.03],[-60.02,-73.19],[-60.12,-73.28],[-60.56,-73.21],[-60.9,-73.32],[-61.08,-73.33],[-61.43,-73.19],[-62.01,-73.15],[-61.91,-73.22],[-61.79,-73.25],[-61.74,-73.38],[-61.64,-73.5],[-61.41,-73.47],[-61.08,-73.54],[-60.88,-73.61],[-60.79,-73.71],[-60.9,-73.87],[-61.2,-73.96],[-61.4,-73.9],[-61.69,-73.92],[-61.74,-74.0],[-61.84,-74.03],[-61.32,-74.04],[-61.16,-74.06],[-61.04,-74.12],[-61.23,-74.21],[-61.57,-74.19],[-61.84,-74.29],[-61.33,-74.33],[-60.78,-74.24],[-60.7,-74.31],[-61.01,-74.48],[-61.37,-74.51],[-61.64,-74.51],[-62.24,-74.44],[-62.23,-74.51],[-61.89,-74.71],[-61.86,-74.78],[-61.93,-74.86],[-62.14,-74.93],[-62.37,-74.95],[-62.57,-74.9],[-62.71,-74.74],[-63.07,-74.68],[-63.18,-74.68],[-63.13,-74.85],[-63.2,-74.91],[-63.36,-74.88],[-63.92,-75.0],[-63.34,-75.03],[-63.17,-75.11],[-63.23,-75.15],[-63.86,-75.21],[-64.28,-75.29],[-63.3,-75.35],[-63.26,-75.4],[-63.36,-75.45],[-64.78,-75.74],[-66.37,-76.01],[-67.52,-76.11],[-69.3,-76.35],[-69.92,-76.52],[-70.1,-76.65],[-70.21,-76.67],[-70.9,-76.74],[-71.8,-76.75],[-72.72,-76.69],[-73.88,-76.7],[-75.27,-76.58],[-75.66,-76.61],[-76.24,-76.59],[-77.19,-76.63],[-77.29,-76.7],[-77.17,-76.83],[-76.25,-77.27],[-75.75,-77.4],[-75.39,-77.47],[-74.58,-77.48],[-72.85,-77.59],[-72.88,-77.69],[-73.25,-77.89],[-73.49,-77.97],[-74.04,-78.11],[-74.81,-78.18],[-75.4,-78.16],[-77.74,-77.94],[-79.68,-77.84],[-80.6,-77.75],[-81.1,-77.84],[-81.58,-77.85],[-79.51,-78.15],[-77.86,-78.35],[-77.43,-78.43],[-77.45,-78.56],[-77.55,-78.66],[-77.87,-78.75],[-78.71,-78.75],[-79.77,-78.82],[-80.29,-78.82],[-81.93,-78.56],[-82.61,-78.41],[-83.78,-77.98],[-83.69,-78.15],[-83.25,-78.36],[-83.23,-78.4],[-83.35,-78.41],[-83.54,-78.36],[-83.71,-78.4],[-83.76,-78.46],[-83.6,-78.61],[-83.26,-78.77],[-81.66,-79.1],[-81.22,-79.3],[-81.16,-79.4],[-80.89,-79.5],[-80.53,-79.51],[-80.48,-79.43],[-80.49,-79.32],[-80.15,-79.27],[-79.46,-79.3],[-76.5,-79.33],[-76.22,-79.39],[-76.11,-79.47],[-76.03,-79.63],[-76.34,-79.82],[-76.56,-79.9],[-77.22,-79.99],[-77.7,-80.01],[-79.66,-80.0],[-78.18,-80.17],[-77.16,-80.15],[-76.41,-80.09],[-75.99,-80.3],[-75.71,-80.38],[-75.49,-80.62],[-75.24,-80.8],[-75.08,-80.86],[-74.81,-80.89],[-74.51,-80.84],[-73.94,-80.82],[-73.03,-80.92],[-72.55,-80.85],[-72.17,-80.76],[-71.02,-80.62],[-70.69,-80.63],[-70.56,-80.65],[-70.24,-80.86],[-69.77,-80.96],[-69.18,-81.0],[-68.59,-80.97],[-68.33,-81.0],[-68.28,-81.07],[-68.14,-81.13],[-65.57,-81.46],[-64.75,-81.52],[-62.35,-81.58],[-62.17,-81.64],[-62.54,-81.68],[-64.7,-81.65],[-65.62,-81.73],[-65.49,-81.78],[-65.26,-81.79],[-64.19,-81.79],[-64.14,-81.87],[-65.92,-81.9],[-66.13,-81.95],[-65.84,-81.99],[-65.79,-82.05],[-65.91,-82.18],[-65.71,-82.28],[-65.42,-82.28],[-64.92,-82.37],[-64.4,-82.37],[-63.77,-82.3],[-62.65,-82.26],[-61.9,-82.27],[-60.86,-82.19],[-60.53,-82.2],[-60.82,-82.28],[-62.09,-82.47],[-62.74,-82.53],[-62.47,-82.72],[-62.13,-82.82],[-61.92,-82.98],[-61.71,-83.01],[-61.31,-82.94],[-61.22,-82.99],[-61.2,-83.1],[-61.3,-83.18],[-61.53,-83.28],[-61.59,-83.34],[-61.43,-83.4],[-59.52,-83.46],[-57.56,-82.89],[-56.32,-82.63],[-55.8,-82.48],[-55.29,-82.46],[-53.99,-82.2],[-53.34,-82.14],[-52.41,-82.13],[-50.65,-81.98],[-48.36,-81.89],[-47.36,-82.0],[-46.26,-81.95],[-46.12,-82.04],[-46.05,-82.16],[-46.2,-82.27],[-46.45,-82.34],[-46.52,-82.45],[-46.18,-82.51],[-45.04,-82.44],[-44.45,-82.37],[-44.29,-82.32],[-44.06,-82.33],[-43.67,-82.27],[-43.18,-82.02],[-42.56,-81.76],[-42.05,-81.6],[-41.71,-81.41],[-41.13,-81.21],[-40.91,-81.17],[-40.44,-81.17],[-38.77,-80.88],[-37.21,-81.06],[-36.81,-80.97],[-35.97,-80.89],[-35.52,-80.75],[-35.33,-80.65],[-33.19,-80.52],[-32.71,-80.51],[-32.26,-80.46],[-31.31,-80.45],[-31.02,-80.31],[-30.43,-80.28],[-29.53,-80.18],[-24.24,-80.06],[-24.02,-80.01],[-23.57,-79.96],[-23.41,-79.86],[-24.09,-79.81],[-24.3,-79.77],[-25.26,-79.76],[-29.95,-79.6],[-30.05,-79.59],[-30.21,-79.49],[-30.18,-79.3],[-30.32,-79.16],[-30.65,-79.12],[-32.99,-79.23],[-34.2,-79.11],[-34.99,-78.98],[-35.52,-78.93],[-36.24,-78.77],[-36.27,-78.62],[-36.18,-78.47],[-35.51,-78.04],[-35.09,-77.84],[-34.81,-77.82],[-34.55,-77.73],[-34.29,-77.52],[-34.08,-77.43],[-32.61,-77.14],[-32.06,-77.16],[-31.68,-77.03],[-30.49,-76.76],[-30.22,-76.66],[-28.93,-76.37],[-27.13,-76.16],[-26.06,-75.96],[-24.27,-75.77],[-22.47,-75.66],[-21.95,-75.69],[-21.43,-75.68],[-20.78,-75.59],[-20.49,-75.49],[-19.49,-75.54],[-18.3,-75.43],[-18.52,-75.39],[-18.75,-75.24],[-18.52,-75.05],[-18.22,-74.97],[-18.07,-74.86],[-17.92,-74.7],[-17.44,-74.38],[-17.3,-74.33],[-16.43,-74.32],[-15.67,-74.41],[-15.29,-74.28],[-14.57,-73.94],[-14.61,-73.85],[-15.75,-73.95],[-16.22,-73.92],[-16.28,-73.87],[-16.0,-73.82],[-15.94,-73.76],[-16.52,-73.64],[-16.51,-73.56],[-16.44,-73.43],[-16.15,-73.33],[-15.8,-73.15],[-15.6,-73.1],[-15.01,-73.05],[-14.32,-73.12],[-14.16,-73.1],[-14.0,-73.0],[-14.17,-72.84],[-14.3,-72.78],[-14.3,-72.73],[-13.6,-72.79],[-13.21,-72.79],[-12.75,-72.63],[-11.5,-72.41],[-10.96,-71.9],[-10.96,-71.82],[-11.01,-71.76],[-11.33,-71.79],[-12.15,-71.61],[-12.28,-71.5],[-12.35,-71.39],[-12.07,-71.3],[-11.93,-71.29],[-11.66,-71.33],[-10.97,-71.56],[-10.83,-71.55],[-10.66,-71.44],[-10.52,-71.3],[-10.03,-71.13],[-10.12,-71.06],[-10.33,-71.02],[-10.36,-70.98],[-10.27,-70.94],[-10.1,-70.93],[-9.89,-71.03],[-9.23,-71.17],[-8.97,-71.36],[-8.65,-71.67],[-7.92,-71.64],[-7.71,-71.55],[-7.67,-71.32],[-7.59,-71.22],[-7.62,-71.12],[-7.87,-70.94],[-7.85,-70.88],[-7.75,-70.84],[-7.39,-70.79],[-6.84,-70.84],[-5.94,-70.71],[-5.69,-70.75],[-5.59,-70.86],[-5.71,-70.97],[-6.08,-71.15],[-6.13,-71.27],[-6.12,-71.33],[-4.45,-71.33],[-3.71,-71.37],[-2.61,-71.32],[-2.26,-71.36],[-2.01,-71.43],[-1.35,-71.39],[-1.22,-71.28],[-1.07,-71.27],[-0.9,-71.35],[-0.84,-71.54],[-0.76,-71.63],[-0.54,-71.71],[-0.33,-71.64],[0.15,-71.4],[0.54,-71.27],[1.91,-71.0],[2.61,-70.9],[3.51,-70.84],[5.11,-70.66],[6.51,-70.59],[7.4,-70.49],[7.68,-70.36],[8.52,-70.47],[8.82,-70.39],[9.14,-70.18],[9.61,-70.27],[9.89,-70.4],[10.22,-70.51],[10.97,-70.69],[11.7,-70.77],[11.83,-70.74],[12.07,-70.62],[12.46,-70.37],[12.93,-70.21],[12.86,-70.16],[12.6,-70.12],[12.63,-70.07],[13.07,-70.05],[13.3,-70.23],[13.82,-70.34],[14.49,-70.3],[15.81,-70.32],[16.03,-70.19],[16.38,-70.15],[16.58,-70.2],[16.71,-70.4],[18.12,-70.54],[18.23,-70.52],[18.35,-70.42],[18.43,-70.29],[18.88,-70.2],[19.01,-70.21],[19.2,-70.29],[19.13,-70.49],[19.03,-70.67],[19.27,-70.9],[19.41,-70.92],[20.13,-70.92],[21.07,-70.84],[21.34,-70.5],[21.7,-70.26],[21.96,-70.3],[22.37,-70.48],[22.4,-70.56],[22.23,-70.64],[22.28,-70.7],[22.98,-70.81],[23.15,-70.8],[23.41,-70.72],[23.66,-70.58],[23.8,-70.4],[24.02,-70.41],[24.24,-70.45],[24.39,-70.54],[24.39,-70.7],[24.76,-70.89],[25.19,-70.97],[25.97,-71.04],[26.5,-71.02],[27.21,-70.91],[27.7,-70.77],[28.91,-70.58],[29.46,-70.41],[30.0,-70.3],[31.38,-70.23],[32.62,-70.0],[32.81,-69.91],[32.99,-69.62],[32.98,-69.52],[32.9,-69.38],[32.57,-69.07],[32.64,-68.87],[32.78,-68.78],[33.12,-68.69],[33.47,-68.67],[34.19,-68.7],[34.22,-68.79],[33.77,-69.02],[33.81,-69.1],[34.6,-69.09],[34.75,-69.17],[35.13,-69.49],[35.22,-69.64],[35.36,-69.68],[36.59,-69.64],[36.72,-69.65],[37.11,-69.81],[37.56,-69.72],[37.79,-69.73],[38.14,-69.82],[38.5,-70.06],[38.89,-70.17],[38.91,-70.1],[38.86,-70.01],[39.49,-69.61],[39.71,-69.43],[39.76,-69.17],[39.86,-68.97],[40.22,-68.8],[40.48,-68.74],[40.82,-68.72],[41.13,-68.58],[41.36,-68.51],[42.41,-68.35],[42.82,-68.12],[42.96,-68.1],[44.37,-67.96],[44.7,-67.9],[44.99,-67.77],[45.2,-67.73],[45.57,-67.74],[45.89,-67.66],[46.4,-67.62],[46.44,-67.53],[46.32,-67.48],[46.32,-67.4],[46.56,-67.27],[46.88,-67.27],[47.15,-67.36],[47.35,-67.36],[47.4,-67.41],[47.23,-67.47],[47.12,-67.57],[47.49,-67.73],[47.96,-67.66],[48.21,-67.7],[48.32,-67.79],[48.32,-67.92],[48.37,-67.99],[48.55,-67.93],[48.65,-67.79],[48.63,-67.52],[49.05,-67.35],[49.22,-67.23],[48.92,-67.2],[48.71,-67.22],[48.6,-67.17],[48.47,-67.04],[48.83,-66.94],[49.25,-66.94],[50.01,-67.18],[50.55,-67.19],[50.61,-67.15],[50.51,-66.94],[50.52,-66.82],[50.31,-66.75],[50.24,-66.6],[50.33,-66.44],[50.59,-66.36],[50.94,-66.32],[51.88,-66.02],[52.96,-65.95],[53.67,-65.86],[55.29,-65.95],[55.71,-66.08],[56.36,-66.37],[56.86,-66.42],[57.0,-66.47],[57.19,-66.61],[56.99,-66.7],[56.82,-66.71],[56.29,-66.6],[56.15,-66.63],[56.45,-66.78],[56.48,-66.86],[56.39,-66.97],[55.8,-67.2],[56.15,-67.26],[56.76,-67.07],[57.36,-67.05],[57.63,-67.01],[58.74,-67.23],[59.25,-67.48],[59.65,-67.46],[59.87,-67.4],[60.48,-67.39],[61.31,-67.54],[62.17,-67.58],[62.69,-67.65],[63.24,-67.53],[63.7,-67.51],[64.57,-67.62],[65.71,-67.72],[66.49,-67.77],[67.17,-67.77],[68.33,-67.89],[68.9,-67.86],[69.17,-67.82],[69.42,-67.74],[69.56,-67.76],[69.66,-67.86],[69.6,-68.04],[69.79,-68.28],[69.98,-68.46],[69.93,-68.54],[69.53,-68.74],[69.55,-68.86],[69.65,-68.93],[69.53,-69.02],[69.61,-69.15],[69.63,-69.23],[69.55,-69.29],[69.37,-69.33],[69.06,-69.34],[68.91,-69.37],[68.88,-69.47],[68.96,-69.54],[69.14,-69.58],[69.19,-69.65],[69.16,-69.77],[69.08,-69.87],[68.74,-69.92],[68.42,-69.9],[68.18,-69.84],[67.58,-70.09],[67.27,-70.27],[67.66,-70.33],[67.94,-70.42],[68.56,-70.41],[69.02,-70.33],[69.16,-70.33],[69.25,-70.43],[69.19,-70.7],[68.87,-71.04],[68.62,-71.18],[68.04,-71.39],[67.43,-72.0],[67.11,-72.64],[66.89,-72.95],[66.5,-73.13],[66.57,-73.21],[67.0,-73.24],[67.32,-73.3],[67.97,-73.09],[68.02,-72.92],[67.97,-72.75],[68.11,-72.65],[68.42,-72.52],[69.55,-72.37],[69.96,-72.13],[70.29,-72.06],[70.57,-71.93],[70.62,-71.84],[71.08,-71.74],[71.28,-71.62],[71.35,-71.51],[71.38,-71.31],[71.46,-71.15],[71.77,-70.8],[71.9,-70.71],[72.26,-70.66],[72.42,-70.6],[72.76,-70.4],[72.74,-70.24],[72.82,-70.1],[73.32,-69.85],[73.68,-69.83],[73.94,-69.74],[74.57,-69.88],[75.15,-69.86],[75.42,-69.89],[75.64,-69.85],[75.82,-69.73],[75.89,-69.58],[76.11,-69.49],[76.36,-69.49],[77.19,-69.21],[77.54,-69.17],[77.82,-69.07],[78.02,-68.89],[78.49,-68.63],[78.56,-68.39],[78.73,-68.28],[79.04,-68.18],[82.02,-67.69],[82.27,-67.69],[82.61,-67.61],[83.3,-67.6],[83.49,-67.44],[83.9,-67.29],[84.16,-67.24],[84.49,-67.11],[84.75,-67.1],[85.71,-67.16],[86.12,-67.05],[86.75,-67.04],[87.08,-66.94],[87.98,-66.79],[88.31,-66.82],[88.79,-66.79],[89.7,-66.82],[90.55,-66.73],[91.02,-66.6],[92.07,-66.51],[92.59,-66.61],[92.73,-66.62],[93.07,-66.57],[94.09,-66.69],[94.31,-66.65],[94.59,-66.54],[94.84,-66.5],[95.54,-66.63],[96.42,-66.6],[97.1,-66.5],[97.39,-66.58],[97.72,-66.61],[98.26,-66.47],[98.72,-66.55],[98.86,-66.67],[99.37,-66.65],[100.89,-66.36],[101.33,-66.1],[101.32,-66.02],[101.38,-65.97],[102.17,-65.95],[102.67,-65.87],[103.64,-66.0],[103.95,-65.99],[104.67,-66.14],[105.0,-66.16],[106.39,-66.41],[107.17,-66.47],[107.67,-66.58],[107.79,-66.66],[107.99,-66.67],[108.16,-66.64],[108.38,-66.77],[108.91,-66.86],[109.46,-66.91],[109.82,-66.83],[110.44,-66.62],[110.62,-66.52],[110.59,-66.31],[110.91,-66.08],[111.45,-65.96],[113.1,-65.8],[113.71,-65.93],[113.95,-66.06],[114.34,-66.36],[114.62,-66.47],[115.08,-66.49],[115.31,-66.56],[115.64,-66.77],[115.44,-66.96],[115.27,-67.03],[114.57,-67.11],[113.99,-67.21],[113.91,-67.37],[114.03,-67.44],[114.93,-67.36],[115.38,-67.24],[115.89,-67.2],[116.51,-67.11],[116.71,-67.05],[116.92,-67.06],[117.13,-67.11],[117.74,-67.13],[118.14,-67.08],[118.71,-67.17],[119.77,-66.99],[120.19,-66.97],[120.37,-66.98],[119.28,-67.2],[118.92,-67.32],[119.13,-67.37],[121.49,-67.09],[122.18,-66.86],[123.22,-66.75],[123.97,-66.61],[124.2,-66.6],[124.6,-66.71],[124.82,-66.69],[125.1,-66.64],[125.4,-66.42],[125.87,-66.36],[126.66,-66.5],[126.87,-66.76],[127.54,-67.05],[127.97,-67.03],[128.43,-67.12],[128.82,-67.08],[128.98,-67.1],[129.24,-67.04],[129.74,-66.47],[130.12,-66.29],[130.58,-66.21],[130.95,-66.19],[131.83,-66.24],[132.32,-66.17],[132.87,-66.18],[133.15,-66.09],[133.44,-66.08],[133.84,-66.15],[134.18,-66.28],[134.29,-66.48],[134.4,-66.48],[134.77,-66.35],[134.97,-66.33],[135.35,-66.13],[136.19,-66.29],[136.55,-66.44],[136.74,-66.41],[136.89,-66.34],[137.34,-66.35],[137.75,-66.41],[138.27,-66.56],[138.38,-66.54],[139.24,-66.57],[139.9,-66.72],[140.9,-66.75],[141.29,-66.83],[141.52,-66.79],[141.97,-66.81],[142.33,-66.95],[142.69,-67.01],[142.89,-67.0],[143.45,-66.88],[143.73,-66.88],[143.86,-66.94],[143.91,-67.09],[144.12,-67.09],[144.35,-67.02],[144.55,-67.04],[144.62,-67.14],[144.52,-67.28],[144.26,-67.48],[144.15,-67.64],[143.94,-67.79],[143.98,-67.86],[144.19,-67.9],[144.4,-67.79],[144.88,-67.72],[145.13,-67.63],[145.56,-67.59],[145.98,-67.62],[146.83,-67.96],[146.9,-68.12],[146.88,-68.19],[146.8,-68.27],[147.09,-68.37],[147.57,-68.38],[148.46,-68.47],[148.88,-68.43],[150.34,-68.44],[150.94,-68.36],[151.07,-68.38],[151.14,-68.76],[151.29,-68.82],[151.56,-68.69],[152.55,-68.73],[152.81,-68.77],[153.08,-68.86],[153.34,-68.82],[153.71,-68.73],[153.77,-68.64],[153.78,-68.35],[153.91,-68.32],[154.2,-68.42],[154.99,-68.84],[155.52,-69.02],[156.01,-69.08],[156.49,-69.18],[157.05,-69.18],[157.48,-69.31],[157.93,-69.18],[158.16,-69.21],[158.43,-69.3],[159.78,-69.52],[160.13,-69.73],[160.13,-69.84],[160.21,-69.97],[160.65,-70.08],[161.04,-70.32],[161.42,-70.83],[161.63,-70.92],[161.92,-70.91],[162.19,-71.04],[162.28,-71.02],[162.29,-70.97],[162.04,-70.62],[162.02,-70.44],[162.22,-70.33],[162.67,-70.3],[163.03,-70.5],[163.35,-70.62],[164.0,-70.64],[164.4,-70.51],[165.85,-70.65],[166.63,-70.66],[167.57,-70.81],[167.8,-70.92],[167.97,-71.09],[168.17,-71.18],[168.8,-71.27],[170.16,-71.63],[170.25,-71.57],[170.28,-71.44],[170.44,-71.42],[170.78,-71.75],[170.86,-71.87],[170.68,-71.97],[170.22,-71.95],[170.03,-72.12],[169.95,-72.4],[170.26,-72.37],[170.29,-72.48],[170.21,-72.57],[170.05,-72.6],[169.44,-72.49],[169.07,-72.47],[168.72,-72.38],[168.43,-72.38],[168.82,-72.55],[169.83,-72.73],[169.84,-72.79],[169.71,-72.88],[169.55,-73.05],[169.03,-73.2],[168.74,-73.09],[168.38,-73.07],[168.2,-73.13],[167.16,-73.15],[166.88,-73.01],[166.45,-72.94],[166.47,-73.0],[166.83,-73.22],[167.62,-73.34],[167.71,-73.39],[167.53,-73.45],[167.3,-73.44],[167.0,-73.54],[166.16,-73.53],[165.86,-73.59],[165.97,-73.63],[166.11,-73.74],[165.73,-73.87],[165.55,-73.85],[165.35,-73.88],[165.25,-73.78],[165.24,-73.57],[165.13,-73.38],[164.81,-73.4],[164.75,-73.56],[164.89,-73.84],[164.98,-73.93],[164.91,-74.0],[164.78,-74.03],[165.04,-74.26],[165.26,-74.43],[165.4,-74.48],[165.41,-74.56],[165.3,-74.59],[164.17,-74.52],[163.94,-74.57],[163.74,-74.56],[163.56,-74.42],[163.4,-74.38],[163.27,-74.43],[163.17,-74.6],[162.75,-74.74],[162.6,-74.82],[162.53,-75.17],[162.41,-75.24],[162.09,-75.26],[161.68,-75.22],[160.91,-75.33],[161.03,-75.4],[161.9,-75.4],[162.19,-75.47],[162.24,-75.62],[162.35,-75.69],[162.75,-75.79],[162.82,-75.85],[162.65,-76.05],[162.44,-76.15],[162.5,-76.21],[162.73,-76.23],[162.82,-76.46],[162.67,-76.57],[162.75,-76.66],[162.76,-76.75],[162.49,-76.87],[162.45,-76.96],[162.68,-77.01],[163.09,-77.03],[163.61,-77.39],[163.62,-77.58],[163.77,-77.7],[164.05,-77.77],[164.04,-77.85],[164.42,-77.88],[164.49,-77.95],[164.43,-78.04],[164.11,-78.15],[163.98,-78.22],[164.3,-78.24],[164.63,-78.32],[165.05,-78.23],[165.42,-78.04],[165.52,-78.06],[165.53,-78.15],[165.66,-78.31],[166.21,-78.45],[166.8,-78.52],[167.06,-78.52],[167.13,-78.61],[167.05,-78.69],[166.52,-78.69],[166.12,-78.57],[164.63,-78.6],[164.3,-78.63],[163.9,-78.72],[162.64,-78.9],[161.97,-78.69],[161.76,-78.54],[161.67,-78.54],[161.51,-78.57],[161.5,-78.68],[161.81,-78.91],[161.95,-78.97],[161.95,-79.03],[161.74,-79.06],[161.19,-78.98],[160.87,-79.05],[160.48,-79.2],[160.57,-79.3],[160.67,-79.36],[160.65,-79.43],[160.21,-79.55],[159.98,-79.59],[160.08,-79.63],[160.32,-79.64],[160.35,-79.69],[160.26,-79.74],[159.87,-79.79],[159.9,-79.86],[160.11,-79.89],[160.39,-79.88],[160.56,-79.93],[160.56,-80.01],[158.77,-80.29],[158.56,-80.35],[158.57,-80.42],[160.54,-80.42],[160.64,-80.45],[160.52,-80.58],[160.6,-80.64],[160.82,-80.67],[160.83,-80.73],[160.26,-80.79],[160.28,-80.85],[160.72,-80.91],[160.72,-81.2],[160.48,-81.27],[160.47,-81.34],[160.91,-81.39],[161.58,-81.61],[162.0,-81.65],[162.58,-81.83],[162.82,-81.87],[162.85,-81.92],[163.6,-82.12],[163.68,-82.19],[161.17,-82.41],[161.28,-82.49],[162.64,-82.48],[163.01,-82.53],[163.17,-82.52],[163.27,-82.46],[164.75,-82.35],[166.45,-82.72],[167.12,-82.8],[167.27,-82.88],[167.23,-82.95],[167.3,-82.99],[167.6,-83.05],[168.09,-82.97],[168.61,-83.07],[168.24,-83.23],[167.67,-83.23],[167.66,-83.27],[168.11,-83.36],[169.84,-83.4],[170.33,-83.48],[170.82,-83.44],[171.04,-83.45],[171.22,-83.47],[171.29,-83.56],[171.92,-83.64],[172.87,-83.67],[173.4,-83.76],[173.66,-83.76],[173.82,-83.81],[175.01,-83.84],[175.32,-83.94],[175.61,-83.97],[179.4,-84.21],[180,-84.35]],[[180,71.54],[179.55,71.45],[178.89,71.23],[178.63,71.05],[178.79,70.82],[179.15,70.88],[179.65,70.9],[180,70.99]],[[54.71,40.89],[54.55,40.83],[54.37,40.87],[54.32,40.83],[54.38,40.69],[54.19,40.72],[53.87,40.65],[53.76,40.67],[53.62,40.82],[53.52,40.83],[53.33,40.78],[53.15,40.82],[52.94,41.04],[52.85,40.69],[52.73,40.4],[52.74,40.22],[52.8,40.05],[53.04,39.77],[52.95,39.9],[52.99,39.99],[53.4,39.96],[53.49,39.91],[53.45,39.75],[53.47,39.67],[53.58,39.61],[53.6,39.55],[53.39,39.54],[53.24,39.61],[53.12,39.43],[53.16,39.26],[53.2,39.32],[53.34,39.34],[53.48,39.31],[53.62,39.22],[53.7,39.21],[53.72,39.1],[53.87,38.95],[53.89,38.86],[53.84,38.51],[53.85,38.29],[53.82,37.93],[53.9,37.41],[54.02,36.95],[54.02,36.85],[53.97,36.82],[53.77,36.82],[53.68,36.85],[53.92,36.93],[53.77,36.93],[52.19,36.62],[51.76,36.61],[51.12,36.74],[50.93,36.81],[50.53,37.01],[50.34,37.15],[50.21,37.34],[50.13,37.41],[49.47,37.5],[49.17,37.6],[49.08,37.67],[49.02,37.78],[48.93,38.02],[48.87,38.39],[48.85,38.84],[49.01,39.13],[49.11,39.08],[49.12,39.0],[49.17,39.03],[49.27,39.29],[49.36,39.35],[49.32,39.61],[49.48,40.09],[49.55,40.19],[49.92,40.32],[50.14,40.32],[50.37,40.28],[50.31,40.41],[50.18,40.5],[49.99,40.58],[49.78,40.58],[49.46,40.8],[49.23,41.03],[49.11,41.3],[48.82,41.63],[48.66,41.79],[48.38,41.95],[48.08,42.35],[47.73,42.68],[47.71,42.81],[47.46,43.04],[47.51,43.22],[47.49,43.38],[47.51,43.51],[47.65,43.88],[47.56,43.83],[47.46,43.56],[47.43,43.78],[47.31,44.1],[47.02,44.34],[46.72,44.45],[46.72,44.56],[46.76,44.66],[46.96,44.78],[47.0,44.88],[47.08,44.82],[47.11,44.91],[47.35,45.22],[47.41,45.42],[47.51,45.49],[47.52,45.6],[47.46,45.68],[47.63,45.58],[47.65,45.66],[47.7,45.69],[47.83,45.66],[48.16,45.74],[48.49,45.93],[48.73,45.9],[48.75,45.92],[48.7,45.98],[48.68,46.09],[49.08,46.19],[49.13,46.28],[49.25,46.29],[49.21,46.39],[49.29,46.44],[49.36,46.41],[49.35,46.52],[49.89,46.6],[50.31,46.79],[50.42,46.88],[50.58,46.88],[50.92,47.04],[51.18,47.11],[51.62,47.03],[51.74,46.93],[52.01,46.9],[52.14,46.83],[52.34,46.89],[52.48,46.99],[52.92,46.95],[53.07,46.86],[53.17,46.67],[53.08,46.55],[53.06,46.48],[53.11,46.41],[53.14,46.19],[53.04,45.97],[52.89,45.78],[52.77,45.57],[52.84,45.5],[53.09,45.41],[53.2,45.33],[52.91,45.32],[52.43,45.4],[51.73,45.4],[51.54,45.34],[51.42,45.36],[51.29,45.23],[51.25,45.12],[51.04,44.98],[51.01,44.92],[51.06,44.81],[51.31,44.62],[51.43,44.6],[51.54,44.53],[51.38,44.54],[51.18,44.5],[51.05,44.53],[50.86,44.63],[50.41,44.62],[50.3,44.58],[50.25,44.41],[50.33,44.33],[50.68,44.27],[50.83,44.19],[51.06,43.75],[51.3,43.48],[51.3,43.17],[51.62,43.16],[51.7,43.1],[51.9,42.87],[52.18,42.87],[52.27,42.8],[52.49,42.82],[52.6,42.76],[52.64,42.56],[52.62,42.43],[52.46,42.1],[52.47,41.89],[52.61,41.53],[52.85,41.2],[52.83,41.34],[52.88,41.65],[52.81,41.71],[52.97,41.98],[53.16,42.09],[53.75,42.13],[53.85,42.09],[54.09,41.52],[54.18,41.43],[54.67,41.12],[54.72,41.01],[54.71,40.89]],[[180,68.98],[179.27,69.26],[178.95,69.3],[178.91,69.36],[178.85,69.39],[177.93,69.5],[177.39,69.61],[176.92,69.65],[175.92,69.9],[174.79,69.86],[173.95,69.87],[173.44,69.95],[173.35,69.92],[173.28,69.82],[172.56,69.97],[170.49,70.11],[170.53,69.94],[170.5,69.86],[170.36,69.75],[170.2,69.68],[170.16,69.63],[170.58,69.58],[170.71,69.39],[170.88,69.26],[171.0,69.13],[171.0,69.05],[170.54,68.83],[169.61,68.79],[169.41,68.92],[169.31,69.08],[168.3,69.27],[168.15,69.58],[167.86,69.73],[167.63,69.74],[166.82,69.5],[165.98,69.55],[165.76,69.58],[164.51,69.61],[164.16,69.72],[163.95,69.74],[163.5,69.69],[163.2,69.71],[162.17,69.61],[161.54,69.38],[161.48,69.3],[161.48,69.2],[161.57,69.06],[161.57,68.91],[161.5,68.85],[161.37,68.82],[161.23,68.65],[161.1,68.56],[160.86,68.54],[161.13,68.65],[161.34,68.91],[161.31,68.98],[161.04,69.1],[160.91,69.61],[160.74,69.66],[159.83,69.78],[159.73,69.87],[159.84,69.99],[159.83,70.08],[159.98,70.22],[160.01,70.31],[159.91,70.51],[159.73,70.65],[159.35,70.79],[158.7,70.94],[158.04,71.04],[157.45,71.07],[155.9,71.1],[155.6,71.04],[155.03,71.03],[154.41,70.97],[153.79,70.88],[152.51,70.83],[151.76,70.98],[152.09,71.02],[151.58,71.29],[151.15,71.37],[150.97,71.38],[150.1,71.23],[150.67,71.46],[150.6,71.52],[150.06,71.51],[149.86,71.6],[149.5,71.66],[148.97,71.69],[148.92,71.71],[149.05,71.8],[149.88,71.84],[150.02,71.9],[149.96,71.99],[149.77,72.09],[149.5,72.16],[148.4,72.31],[147.26,72.33],[146.89,72.2],[146.37,71.92],[146.07,71.81],[145.8,71.75],[145.19,71.7],[145.08,71.71],[144.99,71.75],[145.07,71.83],[145.06,71.93],[145.41,71.89],[145.76,71.94],[145.76,72.02],[145.66,72.07],[145.71,72.21],[145.76,72.23],[146.05,72.14],[146.23,72.14],[146.01,71.95],[146.11,71.94],[146.6,72.12],[146.81,72.24],[146.83,72.3],[145.04,72.26],[144.47,72.17],[144.29,72.19],[144.17,72.26],[144.59,72.31],[144.78,72.38],[145.21,72.39],[146.23,72.35],[146.25,72.44],[145.2,72.57],[143.52,72.7],[142.06,72.72],[141.52,72.79],[141.31,72.86],[140.81,72.89],[140.71,72.89],[140.65,72.84],[140.97,72.72],[140.98,72.63],[141.08,72.59],[140.45,72.49],[139.6,72.5],[139.14,72.33],[139.18,72.16],[139.43,72.16],[139.62,72.23],[140.19,72.19],[139.85,72.15],[139.64,72.0],[139.36,71.95],[139.72,71.88],[139.7,71.7],[139.94,71.56],[139.98,71.49],[139.21,71.44],[139.0,71.56],[138.78,71.63],[138.67,71.63],[138.53,71.56],[138.23,71.6],[138.05,71.53],[137.93,71.43],[137.92,71.38],[138.31,71.33],[138.09,71.31],[138.01,71.26],[137.84,71.23],[137.97,71.17],[137.99,71.14],[137.94,71.13],[137.65,71.21],[137.12,71.42],[136.09,71.62],[135.56,71.61],[135.36,71.54],[135.02,71.52],[134.81,71.46],[134.7,71.39],[134.1,71.38],[133.69,71.43],[133.43,71.49],[133.13,71.61],[132.8,71.77],[132.65,71.93],[132.56,71.9],[132.23,71.64],[132.0,71.35],[131.99,71.29],[132.04,71.24],[131.91,71.2],[131.56,70.9],[131.27,70.77],[131.02,70.75],[130.9,70.8],[130.83,70.94],[130.76,70.96],[130.67,70.89],[130.54,70.89],[130.28,70.95],[130.03,71.07],[129.76,71.12],[129.13,71.59],[128.92,71.6],[128.84,71.66],[128.95,71.71],[129.23,71.74],[129.46,71.74],[129.21,71.92],[129.12,71.95],[129.15,71.88],[129.12,71.82],[128.91,71.76],[128.36,72.09],[127.84,72.31],[127.73,72.41],[127.8,72.43],[128.48,72.25],[128.93,72.08],[129.28,72.09],[129.41,72.17],[129.41,72.32],[129.28,72.44],[129.12,72.49],[128.55,72.5],[128.42,72.54],[128.82,72.59],[129.25,72.71],[129.23,72.78],[129.02,72.87],[128.6,72.9],[129.05,73.05],[129.1,73.11],[128.91,73.11],[128.87,73.14],[128.89,73.19],[128.59,73.26],[128.26,73.27],[128.28,73.33],[128.03,73.39],[127.96,73.45],[127.74,73.48],[127.03,73.55],[126.96,73.53],[126.84,73.43],[126.55,73.33],[126.29,73.39],[126.26,73.42],[126.34,73.51],[126.25,73.55],[125.6,73.45],[125.62,73.52],[124.54,73.75],[124.02,73.71],[123.8,73.63],[123.49,73.67],[123.42,73.64],[123.31,73.53],[123.32,73.43],[123.38,73.35],[123.62,73.19],[123.46,73.14],[123.3,73.0],[123.16,72.95],[122.53,73.02],[122.5,72.97],[122.75,72.91],[122.54,72.88],[122.03,72.9],[121.89,72.96],[121.75,72.97],[121.0,72.94],[120.6,72.98],[119.75,72.98],[119.43,73.06],[118.96,73.12],[118.43,73.25],[118.38,73.37],[118.46,73.46],[118.94,73.48],[118.87,73.54],[118.45,73.59],[117.31,73.6],[116.5,73.68],[115.34,73.7],[114.82,73.61],[114.06,73.58],[113.86,73.53],[113.51,73.5],[113.54,73.43],[113.89,73.35],[113.56,73.23],[113.58,73.14],[113.54,73.05],[113.42,72.93],[113.22,72.81],[113.3,72.74],[113.71,72.65],[113.66,72.63],[113.31,72.66],[113.19,72.73],[113.13,72.83],[113.37,72.94],[113.47,73.05],[113.49,73.35],[113.28,73.39],[113.16,73.46],[113.36,73.58],[113.42,73.65],[113.18,73.84],[113.03,73.91],[112.84,73.96],[112.94,73.84],[112.8,73.75],[112.15,73.71],[111.4,73.83],[111.23,73.97],[111.55,74.03],[111.13,74.05],[111.06,73.94],[110.26,74.02],[109.87,73.93],[109.67,73.8],[109.71,73.74],[110.09,73.71],[110.72,73.78],[110.87,73.73],[110.77,73.69],[110.43,73.63],[109.86,73.47],[109.64,73.45],[109.33,73.49],[109.09,73.38],[108.35,73.31],[108.29,73.27],[107.75,73.17],[107.11,73.18],[106.48,73.14],[106.32,73.11],[106.07,72.95],[105.71,72.84],[105.14,72.78],[105.68,72.96],[106.19,73.31],[106.68,73.33],[107.27,73.62],[107.77,73.62],[108.2,73.69],[109.08,74.03],[109.51,74.09],[109.81,74.17],[109.91,74.26],[109.84,74.32],[110.23,74.38],[110.37,74.47],[110.89,74.55],[111.3,74.66],[111.87,74.74],[112.19,74.85],[112.92,75.02],[113.61,75.29],[113.73,75.45],[113.36,75.53],[113.24,75.61],[113.16,75.62],[112.96,75.57],[112.73,75.74],[112.47,75.84],[112.63,75.84],[113.13,75.7],[113.47,75.66],[113.52,75.62],[113.49,75.56],[113.62,75.59],[113.87,75.86],[113.86,75.92],[113.56,75.89],[113.43,76.11],[113.27,76.25],[112.99,76.24],[113.15,76.17],[113.09,76.13],[112.82,76.06],[112.66,76.05],[112.8,76.13],[112.68,76.22],[112.62,76.38],[112.3,76.43],[111.94,76.38],[112.09,76.48],[111.94,76.55],[111.39,76.69],[111.11,76.72],[110.47,76.76],[109.98,76.71],[109.37,76.75],[108.64,76.72],[108.18,76.74],[108.03,76.72],[107.95,76.66],[107.9,76.57],[107.72,76.52],[107.16,76.52],[106.83,76.48],[106.68,76.51],[106.41,76.51],[106.38,76.59],[106.64,76.57],[106.94,76.73],[107.43,76.93],[107.28,76.99],[106.94,77.03],[106.71,77.01],[106.15,77.05],[105.82,77.0],[105.71,77.0],[105.65,77.1],[104.2,77.1],[105.38,77.24],[105.73,77.35],[106.06,77.39],[105.89,77.49],[105.71,77.53],[104.97,77.59],[104.81,77.65],[104.18,77.73],[104.01,77.73],[103.56,77.63],[103.13,77.63],[102.61,77.51],[101.52,77.2],[101.19,77.03],[100.99,76.99],[100.91,76.9],[100.92,76.82],[101.1,76.7],[100.93,76.56],[101.68,76.49],[101.6,76.44],[101.06,76.48],[100.84,76.53],[100.32,76.48],[99.58,76.47],[98.87,76.51],[98.81,76.48],[99.62,76.24],[99.83,76.14],[99.85,75.93],[99.54,75.8],[99.44,75.8],[99.6,75.85],[99.77,76.03],[99.56,76.11],[98.66,76.24],[98.02,76.13],[97.92,76.09],[97.67,76.08],[97.64,76.03],[97.5,75.98],[97.35,76.03],[96.88,75.93],[96.5,75.89],[96.6,75.99],[96.51,76.01],[95.93,75.93],[95.74,75.87],[95.65,75.89],[95.99,76.01],[96.08,76.08],[95.58,76.14],[95.04,76.11],[94.58,76.15],[94.51,76.11],[94.1,76.12],[93.65,76.05],[93.26,76.1],[93.1,76.03],[92.97,76.08],[92.86,75.98],[92.89,75.91],[93.07,75.91],[93.18,75.96],[93.41,75.9],[93.57,75.96],[93.69,75.92],[94.16,75.96],[94.08,75.91],[92.41,75.75],[91.85,75.72],[91.48,75.65],[91.0,75.65],[90.18,75.59],[89.6,75.46],[89.31,75.47],[88.73,75.37],[88.5,75.29],[87.67,75.13],[87.17,75.19],[87.01,75.17],[86.92,75.11],[86.94,75.07],[87.14,75.07],[87.47,75.01],[87.42,74.94],[86.86,74.72],[86.65,74.68],[86.2,74.82],[86.06,74.73],[85.88,74.74],[85.79,74.65],[86.43,74.59],[87.23,74.36],[86.9,74.33],[86.66,74.41],[86.4,74.45],[86.18,74.42],[86.0,74.32],[86.57,74.24],[86.7,74.2],[87.21,73.88],[87.57,73.81],[87.37,73.76],[87.12,73.62],[86.38,73.57],[86.09,73.52],[85.94,73.46],[85.91,73.39],[85.97,73.35],[86.72,73.13],[86.68,73.11],[85.82,73.33],[85.79,73.44],[85.83,73.49],[86.09,73.58],[86.37,73.62],[87.03,73.82],[86.89,73.89],[86.59,73.89],[85.61,73.82],[85.45,73.73],[85.2,73.72],[84.74,73.76],[83.54,73.67],[81.82,73.66],[80.58,73.57],[80.56,73.51],[80.6,73.47],[80.4,73.36],[80.42,73.23],[80.51,73.09],[80.76,73.03],[80.84,72.95],[80.66,72.71],[80.83,72.49],[81.1,72.39],[81.79,72.33],[82.09,72.27],[82.18,72.24],[82.32,72.07],[82.65,71.93],[83.2,71.87],[83.34,71.83],[83.53,71.68],[83.57,71.59],[83.55,71.54],[83.27,71.28],[83.15,71.1],[83.33,70.99],[83.58,70.77],[83.74,70.55],[83.66,70.42],[83.5,70.35],[83.07,70.28],[83.13,70.16],[83.08,70.09],[82.86,70.1],[82.68,70.22],[82.92,70.41],[83.03,70.58],[83.05,70.82],[83.01,70.9],[82.87,70.95],[82.59,70.89],[82.45,70.69],[82.26,70.54],[82.22,70.4],[82.16,70.6],[82.34,70.81],[82.24,71.0],[82.32,71.26],[82.98,71.45],[83.23,71.67],[83.11,71.72],[82.76,71.76],[82.08,71.71],[81.66,71.72],[80.86,71.97],[80.76,72.09],[79.95,72.22],[79.42,72.38],[78.48,72.39],[77.97,72.33],[77.73,72.23],[77.47,72.19],[77.44,72.16],[77.41,72.11],[77.49,72.07],[77.78,72.11],[78.02,72.09],[78.14,72.04],[78.23,71.95],[78.19,71.91],[77.78,71.84],[77.55,71.84],[77.06,72.0],[76.87,72.03],[76.42,72.01],[76.03,71.91],[76.31,71.6],[76.43,71.55],[77.48,71.31],[77.91,71.32],[78.21,71.27],[78.39,71.09],[78.49,71.03],[78.72,70.98],[79.08,71.0],[79.02,70.95],[78.53,70.91],[78.32,70.93],[78.07,70.99],[77.59,71.17],[77.0,71.18],[76.93,71.13],[76.74,71.2],[76.11,71.22],[75.73,71.27],[75.33,71.34],[75.28,71.43],[75.47,71.53],[75.5,71.65],[75.25,71.81],[75.27,71.96],[75.39,71.98],[75.55,72.17],[75.74,72.3],[75.59,72.46],[75.6,72.58],[75.37,72.8],[75.15,72.85],[74.94,72.85],[74.79,72.81],[75.06,72.55],[75.1,72.42],[75.09,72.26],[74.99,72.14],[74.49,72.0],[73.67,71.85],[73.09,71.44],[73.15,71.39],[73.58,71.22],[73.73,71.07],[74.31,70.65],[74.34,70.58],[74.21,70.45],[73.83,70.18],[73.58,69.8],[73.56,69.71],[73.83,69.5],[73.89,69.42],[73.78,69.2],[73.84,69.14],[73.98,69.11],[74.36,69.14],[74.81,69.09],[75.05,69.12],[75.42,69.24],[76.0,69.24],[76.64,69.12],[77.47,68.91],[77.65,68.9],[77.79,68.63],[77.91,68.48],[78.0,68.26],[77.66,68.19],[77.54,68.01],[77.52,67.91],[77.59,67.75],[78.84,67.63],[78.92,67.59],[77.77,67.57],[77.17,67.78],[77.25,67.94],[77.24,68.47],[77.11,68.6],[76.74,68.78],[76.61,68.9],[76.46,68.98],[76.11,68.98],[75.12,68.86],[74.58,68.75],[74.48,68.66],[74.39,68.42],[74.63,68.22],[74.74,68.07],[74.79,67.9],[74.77,67.77],[74.68,67.69],[74.07,67.41],[73.99,67.33],[73.88,67.08],[73.79,67.0],[73.51,66.86],[72.42,66.56],[72.32,66.33],[72.07,66.25],[71.92,66.25],[71.36,66.36],[70.34,66.34],[69.98,66.4],[69.19,66.58],[69.01,66.79],[69.22,66.83],[69.74,66.81],[69.88,66.85],[70.28,66.69],[70.44,66.7],[70.58,66.75],[70.69,66.75],[70.44,66.67],[70.38,66.6],[70.72,66.52],[70.94,66.55],[71.34,66.69],[71.54,66.68],[71.55,66.76],[71.37,66.96],[71.67,66.94],[71.85,67.01],[72.59,67.59],[72.95,67.7],[73.07,67.77],[73.15,67.87],[73.17,67.97],[73.13,68.09],[73.14,68.18],[73.47,68.43],[73.59,68.48],[73.55,68.57],[72.81,68.82],[72.68,68.87],[72.58,68.97],[72.53,69.15],[72.56,69.38],[72.62,69.48],[72.6,69.79],[72.53,70.17],[72.47,70.27],[72.7,70.46],[72.73,70.82],[72.7,70.96],[72.58,71.15],[72.08,71.31],[71.87,71.46],[71.91,71.55],[72.13,71.61],[72.28,71.7],[72.57,72.01],[72.75,72.34],[72.81,72.69],[72.45,72.79],[71.93,72.82],[71.5,72.91],[69.74,72.88],[69.65,72.9],[69.71,72.96],[69.69,72.98],[69.39,72.96],[69.04,72.67],[68.83,72.39],[68.61,72.01],[68.27,71.68],[67.54,71.41],[66.92,71.28],[66.77,71.14],[66.64,71.08],[66.69,71.04],[66.85,71.06],[66.67,70.9],[66.7,70.82],[66.82,70.8],[67.14,70.84],[67.28,70.74],[67.25,70.5],[67.15,70.22],[67.24,70.11],[67.07,70.01],[66.93,70.01],[66.8,69.74],[66.8,69.66],[66.9,69.55],[66.96,69.66],[67.06,69.69],[67.62,69.58],[68.01,69.48],[68.07,69.42],[68.12,69.24],[68.54,68.97],[68.76,68.92],[68.92,68.96],[69.14,68.95],[68.83,68.57],[68.5,68.35],[68.37,68.31],[68.16,68.4],[67.73,68.51],[67.64,68.58],[67.15,68.75],[67.0,68.87],[66.42,68.95],[65.81,69.08],[65.74,69.13],[65.03,69.27],[64.9,69.25],[64.93,69.33],[64.19,69.53],[63.36,69.68],[62.63,69.74],[61.77,69.76],[60.91,69.85],[60.56,69.69],[60.28,69.65],[60.17,69.59],[60.34,69.46],[60.66,69.11],[60.86,69.15],[60.93,68.99],[60.64,68.79],[60.49,68.73],[59.9,68.71],[59.87,68.6],[59.94,68.51],[59.92,68.47],[59.86,68.4],[59.73,68.35],[59.1,68.44],[59.11,68.62],[59.22,68.69],[59.37,68.74],[59.11,68.9],[59.06,69.01],[58.35,68.92],[58.24,68.83],[58.17,68.89],[57.13,68.55],[56.62,68.62],[56.04,68.65],[55.68,68.58],[55.42,68.57],[54.92,68.37],[54.86,68.2],[54.72,68.18],[54.48,68.29],[53.97,68.23],[53.26,68.27],[53.34,68.34],[53.69,68.4],[53.83,68.38],[53.93,68.44],[53.92,68.54],[53.76,68.63],[53.89,68.8],[53.97,68.84],[53.8,68.88],[53.8,68.91],[54.49,68.99],[53.8,69.0],[52.68,68.73],[52.34,68.61],[52.55,68.59],[52.65,68.51],[52.72,68.48],[52.67,68.43],[52.4,68.35],[52.18,68.37],[52.29,68.46],[52.13,68.53],[51.99,68.54],[51.34,68.4],[50.7,68.32],[49.93,68.07],[49.16,67.87],[48.95,67.85],[48.75,67.9],[48.7,67.87],[48.88,67.73],[48.83,67.68],[48.65,67.7],[47.87,67.58],[47.91,67.45],[47.77,67.28],[47.71,67.05],[47.66,66.98],[47.5,66.93],[46.49,66.8],[46.3,66.84],[45.99,66.85],[45.89,66.89],[45.56,67.19],[44.94,67.35],[44.9,67.41],[44.94,67.48],[45.53,67.76],[46.69,67.85],[46.68,67.97],[45.89,68.48],[45.52,68.55],[45.08,68.58],[44.05,68.55],[43.47,68.68],[43.33,68.67],[43.4,68.61],[44.17,68.33],[44.2,68.25],[44.23,68.0],[44.04,67.67],[43.86,67.44],[43.78,67.25],[43.86,67.19],[44.07,67.17],[44.29,67.1],[44.4,67.0],[44.43,66.94],[44.44,66.79],[44.49,66.67],[44.22,66.41],[44.1,66.24],[44.15,66.11],[44.1,66.01],[43.84,66.14],[43.74,66.16],[43.54,66.12],[43.55,66.17],[43.65,66.25],[43.55,66.32],[43.23,66.42],[42.6,66.42],[42.45,66.48],[42.21,66.52],[41.78,66.26],[41.48,66.12],[41.08,66.02],[40.69,65.96],[40.33,65.75],[39.82,65.6],[39.75,65.45],[39.8,65.35],[40.14,65.06],[40.28,65.0],[40.44,64.78],[40.41,64.75],[40.06,64.77],[39.85,64.69],[39.76,64.58],[39.57,64.57],[39.05,64.71],[38.54,64.79],[38.41,64.86],[38.01,64.88],[37.53,65.11],[37.14,65.19],[36.88,65.17],[36.79,64.99],[36.65,64.94],[36.53,64.94],[36.53,64.85],[36.58,64.79],[37.18,64.41],[37.43,64.37],[37.74,64.4],[37.95,64.32],[37.98,64.21],[38.06,64.09],[38.07,64.03],[37.97,63.95],[37.64,63.89],[37.44,63.81],[36.36,64.0],[36.15,64.19],[35.65,64.38],[35.43,64.35],[35.04,64.44],[34.87,64.56],[34.86,64.71],[34.95,64.76],[34.83,64.8],[34.8,64.99],[34.67,65.17],[34.41,65.4],[34.62,65.51],[34.78,65.77],[34.79,65.86],[34.69,65.95],[34.4,66.13],[34.11,66.23],[33.36,66.33],[33.59,66.38],[33.66,66.44],[33.22,66.53],[33.18,66.57],[33.22,66.6],[33.18,66.68],[32.86,66.72],[32.86,66.75],[32.46,66.92],[32.5,67.0],[32.2,67.11],[31.9,67.16],[32.4,67.15],[32.93,67.09],[32.85,67.02],[33.15,66.84],[33.48,66.76],[33.6,66.78],[33.89,66.71],[34.15,66.7],[34.45,66.65],[34.4,66.61],[34.48,66.55],[34.82,66.61],[35.51,66.4],[36.37,66.3],[36.98,66.27],[37.9,66.1],[38.65,66.07],[39.29,66.13],[40.1,66.3],[40.52,66.45],[41.19,66.83],[41.28,66.91],[41.35,67.12],[41.36,67.21],[41.13,67.27],[41.13,67.39],[41.06,67.44],[40.97,67.71],[40.38,67.83],[39.81,68.15],[39.75,68.16],[39.82,68.06],[39.57,68.07],[38.83,68.32],[38.43,68.36],[38.36,68.42],[37.73,68.69],[35.86,69.19],[35.29,69.28],[35.18,69.23],[35.01,69.22],[34.23,69.31],[33.68,69.31],[33.44,69.13],[33.14,69.07],[33.2,69.12],[33.33,69.15],[33.41,69.27],[33.46,69.38],[33.45,69.43],[33.38,69.44],[32.98,69.37],[32.94,69.38],[33.02,69.45],[33.0,69.47],[32.38,69.48],[32.33,69.55],[32.09,69.63],[32.18,69.67],[32.92,69.6],[32.99,69.63],[33.01,69.72],[31.98,69.95],[31.97,69.91],[32.03,69.84],[32.0,69.81],[31.79,69.82],[31.67,69.72],[31.55,69.7],[30.71,69.8],[30.48,69.79],[30.43,69.72],[30.35,69.83],[30.24,69.86],[30.18,69.84],[30.16,69.75],[30.09,69.72],[29.69,69.74],[29.64,69.78],[29.62,69.87],[29.65,69.94],[29.6,69.98],[28.8,70.09],[28.78,70.15],[29.93,70.1],[30.26,70.12],[30.47,70.2],[30.94,70.27],[30.96,70.34],[30.93,70.4],[30.6,70.52],[30.21,70.54],[30.24,70.62],[30.07,70.7],[29.74,70.65],[29.64,70.71],[29.4,70.73],[29.1,70.86],[28.83,70.86],[28.61,70.76],[28.48,70.62],[28.44,70.5],[28.31,70.44],[28.19,70.25],[28.17,70.36],[28.2,70.58],[28.27,70.67],[28.22,70.7],[28.0,70.66],[27.9,70.68],[27.95,70.72],[28.33,70.83],[28.38,70.87],[28.39,70.98],[28.14,71.04],[27.73,71.08],[27.6,71.09],[27.24,70.95],[27.27,70.91],[27.56,70.83],[27.55,70.8],[27.31,70.8],[27.18,70.74],[26.99,70.51],[26.59,70.41],[26.64,70.64],[26.56,70.67],[26.68,70.74],[26.73,70.85],[26.66,70.94],[26.51,70.91],[25.47,70.34],[25.42,70.24],[25.21,70.14],[25.04,70.11],[24.98,70.14],[24.99,70.22],[25.15,70.32],[25.21,70.49],[25.27,70.55],[25.78,70.82],[25.77,70.85],[25.71,70.87],[25.44,70.91],[25.26,70.84],[24.76,71.01],[24.66,71.0],[24.26,70.83],[24.27,70.77],[24.4,70.75],[24.42,70.7],[24.29,70.66],[24.04,70.49],[23.9,70.48],[23.66,70.4],[23.38,70.25],[23.33,70.21],[23.29,70.1],[23.4,70.02],[23.35,69.98],[23.26,69.99],[23.05,70.1],[22.94,70.3],[22.68,70.37],[22.42,70.34],[22.38,70.28],[22.32,70.26],[22.22,70.31],[22.05,70.28],[22.0,70.29],[21.78,70.23],[21.54,70.26],[21.36,70.23],[21.35,70.21],[21.4,70.17],[21.8,70.07],[21.89,70.0],[21.97,69.83],[21.93,69.81],[21.43,70.01],[21.25,70.0],[21.16,69.89],[20.62,69.91],[20.55,69.85],[20.53,69.69],[20.56,69.63],[20.74,69.52],[20.49,69.54],[20.2,69.37],[20.05,69.33],[20.04,69.36],[20.34,69.62],[20.39,69.87],[20.32,69.95],[20.07,69.88],[19.96,69.82],[19.86,69.72],[19.74,69.5],[19.64,69.42],[19.72,69.78],[19.69,69.8],[19.2,69.75],[19.04,69.66],[18.99,69.56],[18.61,69.49],[18.62,69.43],[18.92,69.34],[18.65,69.32],[18.26,69.47],[18.08,69.33],[18.1,69.16],[17.7,69.1],[17.55,69.0],[17.49,68.88],[17.39,68.8],[17.13,68.69],[16.88,68.69],[16.58,68.59],[16.51,68.53],[16.53,68.49],[16.58,68.47],[17.43,68.48],[17.57,68.45],[17.55,68.43],[16.95,68.35],[16.62,68.41],[16.39,68.39],[16.2,68.32],[16.17,68.28],[16.26,68.14],[16.39,68.09],[16.26,68.0],[16.31,67.88],[16.26,67.89],[16.12,68.03],[16.06,68.2],[16.01,68.23],[15.32,68.07],[15.29,68.04],[15.36,68.0],[15.61,67.99],[15.62,67.95],[15.4,67.92],[15.13,67.97],[15.05,67.96],[14.8,67.81],[14.82,67.75],[14.78,67.67],[14.85,67.66],[15.04,67.68],[15.3,67.77],[15.35,67.73],[15.22,67.66],[15.25,67.6],[15.49,67.51],[15.66,67.54],[15.69,67.52],[15.58,67.44],[15.59,67.35],[15.55,67.35],[15.41,67.47],[14.96,67.57],[14.75,67.5],[14.44,67.27],[15.3,67.26],[15.43,67.25],[15.42,67.2],[14.78,67.19],[14.11,67.12],[13.88,66.96],[13.65,66.91],[13.7,66.85],[13.96,66.79],[13.62,66.79],[13.45,66.72],[13.31,66.7],[13.21,66.64],[13.19,66.54],[13.1,66.54],[13.07,66.43],[13.12,66.23],[13.97,66.32],[14.03,66.3],[13.67,66.18],[13.39,66.18],[12.78,66.1],[12.79,66.07],[12.98,66.02],[13.03,65.96],[12.82,65.95],[12.69,65.9],[12.63,65.81],[12.27,65.57],[12.12,65.36],[12.13,65.28],[12.2,65.25],[12.33,65.24],[12.36,65.19],[12.42,65.18],[12.92,65.34],[12.51,65.1],[12.31,65.09],[12.16,65.18],[11.49,64.98],[11.35,64.91],[11.3,64.75],[11.56,64.82],[11.63,64.81],[11.52,64.74],[11.23,64.68],[10.93,64.58],[10.83,64.49],[10.57,64.42],[10.24,64.18],[10.01,64.08],[9.86,63.92],[9.71,63.86],[9.61,63.79],[9.57,63.71],[9.59,63.68],[9.77,63.7],[9.92,63.52],[10.06,63.51],[10.34,63.57],[10.93,63.77],[11.05,63.85],[10.91,63.92],[11.08,63.99],[11.31,64.05],[11.43,64.02],[11.46,64.0],[11.18,63.9],[11.31,63.88],[11.37,63.8],[10.73,63.62],[10.67,63.56],[10.76,63.46],[10.34,63.47],[10.08,63.43],[10.02,63.39],[9.98,63.4],[9.94,63.48],[9.7,63.62],[9.32,63.57],[9.16,63.46],[9.08,63.46],[9.08,63.5],[9.16,63.57],[9.14,63.59],[8.84,63.65],[8.58,63.6],[8.36,63.5],[8.39,63.45],[8.59,63.43],[8.64,63.39],[8.64,63.34],[8.58,63.31],[8.27,63.29],[8.18,63.24],[8.16,63.16],[8.24,63.08],[8.61,62.88],[8.62,62.85],[8.21,63.0],[8.1,63.09],[7.57,63.1],[7.39,63.02],[6.94,62.93],[6.73,62.72],[6.78,62.7],[7.24,62.75],[7.41,62.71],[8.05,62.77],[8.1,62.73],[7.8,62.72],[7.54,62.67],[7.53,62.61],[7.69,62.59],[7.57,62.55],[6.96,62.63],[6.35,62.61],[6.27,62.58],[6.24,62.52],[6.12,62.45],[6.14,62.41],[6.69,62.47],[6.58,62.41],[6.08,62.35],[5.91,62.42],[5.53,62.31],[5.48,62.24],[5.36,62.15],[5.24,62.19],[5.14,62.16],[5.1,62.03],[5.16,61.96],[5.27,61.94],[5.47,61.95],[6.13,61.85],[6.73,61.87],[6.47,61.81],[6.02,61.79],[5.47,61.9],[4.99,61.9],[4.93,61.88],[4.93,61.71],[5.0,61.65],[5.1,61.62],[5.17,61.54],[5.34,61.49],[5.0,61.43],[5.02,61.25],[5.11,61.19],[5.32,61.11],[5.45,61.1],[5.65,61.15],[6.08,61.17],[6.38,61.13],[6.49,61.15],[6.6,61.29],[6.63,61.28],[6.61,61.23],[6.66,61.21],[6.94,61.16],[7.17,61.17],[7.28,61.18],[7.3,61.21],[7.28,61.28],[7.33,61.37],[7.44,61.43],[7.35,61.3],[7.4,61.22],[7.6,61.21],[7.55,61.18],[7.04,61.09],[7.08,60.97],[7.04,60.95],[6.98,60.99],[6.97,61.06],[6.78,61.14],[6.61,61.14],[6.42,61.08],[5.98,61.12],[5.51,61.06],[5.1,61.07],[5.01,61.04],[5.05,60.71],[5.12,60.64],[5.24,60.57],[5.45,60.62],[5.59,60.69],[5.65,60.69],[5.17,60.48],[5.14,60.45],[5.18,60.31],[5.29,60.21],[5.42,60.15],[5.66,60.15],[5.69,60.12],[5.49,60.07],[5.21,60.09],[5.17,60.05],[5.22,59.98],[5.12,59.83],[5.1,59.73],[5.11,59.67],[5.15,59.64],[5.49,59.83],[5.7,60.01],[5.88,60.07],[5.9,60.15],[6.15,60.35],[6.35,60.42],[7.0,60.51],[6.72,60.42],[6.53,60.15],[6.57,60.36],[6.52,60.41],[6.35,60.35],[6.14,60.23],[6.07,60.08],[5.73,59.86],[5.76,59.81],[5.83,59.79],[6.22,59.82],[5.87,59.73],[5.77,59.66],[5.47,59.71],[5.4,59.66],[5.3,59.64],[5.24,59.56],[5.13,59.23],[5.17,59.16],[5.36,59.17],[5.47,59.2],[5.56,59.29],[5.85,59.35],[6.28,59.53],[6.42,59.55],[5.95,59.3],[5.94,59.23],[5.97,59.19],[5.89,59.1],[5.89,59.06],[6.1,58.95],[6.32,59.02],[6.36,59.0],[6.1,58.87],[5.61,59.01],[5.56,58.98],[5.52,58.82],[5.52,58.73],[5.59,58.62],[5.71,58.52],[5.98,58.43],[6.05,58.38],[6.39,58.27],[6.66,58.26],[6.69,58.22],[6.56,58.12],[6.73,58.07],[6.8,58.15],[6.88,58.15],[6.91,58.14],[6.9,58.07],[7.0,58.02],[7.19,58.05],[7.47,58.02],[7.88,58.08],[8.04,58.15],[8.17,58.15],[8.52,58.3],[8.93,58.57],[9.18,58.67],[9.24,58.74],[9.32,58.75],[9.4,58.81],[9.31,58.86],[9.66,58.97],[9.7,59.01],[9.56,59.11],[9.64,59.12],[9.8,59.03],[9.84,58.96],[9.96,58.97],[10.08,59.03],[10.18,59.01],[10.43,59.28],[10.45,59.44],[10.41,59.46],[10.4,59.52],[10.57,59.59],[10.53,59.7],[10.6,59.76],[10.64,59.39],[10.83,59.18],[11.37,59.1],[11.39,59.07],[11.39,59.04],[11.3,59.09],[11.2,59.08],[11.15,58.99],[11.21,58.87],[11.27,58.48],[11.25,58.37],[11.33,58.38],[11.43,58.34],[11.45,58.12],[11.55,58.0],[11.7,57.97],[11.73,57.72],[11.88,57.68],[11.96,57.43],[12.05,57.45],[12.15,57.23],[12.42,56.91],[12.57,56.82],[12.72,56.66],[12.88,56.62],[12.92,56.52],[12.86,56.45],[12.66,56.44],[12.8,56.26],[12.71,56.24],[12.47,56.29],[12.97,55.75],[12.94,55.48],[12.89,55.41],[13.32,55.35],[13.81,55.43],[14.17,55.4],[14.34,55.53],[14.2,55.73],[14.22,55.83],[14.4,55.98],[14.56,56.05],[14.66,56.02],[14.75,56.03],[14.71,56.13],[14.78,56.16],[15.33,56.15],[15.63,56.19],[15.83,56.12],[16.0,56.22],[16.15,56.5],[16.35,56.71],[16.53,57.07],[16.48,57.27],[16.63,57.43],[16.65,57.5],[16.6,57.57],[16.59,57.76],[16.56,57.81],[16.6,57.91],[16.69,57.92],[16.7,58.16],[16.77,58.21],[16.65,58.43],[16.92,58.49],[16.79,58.59],[16.21,58.64],[16.32,58.66],[16.98,58.65],[17.35,58.78],[17.46,58.86],[18.29,59.11],[18.37,59.18],[18.41,59.29],[18.62,59.33],[18.56,59.39],[18.27,59.37],[18.13,59.32],[17.98,59.33],[17.96,59.36],[18.16,59.43],[18.28,59.44],[18.97,59.76],[18.99,59.83],[18.85,60.03],[18.79,60.08],[18.54,60.15],[18.56,60.25],[18.4,60.34],[18.16,60.41],[18.01,60.51],[17.96,60.59],[17.66,60.54],[17.59,60.63],[17.36,60.64],[17.25,60.7],[17.28,60.81],[17.2,60.95],[17.16,61.28],[17.2,61.31],[17.14,61.38],[17.16,61.46],[17.13,61.58],[17.22,61.66],[17.2,61.72],[17.47,61.68],[17.37,61.87],[17.51,62.17],[17.63,62.23],[17.43,62.33],[17.37,62.43],[17.41,62.51],[17.65,62.45],[17.72,62.5],[17.83,62.5],[18.04,62.6],[17.9,62.66],[17.97,62.72],[17.88,62.87],[17.91,62.89],[17.95,62.83],[18.09,62.84],[18.07,62.79],[18.17,62.79],[18.25,62.85],[18.46,62.9],[18.5,62.99],[18.31,63.0],[18.34,63.03],[18.53,63.06],[18.61,63.18],[18.86,63.21],[18.79,63.24],[18.82,63.26],[19.03,63.24],[19.24,63.35],[19.35,63.48],[19.49,63.42],[19.5,63.51],[19.72,63.46],[19.78,63.54],[19.91,63.61],[20.2,63.66],[20.76,63.87],[21.02,64.18],[21.47,64.38],[21.52,64.46],[21.39,64.54],[21.28,64.72],[21.14,64.81],[21.2,64.88],[21.57,65.13],[21.55,65.21],[21.41,65.32],[21.61,65.26],[21.61,65.3],[21.52,65.36],[21.57,65.41],[21.88,65.42],[21.95,65.47],[21.9,65.51],[21.92,65.53],[22.15,65.55],[22.09,65.61],[22.25,65.6],[22.29,65.75],[22.4,65.86],[22.54,65.79],[22.75,65.87],[23.1,65.74],[23.22,65.79],[23.69,65.83],[23.89,65.78],[24.24,65.81],[24.4,65.78],[24.63,65.86],[24.58,65.76],[24.67,65.67],[24.84,65.66],[25.24,65.55],[25.35,65.48],[25.26,65.14],[25.34,65.1],[25.37,65.01],[25.23,64.95],[25.28,64.92],[25.29,64.86],[24.94,64.88],[24.56,64.8],[24.53,64.74],[24.28,64.52],[24.02,64.39],[23.92,64.27],[23.65,64.13],[23.6,64.04],[23.49,64.03],[22.76,63.68],[22.53,63.65],[22.53,63.58],[22.4,63.49],[22.32,63.5],[22.35,63.44],[22.24,63.44],[22.32,63.31],[21.9,63.21],[21.8,63.24],[21.55,63.2],[21.57,63.11],[21.65,63.04],[21.47,63.03],[21.46,62.95],[21.14,62.74],[21.1,62.62],[21.17,62.41],[21.32,62.34],[21.34,62.28],[21.35,62.22],[21.26,61.99],[21.38,61.91],[21.61,61.59],[21.5,61.55],[21.57,61.48],[21.51,61.48],[21.51,61.28],[21.48,61.17],[21.38,61.06],[21.36,60.97],[21.44,60.6],[21.61,60.53],[21.81,60.59],[21.85,60.51],[22.26,60.4],[22.58,60.38],[22.51,60.28],[22.59,60.26],[22.59,60.23],[22.47,60.2],[22.44,60.16],[22.47,60.15],[22.44,60.09],[22.46,60.03],[22.75,60.06],[22.82,60.1],[22.87,60.22],[22.91,60.21],[22.99,60.1],[23.2,60.02],[23.19,59.97],[22.96,59.83],[23.02,59.82],[23.18,59.84],[23.46,59.99],[23.72,59.97],[24.34,60.04],[24.45,60.02],[24.6,60.11],[25.16,60.19],[25.27,60.25],[25.46,60.26],[25.66,60.33],[25.72,60.27],[25.76,60.27],[25.95,60.35],[26.04,60.34],[25.96,60.47],[26.04,60.47],[26.2,60.41],[26.38,60.42],[26.46,60.47],[26.57,60.62],[26.61,60.63],[26.6,60.6],[26.52,60.47],[26.53,60.41],[26.95,60.47],[27.21,60.54],[27.46,60.46],[27.76,60.53],[28.18,60.57],[28.51,60.68],[28.65,60.61],[28.62,60.49],[28.49,60.54],[28.64,60.38],[28.81,60.33],[29.07,60.19],[29.72,60.2],[29.87,60.12],[29.98,60.03],[30.17,59.96],[30.16,59.9],[30.12,59.87],[29.67,59.96],[29.15,60.0],[28.95,59.83],[28.75,59.81],[28.52,59.85],[28.45,59.81],[28.42,59.73],[28.33,59.69],[28.21,59.72],[28.13,59.79],[28.06,59.78],[28.01,59.72],[28.06,59.55],[28.0,59.47],[27.89,59.41],[26.97,59.45],[26.62,59.55],[25.51,59.64],[25.52,59.56],[25.44,59.52],[24.88,59.52],[24.58,59.46],[24.38,59.47],[24.18,59.38],[24.05,59.37],[24.08,59.29],[23.78,59.28],[23.49,59.2],[23.52,59.11],[23.47,59.03],[23.52,59.0],[23.43,58.92],[23.5,58.79],[23.68,58.79],[23.53,58.72],[23.51,58.66],[23.56,58.58],[23.69,58.51],[23.71,58.43],[23.77,58.36],[24.11,58.27],[24.24,58.29],[24.34,58.38],[24.53,58.35],[24.55,58.3],[24.49,58.26],[24.46,58.11],[24.33,57.91],[24.3,57.78],[24.36,57.65],[24.4,57.33],[24.38,57.25],[24.28,57.17],[23.93,57.01],[23.65,56.97],[23.29,57.09],[23.14,57.32],[22.65,57.6],[22.55,57.72],[21.73,57.57],[21.46,57.32],[21.35,57.02],[21.07,56.82],[21.03,56.64],[21.01,56.26],[21.06,55.81],[21.24,55.46],[21.2,55.34],[21.24,55.27],[21.19,54.94],[20.89,54.91],[20.59,54.98],[21.03,55.35],[21.1,55.49],[21.11,55.62],[21.01,55.4],[20.68,55.1],[20.52,54.99],[20.4,54.95],[20.11,54.96],[19.97,54.92],[19.94,54.75],[19.86,54.63],[19.56,54.43],[19.41,54.39],[18.98,54.35],[18.84,54.37],[18.67,54.43],[18.44,54.74],[18.8,54.63],[18.76,54.68],[18.32,54.84],[18.09,54.84],[17.26,54.73],[16.89,54.6],[16.56,54.55],[16.19,54.29],[15.29,54.14],[14.38,53.92],[14.25,53.93],[13.83,54.13],[13.83,54.06],[13.92,54.0],[13.9,53.94],[13.93,53.88],[14.56,53.82],[14.55,53.71],[14.58,53.64],[13.95,53.8],[13.87,53.85],[13.82,54.02],[13.72,54.15],[13.45,54.14],[13.15,54.28],[13.03,54.41],[12.58,54.47],[12.11,54.17],[11.8,54.15],[11.4,53.94],[11.1,54.01],[10.85,54.01],[10.81,54.08],[11.01,54.18],[11.06,54.28],[11.01,54.38],[10.73,54.32],[10.36,54.44],[10.21,54.41],[10.14,54.49],[9.87,54.47],[10.03,54.58],[10.02,54.67],[9.89,54.78],[9.75,54.81],[9.71,54.93],[9.73,54.97],[9.69,55.0],[9.57,55.04],[9.45,55.04],[9.5,55.12],[9.64,55.2],[9.67,55.27],[9.59,55.49],[10.02,55.76],[9.9,55.84],[10.02,55.88],[10.18,55.87],[10.32,56.21],[10.43,56.28],[10.54,56.2],[10.75,56.24],[10.86,56.3],[10.93,56.44],[10.85,56.52],[10.49,56.52],[10.28,56.62],[10.3,57.0],[10.52,57.24],[10.54,57.45],[10.44,57.56],[10.48,57.65],[10.61,57.74],[10.53,57.74],[10.26,57.62],[9.96,57.58],[9.55,57.23],[9.43,57.17],[8.62,57.11],[8.28,56.85],[8.27,56.75],[8.47,56.66],[8.77,56.73],[8.99,57.02],[9.11,57.04],[9.25,57.01],[9.2,56.7],[9.07,56.79],[8.89,56.74],[8.74,56.63],[8.72,56.54],[8.67,56.5],[8.55,56.56],[8.28,56.62],[8.16,56.61],[8.12,56.14],[8.2,55.98],[8.13,55.6],[8.62,55.42],[8.67,55.16],[8.57,55.13],[8.66,54.99],[8.68,54.79],[8.96,54.54],[8.95,54.47],[8.65,54.4],[8.63,54.35],[8.64,54.29],[8.78,54.31],[8.91,54.26],[8.9,54.0],[8.98,53.93],[9.31,53.86],[9.63,53.6],[9.78,53.55],[9.59,53.6],[9.32,53.81],[9.21,53.86],[8.9,53.84],[8.62,53.88],[8.53,53.78],[8.51,53.67],[8.54,53.56],[8.5,53.39],[8.49,53.51],[8.33,53.61],[8.25,53.45],[8.2,53.43],[8.11,53.47],[8.17,53.54],[8.01,53.69],[7.63,53.7],[7.21,53.65],[7.11,53.56],[7.05,53.38],[7.2,53.28],[6.97,53.33],[6.82,53.44],[6.06,53.41],[5.53,53.27],[5.45,53.21],[5.36,53.1],[5.06,52.96],[4.89,52.91],[4.77,52.94],[4.68,52.81],[4.56,52.44],[4.48,52.31],[4.03,51.93],[3.95,51.81],[4.18,51.61],[4.0,51.6],[4.27,51.47],[4.14,51.46],[3.89,51.57],[3.74,51.6],[3.55,51.59],[3.45,51.54],[3.59,51.45],[3.82,51.41],[4.01,51.44],[4.23,51.39],[4.11,51.36],[4.01,51.4],[3.88,51.35],[3.43,51.39],[2.96,51.27],[2.45,51.07],[1.91,50.99],[1.77,50.94],[1.67,50.89],[1.58,50.74],[1.55,50.29],[1.59,50.25],[1.41,50.09],[1.25,50.0],[0.62,49.86],[0.19,49.7],[0.11,49.56],[0.13,49.51],[0.28,49.46],[0.44,49.47],[0.42,49.45],[0.14,49.4],[-0.16,49.3],[-0.52,49.35],[-1.14,49.39],[-1.23,49.49],[-1.26,49.68],[-1.37,49.71],[-1.59,49.67],[-1.86,49.68],[-1.87,49.6],[-1.81,49.49],[-1.58,49.2],[-1.57,48.81],[-1.48,48.7],[-1.38,48.65],[-1.82,48.63],[-1.91,48.7],[-2.0,48.58],[-2.08,48.65],[-2.45,48.65],[-2.69,48.54],[-3.0,48.79],[-3.23,48.84],[-3.47,48.81],[-3.71,48.71],[-4.06,48.71],[-4.53,48.62],[-4.72,48.54],[-4.76,48.45],[-4.72,48.36],[-4.39,48.37],[-4.24,48.3],[-4.58,48.29],[-4.51,48.23],[-4.33,48.17],[-4.38,48.13],[-4.63,48.09],[-4.68,48.04],[-4.43,47.97],[-4.31,47.82],[-3.9,47.84],[-3.51,47.75],[-3.44,47.71],[-3.16,47.69],[-3.06,47.62],[-2.96,47.6],[-2.79,47.63],[-2.73,47.6],[-2.8,47.54],[-2.77,47.51],[-2.55,47.53],[-2.43,47.47],[-2.53,47.38],[-2.5,47.31],[-2.35,47.28],[-1.98,47.31],[-1.74,47.22],[-2.03,47.27],[-2.11,47.26],[-2.15,47.22],[-2.2,47.16],[-2.08,47.11],[-2.02,47.04],[-2.09,46.87],[-1.79,46.51],[-1.39,46.35],[-1.15,46.31],[-1.1,45.93],[-1.03,45.74],[-1.21,45.77],[-1.2,45.71],[-0.79,45.47],[-0.73,45.38],[-0.64,45.09],[-0.55,45.0],[-0.69,45.09],[-0.77,45.31],[-0.83,45.38],[-1.08,45.53],[-1.19,45.16],[-1.25,44.67],[-1.15,44.76],[-1.08,44.69],[-1.17,44.66],[-1.25,44.56],[-1.35,44.02],[-1.48,43.56],[-1.63,43.44],[-1.99,43.35],[-2.34,43.33],[-2.61,43.41],[-2.88,43.45],[-3.05,43.37],[-3.6,43.52],[-3.77,43.48],[-3.89,43.5],[-4.31,43.41],[-4.52,43.42],[-5.32,43.55],[-5.67,43.58],[-5.85,43.65],[-6.08,43.59],[-6.9,43.59],[-7.06,43.55],[-7.26,43.59],[-7.5,43.74],[-7.59,43.73],[-7.7,43.76],[-7.85,43.71],[-8.0,43.69],[-8.26,43.58],[-8.29,43.54],[-8.25,43.44],[-8.36,43.4],[-8.67,43.32],[-8.87,43.33],[-9.18,43.17],[-9.24,42.98],[-9.04,42.81],[-8.93,42.8],[-9.04,42.66],[-9.03,42.59],[-8.81,42.64],[-8.81,42.47],[-8.73,42.41],[-8.81,42.33],[-8.82,42.29],[-8.69,42.27],[-8.89,42.11],[-8.88,41.95],[-8.78,41.94],[-8.88,41.83],[-8.89,41.76],[-8.85,41.71],[-8.76,41.7],[-8.81,41.65],[-8.81,41.56],[-8.66,41.09],[-8.68,40.75],[-8.77,40.61],[-8.87,40.26],[-8.89,40.18],[-8.84,40.12],[-9.15,39.54],[-9.37,39.34],[-9.35,39.25],[-9.41,39.11],[-9.48,38.8],[-9.47,38.73],[-9.36,38.7],[-9.14,38.74],[-8.95,39.02],[-8.79,39.08],[-8.94,39.0],[-9.0,38.9],[-8.98,38.8],[-9.02,38.75],[-9.09,38.7],[-9.25,38.66],[-9.2,38.54],[-9.21,38.45],[-8.8,38.52],[-8.67,38.42],[-8.88,38.45],[-8.81,38.3],[-8.8,38.18],[-8.88,37.96],[-8.82,37.87],[-8.79,37.73],[-8.81,37.43],[-9.0,37.03],[-8.94,37.02],[-8.85,37.08],[-8.74,37.07],[-8.6,37.12],[-8.14,37.08],[-7.94,37.01],[-7.83,37.01],[-7.49,37.17],[-7.17,37.21],[-6.97,37.2],[-6.86,37.28],[-6.88,37.19],[-6.49,36.95],[-6.4,36.83],[-6.32,36.91],[-6.22,36.91],[-6.33,36.85],[-6.41,36.73],[-6.38,36.64],[-6.27,36.6],[-6.23,36.43],[-6.04,36.19],[-5.96,36.18],[-5.81,36.09],[-5.63,36.03],[-5.46,36.07],[-5.44,36.15],[-5.36,36.13],[-5.33,36.24],[-5.17,36.42],[-4.94,36.5],[-4.67,36.51],[-4.43,36.7],[-4.37,36.72],[-3.83,36.76],[-3.43,36.71],[-3.15,36.76],[-2.79,36.71],[-2.67,36.75],[-2.6,36.81],[-2.45,36.83],[-2.31,36.82],[-2.19,36.75],[-2.11,36.78],[-1.94,36.95],[-1.8,37.23],[-1.64,37.39],[-1.33,37.56],[-0.82,37.58],[-0.72,37.63],[-0.82,37.71],[-0.81,37.77],[-0.68,37.99],[-0.65,38.15],[-0.55,38.2],[-0.52,38.32],[-0.38,38.44],[-0.05,38.59],[0.2,38.76],[0.15,38.82],[-0.03,38.89],[-0.2,39.06],[-0.33,39.42],[-0.33,39.52],[-0.08,39.88],[0.36,40.32],[0.6,40.61],[0.72,40.63],[0.89,40.72],[0.8,40.8],[0.71,40.82],[1.03,41.06],[2.08,41.29],[2.31,41.47],[3.0,41.77],[3.25,41.94],[3.24,42.08],[3.15,42.16],[3.17,42.26],[3.31,42.29],[3.09,42.59],[3.04,42.84],[3.05,42.92],[3.26,43.19],[3.78,43.46],[3.91,43.56],[4.05,43.59],[4.22,43.48],[4.71,43.37],[5.06,43.44],[5.07,43.37],[5.32,43.34],[5.41,43.23],[5.67,43.18],[5.81,43.1],[6.03,43.1],[6.12,43.07],[6.57,43.2],[6.66,43.26],[6.72,43.37],[7.26,43.7],[8.0,43.88],[8.55,44.35],[8.77,44.42],[9.29,44.32],[9.73,44.1],[10.05,44.02],[10.19,43.95],[10.25,43.85],[10.32,43.51],[10.45,43.37],[10.52,43.2],[10.51,42.97],[10.71,42.94],[10.8,42.8],[10.94,42.74],[11.17,42.54],[11.18,42.46],[11.1,42.42],[11.14,42.39],[11.3,42.42],[11.64,42.29],[11.81,42.08],[12.08,41.94],[12.63,41.47],[12.85,41.41],[13.09,41.24],[13.25,41.29],[13.55,41.23],[13.67,41.25],[13.73,41.24],[13.86,41.13],[14.05,40.87],[14.04,40.81],[14.31,40.81],[14.46,40.73],[14.34,40.6],[14.77,40.67],[14.84,40.63],[14.95,40.47],[14.99,40.38],[14.93,40.31],[14.95,40.24],[15.29,40.07],[15.59,40.05],[15.69,39.99],[15.85,39.63],[16.02,39.35],[16.11,39.02],[16.21,38.94],[16.2,38.76],[15.97,38.71],[15.88,38.61],[15.9,38.48],[15.82,38.3],[15.7,38.26],[15.64,38.18],[15.65,38.03],[15.72,37.94],[16.06,37.94],[16.28,38.25],[16.55,38.41],[16.57,38.49],[16.56,38.71],[16.62,38.8],[16.76,38.89],[16.95,38.94],[17.1,38.92],[17.17,39.0],[17.12,39.14],[17.11,39.38],[16.82,39.58],[16.6,39.64],[16.52,39.75],[16.53,39.86],[16.67,40.14],[16.93,40.46],[17.03,40.51],[17.18,40.5],[17.26,40.4],[17.4,40.34],[17.87,40.28],[18.08,39.94],[18.22,39.85],[18.34,39.82],[18.49,40.1],[18.46,40.22],[18.33,40.37],[18.04,40.56],[17.95,40.66],[17.47,40.84],[17.1,41.06],[16.55,41.23],[16.01,41.44],[15.9,41.51],[15.91,41.62],[16.15,41.76],[16.19,41.81],[16.16,41.9],[15.96,41.94],[15.4,41.91],[15.17,41.93],[14.87,42.05],[14.54,42.24],[14.18,42.51],[14.01,42.69],[13.8,43.18],[13.56,43.57],[13.3,43.69],[12.91,43.92],[12.69,43.99],[12.4,44.22],[12.3,44.43],[12.25,44.72],[12.28,44.83],[12.38,44.8],[12.46,44.85],[12.52,44.97],[12.39,45.04],[12.29,45.21],[12.23,45.24],[12.27,45.45],[12.49,45.55],[12.54,45.54],[12.43,45.47],[12.5,45.46],[13.03,45.64],[13.21,45.77],[13.47,45.71],[13.56,45.77],[13.63,45.77],[13.78,45.63],[13.52,45.48],[13.63,45.11],[13.86,44.84],[13.97,44.84],[14.24,45.16],[14.31,45.34],[14.55,45.3],[14.85,45.08],[14.91,44.97],[14.9,44.71],[14.98,44.6],[15.27,44.38],[15.47,44.27],[15.28,44.29],[15.12,44.26],[15.19,44.17],[15.5,43.91],[15.94,43.66],[15.94,43.57],[15.99,43.52],[16.13,43.51],[16.39,43.54],[16.9,43.39],[17.13,43.21],[17.33,43.11],[17.72,42.85],[17.22,43.03],[17.05,43.01],[17.26,42.97],[17.58,42.84],[17.82,42.8],[18.52,42.43],[18.65,42.44],[18.63,42.38],[18.89,42.25],[19.12,42.06],[19.19,41.95],[19.34,41.87],[19.47,41.86],[19.58,41.79],[19.58,41.64],[19.5,41.56],[19.44,41.42],[19.48,41.24],[19.46,40.93],[19.34,40.66],[19.46,40.41],[19.44,40.38],[19.32,40.41],[19.48,40.21],[19.85,40.04],[19.96,39.87],[20.0,39.71],[20.19,39.55],[20.3,39.33],[20.47,39.26],[20.71,39.04],[20.78,39.01],[21.12,39.03],[21.15,38.92],[21.11,38.9],[20.89,38.94],[20.78,38.93],[20.77,38.87],[20.78,38.81],[20.87,38.78],[20.99,38.65],[21.11,38.38],[21.18,38.35],[21.3,38.37],[21.33,38.49],[21.47,38.32],[21.97,38.41],[22.32,38.36],[22.42,38.44],[22.83,38.23],[23.09,38.2],[23.18,38.13],[23.12,38.07],[22.89,38.05],[22.92,37.96],[22.85,37.97],[22.56,38.11],[22.24,38.19],[21.95,38.32],[21.82,38.33],[21.66,38.18],[21.4,38.2],[21.31,38.03],[21.12,37.89],[21.14,37.85],[21.29,37.77],[21.33,37.67],[21.57,37.54],[21.68,37.39],[21.69,37.31],[21.58,37.2],[21.58,37.08],[21.74,36.86],[21.89,36.74],[21.93,36.8],[21.96,36.99],[22.08,37.03],[22.16,36.9],[22.23,36.88],[22.38,36.7],[22.37,36.51],[22.49,36.45],[22.49,36.57],[22.61,36.78],[22.72,36.79],[22.78,36.79],[22.83,36.69],[22.98,36.53],[23.16,36.45],[23.04,36.64],[23.07,36.77],[23.06,36.85],[22.85,37.29],[22.77,37.39],[22.73,37.54],[22.77,37.59],[23.02,37.48],[23.1,37.44],[23.1,37.36],[23.16,37.33],[23.49,37.44],[23.49,37.46],[23.4,37.58],[23.2,37.62],[23.15,37.72],[23.15,37.8],[23.04,37.88],[23.05,37.9],[23.54,38.03],[23.97,37.68],[24.06,37.71],[24.06,37.77],[24.02,38.14],[23.97,38.27],[23.68,38.35],[23.57,38.49],[23.37,38.53],[23.25,38.66],[23.14,38.67],[23.02,38.74],[22.57,38.87],[22.8,38.9],[23.07,39.04],[22.97,39.03],[22.89,39.17],[22.84,39.26],[22.92,39.31],[22.99,39.33],[23.16,39.26],[23.17,39.21],[23.12,39.13],[23.15,39.1],[23.22,39.1],[23.33,39.17],[23.23,39.36],[23.1,39.49],[22.98,39.56],[22.84,39.8],[22.59,40.04],[22.57,40.12],[22.64,40.37],[22.63,40.5],[22.81,40.58],[22.92,40.59],[22.85,40.49],[22.9,40.4],[23.31,40.22],[23.33,40.09],[23.4,39.99],[23.63,39.92],[23.67,39.96],[23.43,40.12],[23.39,40.22],[23.43,40.26],[23.66,40.22],[23.84,40.02],[23.95,39.97],[24.0,40.02],[23.97,40.11],[23.72,40.29],[23.73,40.33],[23.82,40.37],[23.91,40.36],[24.16,40.28],[24.34,40.15],[24.21,40.33],[24.03,40.41],[23.87,40.42],[23.83,40.48],[23.88,40.54],[23.74,40.68],[23.76,40.75],[24.08,40.72],[24.23,40.79],[24.38,40.91],[24.48,40.95],[24.79,40.86],[25.1,40.99],[25.25,40.93],[25.33,40.94],[25.5,40.89],[25.86,40.84],[26.01,40.77],[26.11,40.61],[26.79,40.63],[26.72,40.54],[26.45,40.45],[26.25,40.31],[26.26,40.2],[26.2,40.08],[26.33,40.12],[26.77,40.5],[27.26,40.69],[27.43,40.84],[27.5,40.97],[27.75,41.01],[27.93,40.99],[28.17,41.08],[28.78,40.97],[28.96,41.01],[29.06,41.23],[28.35,41.47],[28.2,41.55],[28.05,41.73],[27.99,41.85],[28.01,41.97],[27.98,42.05],[27.71,42.35],[27.48,42.47],[27.75,42.71],[27.89,42.75],[27.93,43.19],[28.13,43.4],[28.32,43.43],[28.47,43.39],[28.56,43.5],[28.59,43.8],[28.66,43.98],[28.65,44.3],[28.89,44.57],[28.81,44.57],[28.85,44.72],[28.93,44.81],[28.89,44.92],[28.93,44.97],[28.98,44.99],[29.1,44.98],[29.05,44.93],[29.08,44.8],[29.05,44.76],[29.56,44.84],[29.64,44.98],[29.73,45.34],[29.67,45.54],[29.6,45.6],[29.63,45.72],[29.69,45.75],[29.82,45.73],[30.22,45.87],[30.51,46.11],[30.66,46.27],[30.8,46.55],[31.14,46.62],[31.4,46.63],[31.56,46.78],[31.53,46.66],[31.78,46.63],[31.87,46.65],[31.91,46.93],[31.76,47.21],[31.84,47.16],[31.94,46.98],[31.96,46.85],[31.94,46.78],[32.04,46.64],[32.13,46.6],[32.35,46.56],[32.58,46.62],[32.36,46.47],[31.55,46.55],[31.71,46.47],[32.01,46.43],[31.99,46.36],[31.78,46.32],[31.83,46.28],[32.04,46.26],[32.48,46.08],[33.2,46.18],[33.43,46.06],[33.59,46.1],[33.66,45.95],[33.28,45.77],[33.14,45.75],[32.51,45.4],[32.61,45.33],[32.77,45.36],[32.92,45.35],[33.19,45.19],[33.26,45.17],[33.39,45.19],[33.56,45.1],[33.61,44.91],[33.45,44.55],[33.66,44.43],[33.91,44.39],[34.07,44.42],[34.28,44.54],[34.47,44.72],[34.72,44.81],[35.09,44.8],[35.15,44.9],[35.36,44.98],[35.47,45.1],[35.68,45.1],[35.87,45.01],[36.23,45.03],[36.39,45.07],[36.45,45.23],[36.58,45.39],[36.29,45.46],[36.17,45.45],[36.01,45.37],[35.83,45.4],[35.56,45.31],[35.46,45.32],[35.26,45.45],[35.02,45.7],[34.86,45.99],[34.85,46.19],[35.06,46.27],[35.23,46.44],[35.29,46.37],[35.28,46.28],[35.01,46.11],[35.06,46.1],[35.26,46.2],[35.4,46.38],[35.83,46.62],[36.02,46.67],[36.28,46.66],[36.56,46.76],[36.69,46.76],[36.79,46.71],[37.05,46.88],[37.34,46.92],[37.54,47.07],[38.18,47.08],[38.48,47.18],[38.58,47.24],[38.76,47.26],[38.55,47.15],[38.67,47.14],[38.93,47.18],[39.02,47.27],[39.2,47.27],[39.29,47.11],[39.27,47.04],[38.44,46.81],[38.5,46.66],[38.23,46.7],[37.97,46.62],[37.77,46.64],[37.91,46.41],[38.08,46.39],[38.49,46.09],[38.18,46.09],[38.08,45.93],[38.07,46.02],[38.01,46.05],[37.93,46.0],[37.84,45.8],[37.67,45.65],[37.61,45.56],[37.61,45.5],[37.67,45.49],[37.65,45.38],[37.26,45.31],[37.21,45.27],[36.87,45.43],[36.72,45.37],[36.94,45.29],[36.62,45.19],[36.63,45.15],[37.2,44.97],[37.35,44.79],[37.5,44.7],[37.7,44.66],[37.85,44.7],[38.18,44.42],[38.72,44.29],[39.33,43.9],[39.87,43.47],[40.46,43.15],[40.84,43.06],[41.06,42.93],[41.13,42.83],[41.42,42.74],[41.49,42.66],[41.66,42.15],[41.76,41.97],[41.76,41.82],[41.7,41.71],[41.41,41.42],[41.08,41.26],[40.82,41.19],[40.69,41.11],[40.27,40.96],[40.13,40.94],[39.81,40.98],[39.43,41.11],[38.38,40.92],[37.91,41.0],[37.77,41.08],[37.07,41.18],[36.99,41.28],[36.78,41.36],[36.65,41.35],[36.51,41.26],[36.41,41.27],[36.18,41.43],[36.05,41.68],[35.92,41.71],[35.56,41.63],[35.3,41.73],[35.12,41.89],[35.11,41.96],[35.15,42.03],[35.01,42.06],[34.75,41.96],[33.38,42.02],[32.31,41.73],[32.09,41.59],[31.46,41.32],[31.35,41.16],[31.25,41.11],[30.81,41.08],[30.34,41.2],[29.92,41.15],[29.32,41.23],[29.15,41.22],[29.09,41.18],[29.05,41.01],[29.11,40.94],[29.36,40.81],[29.85,40.76],[29.84,40.74],[28.96,40.63],[28.79,40.53],[29.06,40.42],[29.01,40.39],[28.63,40.38],[28.29,40.4],[27.96,40.37],[27.93,40.38],[27.99,40.49],[27.87,40.51],[27.73,40.48],[27.85,40.38],[27.73,40.33],[27.48,40.32],[27.33,40.38],[27.28,40.46],[27.12,40.45],[27.01,40.4],[26.74,40.4],[26.48,40.2],[26.31,40.02],[26.18,39.99],[26.15,39.87],[26.15,39.66],[26.1,39.57],[26.11,39.47],[26.83,39.56],[26.9,39.55],[26.91,39.52],[26.68,39.29],[26.85,39.12],[26.81,38.96],[27.01,38.89],[26.91,38.78],[26.76,38.71],[26.91,38.48],[26.97,38.45],[27.14,38.45],[27.1,38.42],[26.86,38.37],[26.73,38.42],[26.67,38.34],[26.6,38.42],[26.59,38.56],[26.51,38.63],[26.44,38.64],[26.38,38.62],[26.37,38.56],[26.43,38.44],[26.42,38.37],[26.34,38.37],[26.29,38.28],[26.58,38.15],[26.68,38.2],[26.81,38.14],[26.88,38.05],[26.94,38.06],[27.23,37.98],[27.25,37.88],[27.22,37.73],[27.08,37.69],[27.07,37.66],[27.15,37.6],[27.22,37.39],[27.38,37.34],[27.52,37.25],[27.54,37.16],[27.3,37.13],[27.25,37.08],[27.26,36.98],[27.35,37.02],[28.24,37.03],[28.01,36.83],[27.47,36.75],[27.45,36.71],[27.54,36.68],[27.66,36.67],[27.8,36.74],[28.08,36.75],[28.01,36.67],[28.02,36.63],[28.11,36.65],[28.2,36.69],[28.3,36.81],[28.48,36.8],[28.82,36.68],[28.9,36.67],[28.97,36.72],[29.04,36.69],[29.14,36.4],[29.22,36.32],[29.69,36.16],[30.23,36.31],[30.39,36.24],[30.45,36.27],[30.56,36.53],[30.58,36.8],[30.64,36.87],[31.24,36.82],[32.02,36.54],[32.38,36.18],[32.53,36.1],[32.79,36.04],[32.93,36.1],[33.69,36.18],[33.95,36.3],[34.3,36.6],[34.7,36.82],[35.39,36.58],[35.54,36.6],[35.63,36.65],[35.66,36.72],[36.05,36.91],[36.18,36.81],[36.19,36.66],[35.88,36.41],[35.81,36.31],[35.96,36.0],[35.84,35.85],[35.76,35.57],[35.9,35.42],[35.94,35.22],[35.89,34.95],[35.98,34.55],[35.8,34.44],[35.65,34.25],[35.61,34.03],[35.11,33.08],[34.68,31.9],[34.48,31.59],[34.18,31.3],[33.9,31.18],[33.67,31.13],[33.38,31.13],[33.19,31.08],[33.13,31.17],[32.6,31.07],[32.25,31.29],[32.22,31.29],[32.28,31.2],[32.21,31.12],[32.1,31.09],[32.01,31.22],[31.77,31.29],[31.88,31.41],[31.89,31.48],[32.08,31.34],[32.14,31.34],[31.89,31.54],[31.61,31.46],[31.52,31.46],[31.08,31.6],[31.05,31.59],[31.0,31.46],[30.7,31.4],[30.56,31.42],[30.88,31.52],[30.92,31.57],[30.57,31.47],[30.4,31.46],[30.22,31.26],[30.05,31.27],[29.93,31.23],[29.43,30.93],[29.07,30.83],[28.51,31.05],[27.97,31.1],[27.83,31.2],[27.54,31.21],[27.25,31.38],[26.77,31.47],[25.89,31.62],[25.38,31.51],[25.23,31.53],[25.02,31.88],[24.88,31.98],[24.68,32.02],[24.13,32.01],[23.8,32.16],[23.29,32.21],[23.11,32.33],[23.13,32.45],[23.09,32.62],[22.19,32.92],[21.84,32.91],[21.72,32.94],[21.64,32.94],[21.42,32.8],[21.06,32.78],[20.62,32.58],[20.37,32.43],[20.12,32.22],[19.97,32.0],[19.93,31.82],[19.96,31.56],[20.14,31.2],[20.15,31.08],[20.01,30.8],[19.71,30.49],[19.59,30.41],[19.29,30.29],[19.12,30.27],[18.94,30.29],[18.67,30.42],[18.19,30.78],[17.95,30.85],[17.83,30.93],[17.35,31.08],[16.78,31.21],[16.12,31.26],[15.71,31.43],[15.5,31.66],[15.36,31.97],[15.36,32.16],[15.27,32.31],[15.18,32.39],[14.51,32.51],[14.16,32.71],[13.84,32.79],[13.54,32.82],[13.28,32.91],[12.75,32.8],[12.28,32.86],[11.81,33.09],[11.66,33.12],[11.4,33.22],[11.34,33.21],[11.2,33.25],[11.27,33.29],[11.26,33.31],[11.15,33.37],[11.08,33.56],[10.96,33.63],[10.9,33.53],[10.72,33.51],[10.71,33.69],[10.45,33.66],[10.31,33.73],[10.16,33.85],[10.05,34.06],[10.06,34.21],[10.2,34.35],[10.53,34.54],[10.69,34.68],[11.12,35.24],[11.04,35.34],[11.0,35.63],[10.69,35.8],[10.59,35.89],[10.51,36.03],[10.49,36.25],[10.64,36.42],[10.8,36.49],[10.97,36.74],[11.13,36.87],[11.05,37.07],[10.95,37.06],[10.77,36.93],[10.57,36.88],[10.52,36.79],[10.41,36.73],[10.29,36.78],[10.33,36.87],[10.19,37.03],[10.2,37.21],[10.09,37.25],[9.88,37.25],[9.9,37.18],[9.83,37.14],[9.78,37.21],[9.84,37.31],[9.69,37.34],[9.14,37.19],[8.82,37.0],[8.58,36.94],[8.13,36.91],[7.91,36.86],[7.79,36.88],[7.61,37.0],[7.43,37.06],[7.2,37.09],[7.24,36.97],[6.93,36.92],[6.58,37.0],[6.49,37.09],[6.33,37.05],[6.25,36.94],[6.06,36.86],[5.73,36.8],[5.3,36.65],[4.76,36.9],[3.78,36.9],[3.52,36.8],[2.97,36.78],[2.59,36.6],[2.34,36.61],[1.26,36.52],[0.97,36.44],[0.31,36.16],[0.15,36.06],[0.05,35.9],[-0.05,35.83],[-0.19,35.82],[-0.43,35.86],[-0.92,35.67],[-1.21,35.5],[-1.34,35.36],[-1.67,35.18],[-1.91,35.09],[-2.84,35.13],[-2.95,35.32],[-2.97,35.41],[-3.06,35.32],[-3.21,35.24],[-3.39,35.21],[-3.59,35.23],[-3.69,35.28],[-4.33,35.16],[-4.63,35.21],[-4.84,35.28],[-5.11,35.47],[-5.25,35.61],[-5.34,35.75],[-5.34,35.86],[-5.28,35.9],[-5.4,35.93],[-5.62,35.83],[-5.92,35.79],[-6.35,34.78],[-6.76,34.13],[-6.9,33.97],[-7.56,33.64],[-8.3,33.37],[-8.51,33.25],[-8.84,32.92],[-9.25,32.57],[-9.29,32.24],[-9.35,32.09],[-9.67,31.71],[-9.81,31.42],[-9.83,30.85],[-9.88,30.72],[-9.85,30.64],[-9.77,30.6],[-9.65,30.45],[-9.62,30.35],[-9.67,30.11],[-9.74,29.96],[-10.2,29.38],[-10.49,29.06],[-11.08,28.71],[-11.43,28.38],[-11.55,28.31],[-11.99,28.13],[-12.47,28.01],[-12.79,27.98],[-12.95,27.91],[-13.04,27.77],[-13.18,27.66],[-13.58,26.74],[-13.95,26.49],[-14.17,26.42],[-14.41,26.25],[-14.47,26.16],[-14.52,25.93],[-14.79,25.4],[-14.84,25.22],[-14.86,24.87],[-14.9,24.72],[-15.04,24.55],[-15.19,24.48],[-15.59,24.07],[-15.9,23.84],[-15.98,23.67],[-15.8,23.84],[-15.79,23.79],[-16.21,23.1],[-16.17,23.03],[-16.2,22.95],[-16.3,22.83],[-16.36,22.59],[-16.51,22.33],[-16.68,22.27],[-16.79,22.16],[-16.93,21.9],[-17.1,20.86],[-17.05,20.81],[-17.0,21.04],[-16.93,21.11],[-16.88,21.09],[-16.62,20.63],[-16.56,20.6],[-16.53,20.71],[-16.43,20.65],[-16.33,20.42],[-16.21,20.23],[-16.28,19.79],[-16.44,19.47],[-16.31,19.51],[-16.37,19.41],[-16.51,19.36],[-16.48,19.29],[-16.31,19.15],[-16.21,19.0],[-16.08,18.52],[-16.03,17.89],[-16.08,17.55],[-16.46,16.6],[-16.54,16.29],[-16.54,15.84],[-16.57,15.73],[-16.84,15.29],[-17.15,14.92],[-17.54,14.76],[-17.45,14.65],[-17.42,14.72],[-17.35,14.73],[-17.17,14.64],[-17.08,14.48],[-16.97,14.4],[-16.8,14.09],[-16.79,14.0],[-16.62,14.04],[-16.77,13.9],[-16.75,13.84],[-16.59,13.69],[-16.53,13.46],[-16.44,13.35],[-16.35,13.34],[-16.14,13.45],[-15.57,13.5],[-15.43,13.47],[-16.16,13.38],[-16.19,13.28],[-16.41,13.27],[-16.56,13.3],[-16.61,13.44],[-16.67,13.47],[-16.75,13.43],[-16.82,13.34],[-16.77,13.15],[-16.77,12.63],[-16.74,12.59],[-16.7,12.6],[-16.6,12.72],[-16.44,12.61],[-16.45,12.58],[-16.55,12.6],[-16.68,12.56],[-16.76,12.53],[-16.78,12.47],[-16.71,12.35],[-16.44,12.2],[-16.24,12.24],[-16.32,12.14],[-16.33,12.05],[-16.27,11.98],[-16.14,11.92],[-15.96,11.96],[-15.92,11.94],[-15.94,11.79],[-15.82,11.76],[-15.65,11.82],[-15.43,11.94],[-15.19,11.93],[-15.08,11.97],[-15.1,11.91],[-15.21,11.87],[-15.42,11.87],[-15.5,11.78],[-15.5,11.72],[-15.41,11.62],[-15.23,11.69],[-15.12,11.66],[-15.07,11.6],[-15.25,11.57],[-15.43,11.5],[-15.48,11.41],[-15.35,11.38],[-15.39,11.33],[-15.39,11.22],[-15.32,11.15],[-15.22,11.16],[-15.22,11.03],[-15.18,11.03],[-15.1,11.14],[-15.05,11.14],[-15.09,11.01],[-15.04,10.94],[-15.05,10.83],[-15.01,10.8],[-14.97,10.8],[-14.92,10.94],[-14.89,10.97],[-14.78,10.93],[-14.68,10.69],[-14.59,10.77],[-14.61,10.55],[-14.43,10.25],[-14.17,10.13],[-14.05,10.14],[-14.02,10.05],[-13.95,9.97],[-13.82,9.89],[-13.75,9.87],[-13.69,9.93],[-13.66,9.64],[-13.69,9.54],[-13.57,9.54],[-13.44,9.42],[-13.4,9.31],[-13.27,9.17],[-13.3,9.08],[-13.27,8.99],[-13.15,8.9],[-13.06,8.88],[-13.07,8.86],[-13.21,8.84],[-13.23,8.7],[-13.18,8.58],[-13.09,8.63],[-12.95,8.62],[-12.9,8.66],[-12.89,8.63],[-13.09,8.42],[-13.26,8.49],[-13.27,8.43],[-13.15,8.21],[-13.02,8.2],[-12.96,8.15],[-12.85,7.82],[-12.7,7.72],[-12.57,7.7],[-12.48,7.75],[-12.51,7.67],[-12.43,7.55],[-12.49,7.39],[-11.73,7.09],[-11.29,6.69],[-10.85,6.47],[-10.79,6.31],[-10.6,6.21],[-10.42,6.17],[-10.28,6.08],[-9.37,5.24],[-9.13,5.05],[-8.26,4.59],[-7.66,4.37],[-7.54,4.35],[-7.43,4.38],[-6.85,4.67],[-5.91,5.01],[-5.56,5.09],[-5.06,5.13],[-5.1,5.16],[-5.37,5.15],[-5.28,5.21],[-5.02,5.2],[-4.97,5.15],[-4.9,5.14],[-4.04,5.23],[-4.12,5.26],[-4.61,5.24],[-4.55,5.28],[-4.12,5.31],[-3.98,5.29],[-3.87,5.22],[-3.35,5.13],[-3.24,5.34],[-3.2,5.35],[-3.15,5.35],[-3.17,5.2],[-3.02,5.13],[-3.21,5.15],[-3.25,5.11],[-2.4,4.93],[-2.09,4.76],[-2.0,4.76],[-1.5,5.04],[-1.06,5.18],[-0.8,5.23],[-0.35,5.5],[-0.13,5.57],[0.26,5.76],[0.75,5.76],[0.95,5.81],[1.11,6.05],[1.31,6.15],[2.29,6.33],[3.34,6.4],[3.43,6.53],[3.72,6.6],[3.75,6.58],[3.45,6.43],[4.13,6.41],[4.43,6.35],[4.86,6.03],[5.09,5.77],[5.11,5.64],[5.17,5.6],[5.28,5.64],[5.33,5.71],[5.35,5.62],[5.46,5.61],[5.39,5.57],[5.22,5.57],[5.2,5.53],[5.23,5.48],[5.39,5.4],[5.55,5.47],[5.5,5.38],[5.37,5.34],[5.37,5.2],[5.48,5.15],[5.45,5.13],[5.38,5.13],[5.49,4.84],[5.59,4.65],[5.8,4.46],[6.08,4.29],[6.21,4.29],[6.21,4.39],[6.27,4.43],[6.26,4.31],[6.55,4.34],[6.58,4.48],[6.63,4.34],[6.86,4.37],[6.79,4.47],[6.77,4.72],[6.82,4.65],[6.87,4.44],[6.92,4.39],[7.01,4.4],[7.15,4.51],[7.16,4.62],[7.08,4.72],[7.28,4.55],[7.46,4.56],[7.53,4.66],[7.57,4.56],[7.64,4.53],[8.29,4.56],[8.33,4.66],[8.23,4.91],[8.25,4.92],[8.34,4.82],[8.39,4.81],[8.43,4.75],[8.51,4.72],[8.57,4.75],[8.53,4.61],[8.57,4.53],[8.66,4.52],[8.69,4.55],[8.66,4.67],[8.76,4.58],[8.92,4.55],[8.91,4.36],[8.98,4.23],[9.0,4.09],[9.25,4.0],[9.31,3.94],[9.43,3.92],[9.5,4.0],[9.48,4.07],[9.55,4.03],[9.6,4.03],[9.67,4.08],[9.69,4.06],[9.64,3.97],[9.74,3.85],[9.63,3.87],[9.56,3.8],[9.64,3.61],[9.77,3.62],[9.67,3.54],[9.88,3.31],[9.95,3.08],[9.89,2.92],[9.82,2.54],[9.78,2.07],[9.81,1.93],[9.63,1.57],[9.49,1.44],[9.39,1.14],[9.51,1.11],[9.6,1.05],[9.58,0.99],[9.63,0.78],[9.62,0.58],[9.56,0.59],[9.54,0.66],[9.5,0.66],[9.33,0.61],[9.32,0.55],[9.55,0.3],[9.78,0.19],[9.94,0.22],[10.0,0.19],[9.81,0.13],[9.8,0.04],[9.57,0.15],[9.47,0.16],[9.41,0.2],[9.35,0.34],[9.3,0.29],[9.34,-0.06],[9.3,-0.35],[9.14,-0.57],[9.08,-0.62],[9.0,-0.63],[8.95,-0.69],[8.82,-0.71],[8.76,-0.61],[8.7,-0.59],[8.84,-0.91],[9.06,-1.3],[9.2,-1.38],[9.35,-1.32],[9.28,-1.48],[9.3,-1.52],[9.33,-1.53],[9.45,-1.51],[9.5,-1.56],[9.52,-1.6],[9.32,-1.63],[9.04,-1.31],[9.26,-1.73],[9.27,-1.83],[9.48,-1.89],[9.48,-1.96],[9.34,-1.89],[9.3,-1.9],[9.53,-2.16],[9.62,-2.37],[9.68,-2.42],[9.86,-2.44],[10.06,-2.55],[10.0,-2.59],[9.72,-2.47],[9.76,-2.52],[10.35,-3.01],[10.59,-3.28],[10.64,-3.4],[10.95,-3.66],[11.03,-3.83],[11.78,-4.57],[11.78,-4.68],[11.82,-4.76],[12.04,-5.04],[12.18,-5.32],[12.21,-5.47],[12.16,-5.63],[12.24,-5.81],[12.45,-6.0],[12.68,-5.96],[12.86,-5.85],[13.0,-5.84],[13.07,-5.86],[12.79,-6.0],[12.3,-6.09],[12.28,-6.12],[12.52,-6.59],[12.82,-6.95],[12.86,-7.23],[13.38,-8.37],[13.36,-8.69],[13.05,-9.01],[13.09,-8.9],[13.05,-8.92],[13.0,-8.99],[13.0,-9.05],[13.16,-9.39],[13.21,-9.7],[13.29,-9.83],[13.33,-10.0],[13.5,-10.26],[13.54,-10.42],[13.72,-10.63],[13.74,-10.76],[13.83,-10.93],[13.85,-11.05],[13.78,-11.49],[13.79,-11.81],[13.69,-12.12],[13.42,-12.52],[12.98,-12.78],[12.9,-13.03],[12.55,-13.44],[12.5,-13.76],[12.38,-14.04],[12.28,-14.64],[12.07,-15.25],[12.02,-15.51],[11.9,-15.72],[11.75,-15.83],[11.8,-15.99],[11.82,-16.5],[11.72,-17.47],[11.78,-18.0],[11.95,-18.27],[12.04,-18.47],[12.33,-18.75],[12.46,-18.93],[13.04,-20.03],[13.17,-20.18],[13.45,-20.92],[13.84,-21.47],[13.97,-21.77],[14.32,-22.19],[14.46,-22.45],[14.53,-22.7],[14.52,-22.81],[14.5,-22.92],[14.44,-22.88],[14.4,-22.97],[14.47,-23.28],[14.5,-24.2],[14.63,-24.55],[14.77,-24.79],[14.84,-25.03],[14.82,-25.25],[14.86,-25.53],[14.85,-25.73],[14.93,-25.96],[14.97,-26.32],[15.1,-26.43],[15.14,-26.51],[15.16,-26.6],[15.12,-26.67],[15.13,-26.79],[15.29,-27.27],[15.72,-27.97],[15.89,-28.15],[16.48,-28.64],[16.74,-29.01],[16.95,-29.4],[17.19,-30.1],[17.35,-30.44],[17.68,-31.02],[18.21,-31.74],[18.31,-32.12],[18.33,-32.5],[18.25,-32.65],[18.12,-32.75],[18.04,-32.78],[17.97,-32.71],[17.9,-32.75],[17.85,-32.83],[17.88,-32.96],[17.96,-33.05],[17.99,-33.15],[18.07,-33.21],[18.16,-33.36],[18.26,-33.42],[18.43,-33.72],[18.47,-33.89],[18.35,-33.94],[18.33,-34.07],[18.35,-34.19],[18.46,-34.35],[18.46,-34.17],[18.5,-34.11],[18.61,-34.08],[18.75,-34.08],[18.81,-34.11],[18.83,-34.36],[19.1,-34.35],[19.15,-34.42],[19.24,-34.41],[19.33,-34.49],[19.3,-34.62],[19.39,-34.61],[19.63,-34.75],[20.02,-34.79],[20.53,-34.46],[20.77,-34.44],[20.99,-34.37],[21.35,-34.41],[21.79,-34.37],[22.25,-34.07],[22.55,-34.01],[23.27,-34.08],[23.59,-33.99],[23.7,-33.99],[24.18,-34.06],[24.6,-34.17],[24.83,-34.17],[25.0,-33.97],[25.17,-33.96],[25.57,-34.04],[25.64,-34.01],[25.65,-33.85],[25.81,-33.74],[25.99,-33.71],[26.43,-33.76],[27.08,-33.52],[27.36,-33.36],[27.86,-33.05],[28.21,-32.77],[28.45,-32.62],[28.86,-32.29],[29.48,-31.67],[29.97,-31.32],[30.29,-30.97],[30.47,-30.71],[30.88,-30.07],[31.02,-29.9],[31.17,-29.59],[31.34,-29.38],[31.78,-28.94],[32.03,-28.84],[32.29,-28.62],[32.53,-28.2],[32.66,-27.61],[32.85,-27.08],[32.89,-26.83],[32.95,-26.08],[32.92,-26.09],[32.85,-26.27],[32.7,-26.16],[32.59,-26.0],[32.72,-25.82],[32.79,-25.64],[32.96,-25.49],[33.35,-25.26],[33.84,-25.07],[34.61,-24.82],[34.99,-24.65],[35.16,-24.54],[35.44,-24.17],[35.54,-23.82],[35.52,-23.78],[35.49,-23.78],[35.46,-23.85],[35.37,-23.8],[35.49,-23.19],[35.58,-22.96],[35.49,-22.66],[35.54,-22.3],[35.49,-22.12],[35.46,-22.12],[35.42,-22.18],[35.38,-22.45],[35.32,-22.4],[35.33,-22.04],[35.27,-21.65],[35.13,-21.4],[35.12,-21.2],[34.98,-20.81],[34.71,-20.47],[34.76,-19.82],[34.65,-19.7],[34.72,-19.71],[34.85,-19.82],[34.95,-19.81],[35.37,-19.49],[35.65,-19.16],[35.85,-18.99],[36.12,-18.84],[36.24,-18.86],[36.26,-18.72],[36.33,-18.79],[36.4,-18.77],[36.41,-18.69],[36.54,-18.52],[36.9,-18.13],[36.94,-17.99],[37.24,-17.74],[37.51,-17.57],[37.84,-17.39],[38.05,-17.32],[38.14,-17.24],[38.67,-17.05],[38.88,-17.04],[39.08,-16.97],[39.24,-16.79],[39.84,-16.44],[39.79,-16.29],[39.98,-16.23],[40.1,-16.07],[40.11,-15.98],[40.56,-15.47],[40.65,-15.26],[40.62,-15.12],[40.69,-15.07],[40.7,-14.93],[40.84,-14.79],[40.84,-14.72],[40.82,-14.47],[40.77,-14.42],[40.73,-14.42],[40.65,-14.54],[40.64,-14.39],[40.71,-14.29],[40.72,-14.21],[40.6,-14.17],[40.6,-14.12],[40.55,-13.46],[40.58,-13.37],[40.55,-13.29],[40.57,-12.98],[40.44,-12.98],[40.45,-12.9],[40.55,-12.82],[40.58,-12.64],[40.55,-12.53],[40.49,-12.49],[40.52,-12.39],[40.5,-12.12],[40.53,-12.0],[40.43,-11.66],[40.47,-11.45],[40.4,-11.33],[40.54,-11.07],[40.51,-11.0],[40.52,-10.93],[40.6,-10.83],[40.49,-10.77],[40.61,-10.66],[40.52,-10.57],[40.39,-10.35],[40.08,-10.16],[39.98,-10.16],[39.86,-10.02],[39.73,-10.0],[39.78,-9.91],[39.63,-9.41],[39.64,-9.19],[39.45,-8.94],[39.49,-8.86],[39.38,-8.72],[39.3,-8.44],[39.34,-8.24],[39.44,-8.01],[39.43,-7.81],[39.33,-7.75],[39.29,-7.79],[39.29,-7.52],[39.35,-7.34],[39.52,-7.12],[39.55,-7.02],[39.47,-6.88],[39.29,-6.81],[39.13,-6.56],[38.98,-6.46],[38.87,-6.33],[38.8,-6.07],[38.82,-5.88],[38.98,-5.52],[39.23,-4.67],[39.29,-4.61],[39.38,-4.63],[39.49,-4.48],[39.82,-3.79],[39.86,-3.58],[39.99,-3.35],[40.12,-3.25],[40.19,-3.02],[40.18,-2.82],[40.22,-2.69],[40.28,-2.63],[40.4,-2.56],[40.64,-2.54],[40.81,-2.39],[40.82,-2.34],[40.9,-2.27],[40.92,-2.19],[40.89,-2.02],[40.95,-2.06],[41.0,-1.95],[41.11,-1.98],[41.27,-1.95],[41.39,-1.87],[41.73,-1.43],[41.98,-0.97],[42.22,-0.74],[42.56,-0.32],[43.72,0.86],[44.33,1.39],[44.92,1.81],[45.83,2.31],[46.05,2.48],[46.88,3.29],[47.98,4.5],[48.23,4.95],[48.65,5.49],[49.05,6.17],[49.09,6.41],[49.23,6.78],[49.67,7.47],[49.85,7.96],[50.1,8.2],[50.29,8.51],[50.43,8.85],[50.64,9.11],[50.69,9.24],[50.83,9.43],[50.83,9.71],[50.93,10.34],[51.21,10.43],[51.38,10.39],[51.39,10.42],[51.37,10.48],[51.19,10.55],[51.19,10.48],[51.03,10.44],[51.09,10.49],[51.14,10.66],[51.08,11.34],[51.22,11.66],[51.25,11.83],[50.79,11.98],[50.64,11.94],[50.47,11.73],[50.11,11.53],[49.64,11.45],[49.39,11.34],[49.06,11.27],[48.9,11.25],[48.67,11.32],[48.57,11.32],[48.02,11.14],[47.71,11.11],[47.4,11.17],[47.23,11.1],[46.97,10.93],[46.57,10.75],[46.46,10.73],[45.82,10.84],[45.34,10.65],[44.94,10.44],[44.39,10.43],[44.28,10.47],[43.85,10.78],[43.63,11.04],[43.44,11.35],[43.16,11.57],[42.91,11.59],[42.54,11.5],[42.52,11.57],[42.64,11.56],[42.8,11.74],[43.05,11.83],[43.34,12.03],[43.41,12.19],[43.35,12.37],[43.13,12.66],[43.08,12.82],[43.0,12.9],[42.97,12.81],[42.8,12.86],[42.73,13.02],[42.52,13.22],[42.4,13.21],[42.35,13.4],[42.25,13.59],[41.66,13.98],[41.18,14.62],[40.8,14.74],[40.55,14.93],[40.2,15.01],[40.08,15.15],[40.04,15.33],[39.86,15.47],[39.81,15.41],[39.79,15.32],[39.82,15.2],[39.79,15.12],[39.72,15.21],[39.63,15.45],[39.58,15.52],[39.51,15.53],[39.42,15.79],[39.3,15.92],[39.22,16.19],[39.14,16.73],[38.91,17.43],[38.57,18.07],[38.33,18.22],[38.28,18.29],[38.2,18.25],[37.92,18.56],[37.73,18.69],[37.53,18.75],[37.47,18.82],[37.36,19.09],[37.25,19.58],[37.26,19.79],[37.19,20.12],[37.19,20.39],[37.23,20.56],[37.14,20.98],[37.15,21.1],[37.26,21.04],[37.26,21.11],[37.08,21.33],[36.93,21.59],[36.88,21.77],[36.87,22.02],[36.83,22.1],[36.41,22.39],[36.23,22.63],[35.91,22.74],[35.7,22.95],[35.52,23.44],[35.5,23.78],[35.54,23.92],[35.63,23.95],[35.78,23.94],[35.48,24.15],[35.19,24.48],[34.57,25.69],[34.33,26.02],[34.05,26.55],[33.96,26.65],[33.85,27.18],[33.8,27.27],[33.7,27.34],[33.55,27.61],[33.55,27.9],[33.49,27.97],[33.2,28.21],[32.9,28.57],[32.78,28.79],[32.66,28.93],[32.6,29.32],[32.4,29.53],[32.36,29.63],[32.49,29.85],[32.47,29.93],[32.57,29.97],[32.72,29.52],[32.87,29.29],[33.13,28.98],[33.25,28.57],[33.59,28.26],[33.76,28.05],[34.05,27.83],[34.22,27.76],[34.4,28.02],[34.45,28.36],[34.62,28.76],[34.74,29.27],[34.97,29.56],[34.98,29.48],[34.8,28.72],[34.78,28.51],[34.62,28.15],[34.62,28.06],[34.72,28.13],[35.08,28.09],[35.18,28.03],[35.42,27.73],[35.58,27.43],[35.76,27.26],[35.85,27.07],[36.25,26.59],[36.52,26.1],[36.68,26.04],[36.76,25.75],[36.92,25.64],[37.15,25.29],[37.27,24.96],[37.18,24.82],[37.54,24.29],[37.71,24.27],[37.82,24.19],[37.92,24.19],[38.29,23.91],[38.46,23.71],[38.71,23.31],[38.8,23.05],[38.94,22.88],[38.88,22.88],[38.94,22.8],[39.01,22.77],[39.0,22.7],[39.06,22.59],[39.1,22.39],[39.03,22.2],[38.99,21.88],[39.15,21.52],[39.15,21.43],[39.09,21.31],[39.28,20.97],[39.49,20.74],[39.61,20.52],[39.73,20.39],[39.88,20.29],[40.08,20.27],[40.48,19.99],[40.62,19.82],[40.76,19.76],[40.79,19.65],[40.91,19.49],[41.12,19.08],[41.23,18.68],[41.43,18.45],[41.51,18.26],[41.66,18.01],[41.75,17.89],[42.05,17.67],[42.29,17.43],[42.38,17.12],[42.54,16.96],[42.55,16.87],[42.7,16.74],[42.73,16.57],[42.79,16.45],[42.84,16.03],[42.72,15.65],[42.8,15.33],[42.79,15.27],[42.7,15.33],[42.66,15.23],[42.86,15.13],[42.94,14.94],[42.92,14.82],[43.02,14.55],[43.01,14.48],[43.09,14.2],[43.09,14.01],[43.23,13.86],[43.28,13.69],[43.23,13.27],[43.48,12.84],[43.49,12.7],[43.63,12.74],[43.93,12.62],[44.36,12.67],[44.62,12.82],[44.76,12.76],[45.04,12.82],[45.16,13.0],[45.39,13.07],[45.66,13.34],[45.92,13.39],[46.5,13.42],[46.79,13.47],[46.98,13.55],[47.41,13.66],[47.63,13.86],[47.99,14.05],[48.28,14.0],[48.67,14.05],[48.93,14.27],[49.05,14.46],[49.35,14.64],[49.91,14.83],[50.17,14.85],[50.53,15.04],[51.32,15.23],[51.6,15.34],[51.75,15.44],[52.22,15.66],[52.17,15.96],[52.24,16.17],[52.33,16.29],[52.58,16.47],[53.3,16.72],[53.61,16.76],[53.95,16.92],[54.07,17.01],[54.57,17.03],[54.77,16.96],[55.06,17.04],[55.28,17.32],[55.3,17.38],[55.24,17.5],[55.26,17.59],[55.48,17.84],[55.61,17.89],[56.27,17.95],[56.38,17.99],[56.55,18.17],[56.66,18.59],[56.83,18.75],[57.18,18.9],[57.68,18.96],[57.81,19.02],[57.71,19.68],[57.86,20.24],[58.1,20.57],[58.17,20.59],[58.25,20.6],[58.21,20.42],[58.35,20.39],[58.47,20.41],[58.9,21.11],[59.07,21.29],[59.37,21.5],[59.52,21.78],[59.65,21.95],[59.82,22.31],[59.82,22.51],[59.54,22.58],[59.43,22.66],[59.19,22.97],[59.03,23.13],[58.77,23.52],[58.58,23.64],[58.32,23.62],[58.12,23.72],[57.61,23.8],[57.22,23.92],[56.91,24.15],[56.64,24.47],[56.49,24.72],[56.37,25.02],[56.36,25.57],[56.3,25.65],[56.37,25.8],[56.42,26.11],[56.41,26.35],[56.38,26.36],[56.31,26.24],[56.16,26.21],[55.94,25.79],[55.52,25.5],[55.1,25.04],[54.75,24.81],[54.53,24.53],[54.4,24.28],[54.15,24.17],[53.8,24.07],[53.03,24.15],[52.65,24.15],[52.25,24.0],[52.12,23.97],[51.84,24.01],[51.79,24.07],[51.77,24.25],[51.66,24.25],[51.61,24.34],[51.57,24.29],[51.53,24.29],[51.31,24.34],[51.42,24.53],[51.41,24.57],[51.34,24.56],[51.27,24.61],[51.43,24.67],[51.61,25.05],[51.49,25.52],[51.57,25.78],[51.54,25.9],[51.39,26.01],[51.26,26.15],[51.11,26.08],[51.0,25.98],[50.87,25.61],[50.75,25.4],[50.85,24.89],[50.8,24.79],[50.73,24.87],[50.56,25.09],[50.46,25.42],[50.24,25.62],[50.03,26.11],[50.16,26.1],[50.21,26.31],[50.18,26.4],[50.03,26.53],[50.01,26.68],[50.03,26.7],[50.15,26.66],[49.99,26.83],[49.72,26.96],[49.54,27.15],[49.41,27.18],[49.18,27.44],[49.24,27.49],[48.91,27.63],[48.8,27.72],[48.83,27.8],[48.81,27.9],[48.63,28.13],[48.34,28.76],[48.18,28.98],[48.05,29.36],[48.0,29.39],[47.85,29.37],[47.72,29.39],[47.97,29.62],[48.14,29.57],[48.01,29.84],[47.98,30.01],[48.14,30.04],[48.45,29.94],[48.6,29.98],[48.67,30.03],[48.83,30.04],[48.92,30.12],[48.89,30.33],[48.92,30.4],[49.04,30.45],[49.0,30.51],[49.13,30.51],[49.22,30.47],[49.25,30.41],[49.19,30.38],[49.05,30.4],[49.0,30.37],[49.03,30.33],[49.43,30.13],[49.55,30.03],[49.98,30.21],[50.07,30.2],[50.17,29.92],[50.65,29.42],[50.65,29.21],[50.68,29.15],[50.88,29.06],[50.84,28.93],[50.87,28.87],[51.02,28.78],[51.06,28.73],[51.09,28.51],[51.28,28.22],[51.28,28.13],[51.59,27.86],[52.03,27.82],[52.19,27.72],[52.48,27.62],[52.6,27.49],[52.69,27.32],[52.98,27.14],[53.45,26.94],[53.51,26.85],[53.71,26.73],[53.82,26.71],[54.07,26.73],[54.25,26.7],[54.52,26.59],[54.64,26.51],[54.76,26.51],[54.9,26.56],[55.29,26.79],[55.42,26.77],[55.65,26.98],[55.94,27.04],[56.12,27.14],[56.36,27.2],[56.73,27.13],[56.91,26.99],[57.04,26.8],[57.1,26.37],[57.2,26.16],[57.21,26.04],[57.33,25.79],[57.73,25.72],[57.8,25.65],[57.94,25.69],[58.2,25.59],[58.53,25.59],[58.8,25.55],[59.05,25.42],[59.46,25.48],[59.62,25.4],[59.82,25.4],[59.9,25.36],[60.02,25.38],[60.4,25.31],[60.51,25.44],[60.59,25.41],[60.66,25.28],[61.41,25.1],[61.53,25.2],[61.74,25.14],[61.91,25.13],[62.09,25.16],[62.2,25.22],[62.32,25.13],[62.57,25.25],[62.66,25.26],[63.02,25.22],[63.17,25.25],[63.49,25.21],[63.5,25.3],[63.56,25.35],[63.72,25.39],[63.94,25.34],[64.06,25.4],[64.15,25.33],[64.66,25.18],[64.78,25.31],[65.06,25.31],[65.41,25.37],[65.68,25.36],[65.88,25.42],[66.23,25.46],[66.47,25.45],[66.36,25.51],[66.13,25.49],[66.22,25.59],[66.43,25.58],[66.53,25.48],[66.57,25.38],[66.7,25.23],[66.7,24.86],[67.17,24.76],[67.29,24.37],[67.31,24.17],[67.37,24.09],[67.48,24.02],[67.56,23.88],[67.65,23.92],[67.67,23.81],[67.82,23.83],[67.86,23.9],[67.95,23.83],[68.04,23.85],[68.12,23.75],[68.17,23.86],[68.23,23.6],[68.34,23.62],[68.5,23.75],[68.78,23.85],[68.45,23.63],[68.42,23.57],[68.64,23.19],[68.82,23.05],[69.24,22.85],[69.66,22.76],[70.12,22.95],[70.25,22.97],[70.34,22.94],[70.43,23.08],[70.49,23.09],[70.51,23.0],[70.44,22.97],[70.18,22.57],[70.01,22.55],[69.82,22.45],[69.73,22.47],[69.66,22.4],[69.55,22.41],[69.28,22.29],[69.13,22.42],[69.05,22.44],[68.98,22.39],[68.97,22.29],[69.01,22.2],[69.19,21.99],[69.75,21.51],[70.03,21.18],[70.49,20.84],[70.72,20.74],[70.88,20.71],[71.02,20.74],[71.4,20.87],[72.02,21.16],[72.25,21.53],[72.26,21.66],[72.21,21.73],[72.17,21.77],[72.04,21.82],[72.09,21.92],[72.24,22.03],[72.27,22.09],[72.31,22.19],[72.18,22.27],[72.46,22.25],[72.59,22.28],[72.81,22.23],[72.55,22.16],[72.52,21.98],[72.7,21.97],[72.59,21.88],[72.54,21.7],[72.84,21.69],[73.11,21.75],[72.81,21.62],[72.61,21.46],[72.73,21.47],[72.62,21.37],[72.69,21.18],[72.81,21.12],[72.89,20.67],[72.88,20.56],[72.71,20.08],[72.67,19.83],[72.73,19.58],[72.8,19.52],[72.76,19.45],[72.79,19.36],[72.99,19.28],[72.81,19.3],[72.8,19.08],[72.83,18.98],[72.9,19.01],[72.97,19.15],[73.01,19.02],[72.9,18.78],[72.88,18.64],[72.92,18.58],[72.99,18.1],[73.16,17.62],[73.15,17.53],[73.24,17.2],[73.34,16.46],[73.48,16.05],[73.61,15.87],[73.68,15.71],[73.73,15.66],[73.83,15.66],[73.77,15.57],[73.93,15.4],[73.8,15.4],[73.88,15.31],[73.95,15.07],[74.38,14.49],[74.5,14.05],[74.67,13.67],[74.77,13.08],[74.95,12.56],[75.2,12.06],[75.52,11.7],[75.72,11.36],[75.92,10.78],[76.2,10.2],[76.2,10.09],[76.22,10.02],[76.35,9.92],[76.46,9.54],[76.38,9.54],[76.34,9.83],[76.24,9.93],[76.32,9.45],[76.4,9.24],[76.47,9.16],[76.55,8.9],[77.07,8.32],[77.3,8.15],[77.52,8.08],[77.77,8.19],[78.06,8.38],[78.13,8.51],[78.19,8.89],[78.42,9.11],[78.98,9.27],[79.21,9.26],[79.41,9.19],[79.28,9.28],[79.02,9.33],[78.92,9.45],[78.94,9.57],[79.26,10.04],[79.25,10.17],[79.31,10.26],[79.39,10.31],[79.53,10.33],[79.67,10.3],[79.84,10.32],[79.85,11.2],[79.8,11.34],[79.69,11.31],[79.79,11.45],[79.75,11.58],[79.86,11.99],[79.98,12.24],[80.14,12.45],[80.23,12.69],[80.34,13.36],[80.29,13.44],[80.11,13.53],[80.06,13.61],[80.16,13.71],[80.31,13.49],[80.11,14.21],[80.17,14.35],[80.18,14.48],[80.05,15.07],[80.1,15.32],[80.29,15.71],[80.38,15.79],[80.65,15.9],[80.78,15.87],[80.83,15.77],[80.98,15.76],[81.03,15.88],[81.13,15.96],[81.29,16.34],[81.4,16.37],[81.76,16.33],[82.26,16.56],[82.36,16.78],[82.28,16.94],[82.36,17.1],[82.59,17.27],[82.98,17.46],[83.2,17.61],[83.65,18.07],[84.1,18.29],[84.69,18.96],[84.77,19.13],[85.23,19.51],[85.44,19.63],[85.44,19.66],[85.37,19.68],[85.18,19.59],[85.16,19.62],[85.25,19.76],[85.46,19.9],[85.5,19.89],[85.56,19.87],[85.56,19.75],[85.5,19.7],[85.58,19.69],[86.22,19.9],[86.28,19.92],[86.31,19.99],[86.25,20.05],[86.38,20.01],[86.5,20.17],[86.75,20.31],[86.76,20.42],[86.98,20.7],[86.94,20.75],[86.84,21.11],[86.86,21.24],[87.1,21.5],[87.68,21.65],[87.95,21.83],[88.16,22.12],[87.96,22.26],[87.94,22.37],[87.99,22.27],[88.2,22.14],[88.06,21.69],[88.12,21.64],[88.25,21.62],[88.29,21.76],[88.45,21.61],[88.58,21.66],[88.6,21.71],[88.57,21.83],[88.64,22.12],[88.66,22.07],[88.71,22.06],[88.74,22.01],[88.69,21.73],[88.69,21.66],[88.75,21.58],[88.83,21.66],[88.86,21.74],[88.91,21.65],[89.05,21.65],[89.02,21.83],[88.95,21.94],[89.03,21.94],[89.05,22.09],[89.09,21.87],[89.23,21.72],[89.35,21.72],[89.5,21.91],[89.48,22.28],[89.57,21.77],[89.81,21.98],[89.85,22.09],[89.88,22.39],[89.99,22.47],[89.89,22.31],[89.92,22.12],[89.95,22.02],[90.21,22.16],[90.09,22.02],[90.07,21.89],[90.16,21.82],[90.23,21.83],[90.36,22.05],[90.59,22.26],[90.62,22.36],[90.49,22.59],[90.5,22.63],[90.44,22.75],[90.46,22.88],[90.55,22.9],[90.48,22.99],[90.47,23.05],[90.6,23.13],[90.59,23.27],[90.52,23.35],[90.39,23.37],[90.27,23.46],[90.56,23.42],[90.56,23.54],[90.6,23.59],[90.66,23.27],[90.63,23.09],[90.66,23.03],[90.83,22.72],[90.95,22.6],[91.22,22.64],[91.48,22.88],[91.48,22.8],[91.53,22.71],[91.69,22.5],[91.8,22.3],[91.86,22.35],[91.82,22.23],[91.91,21.88],[92.01,21.68],[92.06,21.17],[92.31,20.79],[92.61,20.47],[92.72,20.3],[92.71,20.56],[92.74,20.56],[92.89,20.34],[92.79,20.21],[92.83,20.18],[92.88,20.15],[92.99,20.29],[93.04,20.41],[93.07,20.38],[93.02,20.19],[93.1,20.18],[93.0,20.07],[93.13,19.86],[93.19,19.85],[93.2,19.9],[93.16,20.04],[93.25,20.07],[93.41,20.04],[93.58,19.91],[93.71,19.91],[93.61,19.78],[93.74,19.7],[93.84,19.53],[94.0,19.44],[93.96,19.33],[93.82,19.24],[93.73,19.27],[93.58,19.4],[93.49,19.37],[93.71,19.03],[93.93,18.9],[93.97,19.0],[93.94,19.15],[94.0,19.18],[94.04,19.29],[94.07,18.89],[94.25,18.74],[94.17,18.73],[94.43,18.2],[94.49,17.82],[94.59,17.57],[94.56,17.31],[94.47,17.14],[94.45,16.95],[94.4,16.87],[94.35,16.64],[94.27,16.52],[94.22,16.02],[94.3,16.01],[94.44,16.09],[94.59,16.29],[94.67,16.34],[94.7,16.51],[94.72,16.4],[94.65,16.06],[94.66,15.9],[94.8,15.97],[94.89,16.18],[94.89,15.98],[94.94,15.82],[95.18,15.83],[95.33,16.03],[95.35,16.1],[95.36,15.99],[95.31,15.88],[95.3,15.76],[95.39,15.72],[95.56,15.84],[95.68,15.98],[95.76,16.17],[96.01,16.25],[96.04,16.34],[96.14,16.34],[96.32,16.44],[96.24,16.57],[96.19,16.77],[96.25,16.77],[96.28,16.6],[96.36,16.52],[96.43,16.5],[96.62,16.56],[96.77,16.71],[96.91,17.03],[96.85,17.2],[96.91,17.3],[96.85,17.4],[97.2,17.1],[97.18,17.06],[97.21,16.89],[97.38,16.52],[97.73,16.57],[97.63,16.46],[97.64,16.25],[97.58,16.02],[97.71,15.88],[97.77,15.43],[97.74,15.31],[97.8,15.18],[97.81,14.86],[97.87,14.74],[97.94,14.76],[98.02,14.65],[97.93,14.7],[97.91,14.65],[98.0,14.34],[98.1,14.16],[98.07,13.99],[98.11,13.71],[98.15,13.65],[98.2,13.98],[98.24,13.93],[98.25,13.73],[98.42,13.48],[98.49,13.29],[98.58,13.16],[98.66,12.66],[98.66,12.54],[98.62,12.44],[98.68,12.35],[98.6,12.25],[98.7,12.23],[98.66,12.13],[98.69,11.96],[98.64,11.91],[98.64,11.74],[98.69,11.72],[98.8,11.78],[98.88,11.72],[98.74,11.59],[98.74,11.24],[98.68,11.13],[98.68,10.99],[98.54,10.74],[98.46,10.68],[98.52,10.35],[98.5,10.18],[98.52,10.11],[98.56,10.03],[98.66,10.18],[98.7,10.19],[98.56,9.84],[98.49,9.56],[98.37,9.29],[98.33,8.97],[98.24,8.77],[98.24,8.42],[98.31,8.23],[98.42,8.18],[98.5,8.32],[98.58,8.34],[98.7,8.26],[98.79,8.06],[98.97,7.96],[99.05,7.89],[99.04,7.77],[99.08,7.72],[99.18,7.72],[99.26,7.62],[99.36,7.37],[99.44,7.33],[99.6,7.36],[99.55,7.22],[99.6,7.16],[99.67,7.15],[99.72,7.11],[99.7,6.88],[99.87,6.75],[100.12,6.44],[100.34,5.98],[100.37,5.78],[100.35,5.59],[100.47,5.04],[100.61,4.65],[100.61,4.37],[100.66,4.23],[100.8,4.02],[100.72,3.97],[100.85,3.78],[101.02,3.62],[101.3,3.25],[101.35,3.01],[101.3,2.89],[101.41,2.81],[101.52,2.68],[101.78,2.57],[101.89,2.45],[102.15,2.25],[102.55,2.04],[102.73,1.86],[103.36,1.55],[103.48,1.33],[103.55,1.33],[103.69,1.45],[103.82,1.48],[103.99,1.45],[103.98,1.62],[104.08,1.53],[104.11,1.41],[104.18,1.36],[104.28,1.42],[104.29,1.48],[104.22,1.72],[103.97,2.26],[103.81,2.58],[103.54,2.77],[103.44,2.93],[103.43,3.38],[103.45,3.52],[103.37,3.67],[103.36,3.77],[103.42,3.98],[103.47,4.39],[103.45,4.67],[103.42,4.85],[103.2,5.26],[102.98,5.52],[102.53,5.86],[102.34,6.17],[102.1,6.24],[101.8,6.47],[101.61,6.75],[101.5,6.87],[101.3,6.91],[101.02,6.86],[100.79,6.99],[100.59,7.18],[100.49,7.16],[100.42,7.19],[100.16,7.6],[100.16,7.73],[100.26,7.77],[100.32,7.72],[100.32,7.64],[100.28,7.55],[100.38,7.54],[100.44,7.28],[100.55,7.23],[100.45,7.44],[100.28,8.27],[100.23,8.42],[100.16,8.51],[100.13,8.43],[99.99,8.59],[99.9,9.11],[99.84,9.29],[99.72,9.31],[99.39,9.21],[99.25,9.27],[99.29,9.41],[99.16,9.73],[99.19,10.18],[99.17,10.32],[99.24,10.39],[99.28,10.57],[99.49,10.89],[99.51,11.1],[99.63,11.46],[99.8,11.75],[99.84,11.94],[99.99,12.17],[100.01,12.35],[99.96,12.69],[100.09,13.05],[100.05,13.17],[99.99,13.24],[100.02,13.35],[100.24,13.48],[100.54,13.51],[100.6,13.57],[100.66,13.52],[100.96,13.43],[100.86,12.71],[100.9,12.65],[100.95,12.62],[101.09,12.67],[101.44,12.62],[101.72,12.69],[102.03,12.53],[102.23,12.33],[102.26,12.39],[102.34,12.25],[102.54,12.11],[102.59,12.2],[102.76,12.01],[102.79,11.89],[102.91,11.7],[102.95,11.77],[103.0,11.71],[103.01,11.59],[103.13,11.46],[103.09,11.21],[103.15,10.91],[103.35,10.92],[103.53,11.15],[103.65,11.06],[103.72,10.89],[103.68,10.76],[103.54,10.67],[103.53,10.6],[103.59,10.55],[103.66,10.51],[103.84,10.58],[103.87,10.66],[103.94,10.59],[104.26,10.54],[104.52,10.34],[104.66,10.17],[104.8,10.2],[104.87,10.11],[105.03,10.07],[105.08,10.0],[105.09,9.9],[104.9,9.82],[104.85,9.61],[104.82,8.8],[104.9,8.75],[104.77,8.6],[104.89,8.58],[105.11,8.63],[105.32,8.8],[105.5,9.09],[106.17,9.4],[106.21,9.5],[106.16,9.59],[105.83,10.0],[105.93,9.96],[106.2,9.68],[106.38,9.56],[106.48,9.56],[106.57,9.64],[106.51,9.82],[106.14,10.22],[106.45,9.94],[106.6,9.86],[106.66,9.9],[106.66,9.99],[106.79,10.12],[106.79,10.15],[106.73,10.19],[106.46,10.3],[106.76,10.3],[106.78,10.38],[106.74,10.44],[106.61,10.46],[106.73,10.54],[106.81,10.43],[106.9,10.38],[106.95,10.4],[107.01,10.66],[107.04,10.56],[107.09,10.5],[107.19,10.47],[107.26,10.4],[107.85,10.7],[108.0,10.72],[108.09,10.9],[108.27,10.93],[108.55,11.16],[108.7,11.2],[108.82,11.32],[108.99,11.34],[109.04,11.59],[109.13,11.6],[109.2,11.72],[109.16,11.84],[109.2,12.0],[109.25,11.91],[109.26,11.95],[109.22,12.07],[109.21,12.42],[109.3,12.39],[109.22,12.65],[109.34,12.75],[109.44,12.6],[109.42,12.96],[109.27,13.28],[109.29,13.45],[109.25,13.59],[109.25,13.85],[109.29,13.77],[109.3,13.86],[109.09,14.55],[109.08,14.72],[108.94,15.0],[108.82,15.38],[108.58,15.58],[108.4,15.87],[108.29,15.99],[108.27,16.09],[108.21,16.09],[108.03,16.33],[107.83,16.32],[107.8,16.4],[107.54,16.61],[107.55,16.64],[107.18,16.9],[107.12,17.06],[106.74,17.37],[106.52,17.66],[106.37,17.75],[106.48,17.72],[106.46,17.87],[106.5,17.95],[106.24,18.22],[106.07,18.32],[105.89,18.5],[105.62,18.97],[105.64,19.06],[105.72,19.13],[105.79,19.29],[105.81,19.59],[105.98,19.94],[106.06,19.99],[106.17,19.99],[106.52,20.29],[106.57,20.39],[106.55,20.53],[106.75,20.74],[106.68,21.0],[106.89,20.95],[107.08,21.0],[107.16,20.95],[107.35,21.06],[107.41,21.28],[107.64,21.37],[107.81,21.5],[108.07,21.53],[108.15,21.57],[108.25,21.56],[108.32,21.69],[108.38,21.68],[108.44,21.61],[108.5,21.63],[108.53,21.67],[108.48,21.9],[108.59,21.9],[108.62,21.77],[108.77,21.63],[109.03,21.63],[109.1,21.59],[109.13,21.54],[109.08,21.44],[109.35,21.45],[109.54,21.54],[109.52,21.69],[109.59,21.67],[109.69,21.52],[109.74,21.53],[109.76,21.56],[109.83,21.48],[109.93,21.48],[109.92,21.38],[109.78,21.34],[109.76,21.23],[109.68,21.13],[109.7,21.05],[109.66,20.92],[109.81,20.71],[109.79,20.62],[109.86,20.51],[109.97,20.45],[109.98,20.4],[109.89,20.41],[109.88,20.36],[109.94,20.3],[110.12,20.26],[110.34,20.29],[110.45,20.36],[110.52,20.46],[110.51,20.52],[110.31,20.67],[110.39,20.79],[110.37,20.84],[110.18,20.86],[110.15,20.94],[110.19,21.04],[110.37,21.17],[110.41,21.34],[110.46,21.23],[110.57,21.21],[110.77,21.39],[111.0,21.43],[111.02,21.51],[111.32,21.49],[111.39,21.54],[111.6,21.56],[111.78,21.72],[111.87,21.72],[111.94,21.85],[112.3,21.74],[112.39,21.8],[112.36,21.98],[112.43,21.96],[112.42,21.88],[112.59,21.78],[112.66,21.86],[112.81,21.94],[112.9,21.88],[112.95,21.91],[112.98,21.94],[113.01,22.12],[113.09,22.21],[113.15,22.07],[113.27,22.09],[113.37,22.16],[113.55,22.22],[113.59,22.35],[113.55,22.4],[113.55,22.59],[113.33,22.91],[113.44,22.94],[113.45,23.06],[113.52,23.1],[113.62,23.13],[113.59,23.02],[113.62,22.86],[113.75,22.73],[113.83,22.61],[113.93,22.53],[114.02,22.51],[113.9,22.43],[113.9,22.4],[113.94,22.36],[114.03,22.38],[114.27,22.3],[114.29,22.37],[114.34,22.4],[114.27,22.54],[114.34,22.59],[114.55,22.53],[114.54,22.62],[114.65,22.76],[114.71,22.74],[114.75,22.63],[114.85,22.62],[114.91,22.68],[115.2,22.82],[115.38,22.72],[115.5,22.72],[115.56,22.82],[115.64,22.85],[115.85,22.8],[116.16,22.89],[116.25,22.98],[116.35,22.94],[116.47,22.95],[116.52,23.01],[116.54,23.18],[116.67,23.23],[116.7,23.28],[116.68,23.33],[116.63,23.35],[116.71,23.36],[116.86,23.45],[116.91,23.65],[117.03,23.62],[117.08,23.58],[117.22,23.65],[117.29,23.71],[117.33,23.71],[117.37,23.59],[117.42,23.62],[117.46,23.74],[117.43,23.79],[117.47,23.84],[117.63,23.84],[117.67,23.94],[117.74,24.01],[117.84,24.01],[118.06,24.25],[118.02,24.38],[117.88,24.4],[117.84,24.47],[118.01,24.48],[118.01,24.56],[118.09,24.63],[118.19,24.63],[118.3,24.57],[118.41,24.6],[118.56,24.58],[118.66,24.62],[118.72,24.75],[118.64,24.84],[118.91,24.93],[118.96,25.0],[118.91,25.13],[118.98,25.21],[119.24,25.21],[119.29,25.23],[119.24,25.31],[119.17,25.36],[119.15,25.41],[119.18,25.45],[119.42,25.46],[119.59,25.37],[119.62,25.39],[119.54,25.59],[119.55,25.7],[119.65,25.92],[119.62,26.0],[119.5,26.01],[119.42,25.95],[119.33,25.95],[119.26,25.97],[119.14,26.12],[119.31,26.06],[119.46,26.05],[119.69,26.24],[119.88,26.33],[119.78,26.55],[119.73,26.61],[119.64,26.62],[119.59,26.78],[119.71,26.73],[119.82,26.85],[119.82,26.74],[119.84,26.69],[119.88,26.68],[119.88,26.61],[119.97,26.59],[120.09,26.67],[120.14,26.89],[120.28,27.1],[120.38,27.16],[120.61,27.41],[120.63,27.48],[120.59,27.58],[120.66,27.64],[120.69,27.74],[120.83,27.89],[120.83,27.94],[120.75,28.01],[120.89,28.0],[120.96,28.04],[121.1,28.29],[121.15,28.33],[121.22,28.35],[121.27,28.22],[121.35,28.23],[121.51,28.32],[121.61,28.29],[121.48,28.64],[121.52,28.71],[121.63,28.77],[121.66,28.85],[121.54,28.93],[121.64,28.92],[121.68,28.95],[121.66,29.01],[121.52,29.12],[121.45,29.13],[121.53,29.24],[121.72,29.26],[121.79,29.23],[121.85,29.13],[121.92,29.14],[121.97,29.49],[121.94,29.61],[121.89,29.63],[121.69,29.51],[121.51,29.48],[121.68,29.58],[121.91,29.78],[122.08,29.87],[121.68,29.98],[121.43,30.23],[121.26,30.3],[121.16,30.3],[120.9,30.16],[120.63,30.13],[120.49,30.3],[120.35,30.25],[120.19,30.24],[120.45,30.39],[120.82,30.35],[120.9,30.39],[121.0,30.56],[121.31,30.7],[121.42,30.79],[121.53,30.84],[121.77,30.87],[121.88,30.92],[121.79,31.16],[121.66,31.32],[121.35,31.49],[121.2,31.63],[121.06,31.72],[120.79,31.82],[120.72,31.98],[120.5,32.02],[120.19,31.91],[120.04,31.94],[120.1,31.98],[120.18,31.97],[120.52,32.11],[120.79,32.03],[120.97,31.87],[121.15,31.84],[121.35,31.86],[121.68,31.71],[121.87,31.7],[121.86,31.82],[121.83,31.9],[121.75,31.99],[121.49,32.12],[121.4,32.21],[121.4,32.37],[121.34,32.43],[120.99,32.57],[120.85,32.66],[120.85,32.76],[120.9,32.84],[120.87,33.02],[120.62,33.49],[120.5,33.64],[120.5,33.72],[120.27,34.27],[119.96,34.45],[119.58,34.58],[119.35,34.75],[119.2,34.75],[119.17,34.85],[119.22,35.01],[119.35,35.11],[119.43,35.3],[119.53,35.36],[119.72,35.59],[119.87,35.64],[119.98,35.74],[120.05,35.86],[120.28,35.98],[120.18,36.02],[120.09,36.12],[120.18,36.2],[120.33,36.23],[120.33,36.11],[120.39,36.05],[120.64,36.13],[120.68,36.17],[120.68,36.34],[120.71,36.41],[120.78,36.46],[120.85,36.43],[120.9,36.44],[120.88,36.54],[120.8,36.61],[120.81,36.63],[121.05,36.61],[121.93,36.96],[122.16,36.96],[122.24,36.85],[122.34,36.83],[122.52,36.95],[122.52,37.0],[122.45,37.07],[122.59,37.18],[122.57,37.32],[122.67,37.4],[122.6,37.43],[122.34,37.41],[122.17,37.46],[122.11,37.52],[122.06,37.53],[121.96,37.45],[121.64,37.46],[121.39,37.58],[121.22,37.6],[121.05,37.73],[120.75,37.83],[120.26,37.68],[120.31,37.62],[120.16,37.5],[119.88,37.35],[119.89,37.25],[119.76,37.16],[119.29,37.14],[119.11,37.2],[118.95,37.33],[118.99,37.64],[119.09,37.7],[119.04,37.78],[119.03,37.9],[118.94,38.04],[118.8,38.13],[118.54,38.09],[118.01,38.18],[117.77,38.31],[117.66,38.42],[117.55,38.69],[117.78,39.13],[117.87,39.19],[118.04,39.23],[118.15,39.2],[118.3,39.07],[118.63,39.18],[118.98,39.18],[119.22,39.41],[119.26,39.56],[119.39,39.75],[119.59,39.9],[120.48,40.23],[120.77,40.59],[121.17,40.9],[121.73,40.85],[121.83,40.97],[121.86,40.84],[122.14,40.69],[122.18,40.6],[122.28,40.54],[122.26,40.5],[122.19,40.36],[121.8,39.95],[121.52,39.84],[121.47,39.75],[121.52,39.64],[121.41,39.62],[121.27,39.54],[121.3,39.45],[121.28,39.38],[121.82,39.39],[121.63,39.22],[121.68,39.11],[121.11,38.92],[121.16,38.73],[121.32,38.81],[121.65,38.87],[121.67,38.89],[121.63,38.95],[121.68,39.0],[121.86,39.0],[121.98,39.05],[122.33,39.37],[122.84,39.6],[122.96,39.62],[123.03,39.67],[123.23,39.69],[123.35,39.76],[123.58,39.79],[123.65,39.88],[123.76,39.82],[124.11,39.84],[124.27,39.92],[124.35,40.01],[124.38,40.0],[124.35,39.91],[124.56,39.79],[124.64,39.62],[124.73,39.65],[124.74,39.74],[124.78,39.76],[125.1,39.59],[125.36,39.53],[125.41,39.29],[125.16,38.87],[125.17,38.81],[125.3,38.74],[125.42,38.75],[125.55,38.69],[125.31,38.67],[125.07,38.56],[124.97,38.48],[124.88,38.34],[124.87,38.23],[124.69,38.13],[125.0,38.08],[125.21,38.08],[125.25,38.06],[124.99,37.93],[125.31,37.84],[125.36,37.72],[125.45,37.73],[125.58,37.82],[125.7,37.96],[125.77,37.99],[125.94,37.87],[126.05,37.87],[126.12,37.74],[126.2,37.83],[126.37,37.88],[126.63,37.78],[126.56,37.72],[126.66,37.55],[126.65,37.45],[126.79,37.29],[126.75,37.19],[126.87,36.98],[126.98,36.94],[126.88,36.86],[126.87,36.82],[126.78,36.95],[126.69,36.96],[126.58,37.02],[126.49,37.01],[126.22,36.87],[126.16,36.77],[126.18,36.69],[126.39,36.65],[126.49,36.69],[126.55,36.48],[126.54,36.17],[126.69,36.01],[126.65,35.92],[126.75,35.87],[126.72,35.77],[126.49,35.65],[126.49,35.61],[126.61,35.57],[126.49,35.5],[126.36,35.22],[126.29,35.15],[126.42,34.82],[126.59,34.82],[126.47,34.76],[126.52,34.7],[126.3,34.72],[126.26,34.67],[126.33,34.59],[126.48,34.49],[126.53,34.31],[126.58,34.32],[126.61,34.4],[126.75,34.51],[126.83,34.45],[126.9,34.44],[127.03,34.61],[127.25,34.76],[127.26,34.66],[127.17,34.55],[127.32,34.46],[127.48,34.63],[127.39,34.74],[127.4,34.82],[127.52,34.84],[127.63,34.69],[127.72,34.72],[127.74,34.78],[127.64,34.89],[127.71,34.95],[127.87,34.97],[128.04,35.02],[128.09,34.93],[128.44,34.87],[128.42,35.02],[128.51,35.1],[128.98,35.1],[129.21,35.18],[129.42,35.5],[129.56,35.95],[129.57,36.05],[129.46,36.01],[129.4,36.05],[129.39,36.32],[129.45,36.47],[129.43,36.64],[129.47,36.74],[129.42,37.06],[129.34,37.27],[129.05,37.68],[128.62,38.18],[128.33,38.68],[127.97,38.9],[127.79,39.08],[127.39,39.21],[127.38,39.3],[127.42,39.37],[127.46,39.4],[127.52,39.38],[127.55,39.46],[127.53,39.7],[127.57,39.78],[127.87,39.9],[127.97,40.0],[128.11,40.03],[128.3,40.04],[128.51,40.13],[128.61,40.2],[128.7,40.32],[129.11,40.49],[129.25,40.66],[129.34,40.73],[129.71,40.86],[129.74,40.93],[129.71,41.12],[129.77,41.3],[129.76,41.39],[129.68,41.49],[129.69,41.59],[129.76,41.71],[129.88,41.81],[130.01,41.99],[130.18,42.1],[130.24,42.18],[130.46,42.3],[130.64,42.27],[130.73,42.33],[130.83,42.52],[130.71,42.66],[130.76,42.67],[131.16,42.63],[131.29,42.77],[131.39,42.82],[131.52,43.0],[131.79,43.26],[131.94,43.3],[132.01,43.28],[131.9,43.17],[131.87,43.1],[131.95,43.1],[132.03,43.12],[132.31,43.31],[132.33,43.24],[132.3,42.88],[132.48,42.91],[132.58,42.87],[132.71,42.88],[132.86,42.79],[133.0,42.81],[133.06,42.72],[133.16,42.7],[133.59,42.83],[133.71,42.83],[134.01,42.95],[135.13,43.53],[135.26,43.68],[135.48,43.84],[135.53,43.97],[135.87,44.37],[136.14,44.49],[136.25,44.67],[136.46,44.82],[136.8,45.17],[137.15,45.39],[137.43,45.64],[137.69,45.82],[138.11,46.25],[138.21,46.46],[138.34,46.54],[138.39,46.75],[138.59,47.06],[139.0,47.38],[139.37,47.89],[140.11,48.42],[140.17,48.52],[140.22,48.77],[140.38,48.96],[140.31,49.05],[140.52,49.6],[140.51,49.76],[140.46,49.83],[140.46,49.91],[140.62,50.08],[140.54,50.13],[140.48,50.55],[140.52,50.8],[140.67,51.05],[140.69,51.23],[140.84,51.41],[140.93,51.62],[141.13,51.73],[141.26,51.86],[141.37,51.92],[141.39,52.06],[141.49,52.18],[141.17,52.37],[141.13,52.44],[141.25,52.55],[141.26,52.84],[141.09,52.9],[140.84,53.09],[141.18,53.02],[141.33,53.1],[141.4,53.18],[141.37,53.29],[141.22,53.33],[141.02,53.45],[141.01,53.49],[140.69,53.6],[140.35,53.81],[140.24,54.0],[140.18,54.05],[139.8,54.26],[139.71,54.28],[139.32,54.19],[138.7,54.32],[138.66,54.3],[138.72,54.22],[138.72,54.04],[138.66,53.74],[138.45,53.54],[138.25,53.52],[138.29,53.59],[138.57,53.82],[138.57,53.95],[138.53,53.96],[138.38,53.91],[138.25,53.73],[137.95,53.6],[137.74,53.56],[137.25,53.55],[137.22,53.58],[137.52,53.71],[137.64,53.87],[137.79,53.9],[137.83,53.95],[137.62,53.97],[137.34,54.1],[137.51,54.16],[137.67,54.28],[137.38,54.28],[137.14,54.18],[137.1,54.13],[137.26,54.03],[137.16,53.82],[137.02,53.85],[136.89,53.84],[136.8,53.78],[136.72,53.8],[136.68,53.93],[136.77,54.35],[136.82,54.45],[136.8,54.62],[135.85,54.58],[135.26,54.73],[135.21,54.84],[135.26,54.94],[135.54,55.11],[135.75,55.16],[136.18,55.35],[136.46,55.58],[136.79,55.69],[137.38,55.97],[137.57,56.11],[137.69,56.14],[138.07,56.43],[138.22,56.63],[138.66,56.97],[138.97,57.09],[139.18,57.26],[139.44,57.33],[139.62,57.46],[139.8,57.51],[140.0,57.69],[140.45,57.81],[140.68,58.21],[140.79,58.3],[140.99,58.42],[141.35,58.53],[141.6,58.65],[141.75,58.75],[142.03,59.0],[142.58,59.24],[143.19,59.37],[143.52,59.34],[143.87,59.41],[144.48,59.38],[145.55,59.41],[145.76,59.37],[145.83,59.33],[145.93,59.2],[146.05,59.17],[146.27,59.22],[146.44,59.43],[146.54,59.46],[146.8,59.37],[147.04,59.37],[147.51,59.27],[147.69,59.29],[147.87,59.39],[148.26,59.41],[148.49,59.26],[148.73,59.26],[148.91,59.28],[148.96,59.37],[148.89,59.4],[148.74,59.37],[148.71,59.45],[148.8,59.53],[148.93,59.48],[149.2,59.49],[149.07,59.63],[149.42,59.76],[149.64,59.77],[150.67,59.56],[150.48,59.49],[150.62,59.51],[150.82,59.46],[151.03,59.59],[151.35,59.56],[151.49,59.52],[151.8,59.32],[151.94,59.28],[152.17,59.28],[152.26,59.22],[151.99,59.16],[151.5,59.16],[151.12,59.08],[151.33,58.88],[151.7,58.87],[152.09,58.91],[152.17,59.0],[152.32,59.03],[152.58,58.95],[152.82,58.93],[152.88,58.94],[153.08,59.08],[153.27,59.09],[153.36,59.21],[153.7,59.22],[154.01,59.08],[154.25,59.11],[154.46,59.22],[154.7,59.14],[154.82,59.19],[155.16,59.19],[155.17,59.36],[154.97,59.45],[154.58,59.54],[154.27,59.48],[154.15,59.53],[154.27,59.66],[154.29,59.83],[154.44,59.88],[154.58,60.1],[154.97,60.38],[155.72,60.68],[155.85,60.78],[156.06,61.0],[156.63,61.27],[156.68,61.48],[157.08,61.68],[157.47,61.8],[157.8,61.8],[158.07,61.75],[158.33,61.83],[158.55,61.81],[159.19,61.93],[159.3,61.91],[159.55,61.72],[160.18,61.9],[160.31,61.89],[160.32,61.79],[160.25,61.65],[159.88,61.29],[159.95,61.13],[159.79,60.96],[159.88,60.94],[160.0,61.01],[160.18,61.05],[160.38,61.03],[160.23,60.83],[160.17,60.64],[160.48,60.74],[160.77,60.75],[161.04,60.96],[162.39,61.66],[162.7,61.65],[162.75,61.71],[162.86,61.71],[162.92,61.6],[162.99,61.54],[163.09,61.57],[163.26,61.7],[163.01,61.79],[163.02,61.89],[163.13,62.05],[163.12,62.15],[163.16,62.26],[163.3,62.37],[163.24,62.46],[163.33,62.55],[164.42,62.7],[164.57,62.68],[164.79,62.57],[165.04,62.52],[165.4,62.49],[165.42,62.45],[165.21,62.45],[165.21,62.37],[165.12,62.41],[164.6,62.47],[164.21,62.29],[164.07,62.05],[164.07,61.87],[164.02,61.71],[163.88,61.64],[163.8,61.46],[163.97,61.42],[164.01,61.34],[163.89,61.24],[163.62,61.11],[163.55,61.03],[163.71,60.92],[163.35,60.8],[162.97,60.78],[162.71,60.66],[162.07,60.47],[161.75,60.15],[161.45,60.03],[161.22,59.85],[160.86,59.63],[160.55,59.55],[160.35,59.39],[159.85,59.13],[159.59,58.8],[159.21,58.52],[158.45,58.16],[158.32,58.08],[158.28,58.01],[158.21,58.03],[157.97,57.99],[157.67,58.02],[157.45,57.8],[157.22,57.78],[156.99,57.83],[156.87,57.8],[156.79,57.75],[156.95,57.62],[156.98,57.47],[156.85,57.29],[156.73,57.15],[156.07,56.78],[155.98,56.7],[155.72,56.07],[155.55,55.35],[155.56,55.2],[155.71,54.52],[155.95,53.74],[156.11,52.87],[156.23,52.63],[156.36,52.51],[156.49,51.91],[156.52,51.38],[156.54,51.31],[156.67,51.23],[156.75,50.97],[157.2,51.21],[157.49,51.41],[157.53,51.48],[157.82,51.61],[158.1,51.81],[158.33,52.09],[158.49,52.38],[158.48,52.63],[158.61,52.87],[158.56,52.92],[158.43,52.96],[158.47,53.03],[158.56,53.05],[158.75,52.91],[158.95,53.05],[159.59,53.24],[159.77,53.23],[159.95,53.13],[160.03,53.13],[160.0,53.27],[159.9,53.38],[159.9,53.45],[159.96,53.55],[159.87,53.67],[159.84,53.78],[159.92,54.01],[160.07,54.19],[160.77,54.54],[161.13,54.6],[161.29,54.52],[161.62,54.52],[161.73,54.53],[162.11,54.75],[162.08,54.89],[161.78,55.21],[161.73,55.36],[161.72,55.5],[161.78,55.65],[162.08,56.09],[162.53,56.26],[162.49,56.4],[162.67,56.49],[162.88,56.48],[163.04,56.52],[162.89,56.4],[162.71,56.33],[162.63,56.23],[162.84,56.07],[163.05,56.04],[163.34,56.23],[163.24,56.56],[163.26,56.69],[163.05,56.74],[162.92,56.72],[162.8,56.81],[162.81,57.1],[162.76,57.24],[162.78,57.36],[163.19,57.64],[163.23,57.79],[163.15,57.84],[162.65,57.95],[162.52,57.9],[162.47,57.77],[162.39,57.72],[162.41,57.78],[162.2,57.83],[162.04,57.92],[161.96,58.08],[162.14,58.45],[162.45,58.71],[162.97,58.99],[163.0,59.02],[162.94,59.11],[163.01,59.15],[163.08,59.13],[163.27,59.3],[163.27,59.52],[163.32,59.71],[163.41,59.83],[163.49,59.89],[163.78,60.04],[164.14,59.98],[164.11,59.9],[164.44,60.07],[164.67,60.0],[164.78,59.87],[164.95,59.84],[165.02,59.86],[165.07,59.95],[165.08,60.1],[165.29,60.13],[165.42,60.21],[165.94,60.36],[166.18,60.48],[166.35,60.48],[166.14,59.98],[166.19,59.85],[166.27,59.86],[166.45,59.95],[166.96,60.31],[167.23,60.41],[168.14,60.57],[168.46,60.59],[168.67,60.56],[169.23,60.6],[169.62,60.44],[169.89,60.22],[169.9,60.15],[169.98,60.07],[170.15,59.99],[170.35,59.97],[170.42,60.05],[170.51,60.26],[170.59,60.34],[170.61,60.43],[170.95,60.52],[171.73,60.84],[171.92,60.86],[172.39,61.06],[172.36,61.12],[172.4,61.17],[172.58,61.19],[172.7,61.25],[172.69,61.3],[172.73,61.31],[172.91,61.31],[172.81,61.44],[172.86,61.47],[173.13,61.41],[173.62,61.72],[173.82,61.68],[174.14,61.8],[174.51,61.82],[174.72,61.95],[174.8,61.94],[175.19,62.03],[175.27,62.1],[176.33,62.35],[176.7,62.51],[177.16,62.56],[177.19,62.59],[176.96,62.66],[177.02,62.78],[177.26,62.75],[177.34,62.78],[177.36,62.74],[177.29,62.6],[178.02,62.55],[179.12,62.32],[179.18,62.47],[179.48,62.61],[179.57,62.69],[179.57,62.77],[179.51,62.86],[179.38,62.88],[179.26,63.01],[179.41,63.08],[179.39,63.15],[179.33,63.19],[179.03,63.28],[178.92,63.35],[178.92,63.4],[178.79,63.54],[178.79,63.44],[178.74,63.39],[178.68,63.4],[178.71,63.52],[178.65,63.56],[178.47,63.57],[178.44,63.61],[178.73,63.67],[178.69,63.84],[178.65,63.97],[178.45,64.01],[178.48,64.13],[178.38,64.26],[178.23,64.36],[178.13,64.24],[178.04,64.22],[177.69,64.3],[177.43,64.44],[177.41,64.57],[177.47,64.74],[177.39,64.77],[177.05,64.72],[176.84,64.63],[176.73,64.62],[176.51,64.68],[176.14,64.59],[176.35,64.71],[176.25,64.84],[176.06,64.9],[175.68,64.78],[174.55,64.68],[175.1,64.78],[175.4,64.78],[175.78,64.84],[176.06,64.96],[176.43,64.86],[176.83,64.85],[177.07,64.79],[177.22,64.86],[177.04,65.0],[176.34,65.05],[176.41,65.07],[176.62,65.04],[176.88,65.08],[177.18,65.01],[177.58,64.78],[177.75,64.72],[178.29,64.67],[178.52,64.6],[178.7,64.63],[179.15,64.78],[179.45,64.82],[179.83,65.03],[180,65.07]],[[-78.84,-33.59],[-78.89,-33.58],[-78.99,-33.66],[-78.77,-33.64],[-78.84,-33.59]],[[-165.82,66.33],[-166.15,66.22],[-165.82,66.33]]]}}